sample_index,sample_name,layout,rig_id,strict_roi_surface_recall,strict_roi_surface_precision,strict_roi_surface_f2,strict_roi_false_empty_rate,strict_roi_overfill_ratio,strict_roi_surface_iou_weighted,strict_roi_surface_iou_unweighted,strict_roi_filled_iou_weighted,strict_roi_filled_iou_unweighted,strict_roi_robert_loss,strict_roi_robert_coverage,strict_roi_robert_overfill,strict_roi_gt_surface_voxels,strict_roi_reconstruction_voxels,visible_gt_surface_voxels,distance_gt_surface_voxels,distance_reconstruction_voxels,gt_to_reconstruction_median_cm,gt_to_reconstruction_p95_cm,reconstruction_to_gt_median_cm,reconstruction_to_gt_p95_cm,visible_gt_recall_at_5cm,surface_precision_at_5cm,surface_f1_at_5cm,surface_f2_at_5cm,visible_gt_recall_at_10cm,surface_precision_at_10cm,surface_f1_at_10cm,surface_f2_at_10cm,visible_gt_recall_at_15cm,surface_precision_at_15cm,surface_f1_at_15cm,surface_f2_at_15cm,free_volume_voxels_total,certified_free_volume_fraction,single_view_certified_free_volume_fraction,redundantly_certified_free_volume_fraction,unknown_free_volume_fraction,roi_certified_free_volume_fraction,roi_single_view_certified_free_volume_fraction,roi_redundantly_certified_free_volume_fraction,roi_unknown_free_volume_fraction,roi_visible_1plus,roi_visible_2plus,roi_visible_3plus,visible_by_at_least_1_camera,visible_by_at_least_2_cameras,visible_by_at_least_3_cameras,redundant_coverage_fraction,single_view_risk_fraction,blind_surface_fraction,observable_surface_fraction,redundant_surface_fraction,strong_redundancy_fraction,single_view_surface_fraction,strict_missed_surface_fraction,strict_extra_surface_fraction,navigation_visibility_score,headline_threshold_cm,mean_view_diversity_deg,metric_scope,num_depth_cameras,raw_depth_mb_per_sample,reconstruction_voxels_total,gt_props_voxels_total,gt_surface_voxels_total,roi_x_min,roi_x_max,roi_y_min,roi_y_max,roi_z_min,roi_z_max
0,sample_0000,C1_standard_cath,4CamClassic,0.05255222916217962,0.03231106243154436,0.04670107935420414,0.9474477708378204,0.9514322636226578,0.00942347175722142,0.004965893587994543,0.01107766042630942,0.005773928492116367,9.960869551889289,0.10098776564329925,0.9707472085521954,9286,9130,8493,9286,9130,71.58910638314256,157.78147774003992,142.214628652442,255.0000037997961,0.008595313787825267,0.009967141292442498,0.009230536220093335,0.008838614326671353,0.023666548922642177,0.03231106243154436,0.027321327983799343,0.02500449106720408,0.0340280230778288,0.04238773274917853,0.037750611312964734,0.03542534037378307,545797,0.8762671835865716,0.2663059709012692,0.6099612126853025,0.12373281641342844,0.8762671835865716,0.2663059709012692,0.6099612126853025,0.12373281641342844,0.9146026276114582,0.6044583243592505,0.09541244884772776,0.9146026276114582,0.6044583243592505,0.09541244884772776,0.6044583243592505,0.3101443032522076,0.08539737238854189,0.9146026276114582,0.6044583243592505,0.09541244884772776,0.3101443032522076,0.9474477708378204,0.9676889375684556,59.26843290790275,10.0,102.91307746780029,roi,4,4.9152,12252,32125,14215,-4.0,4.0,0.0,2.35,-2.0,2.0
4,sample_0004,C1_standard_cath,4CamClassic,0.042366839800387,0.02173460898502496,0.03560669476629421,0.957633160199613,0.9580405336592321,0.005900031523543742,0.0030450041288191576,0.008407603922822578,0.004326123128119801,10.171230760370335,0.08404670377265122,1.0116977983221451,9819,9616,8926,9819,9616,83.81527432014595,130.83863648847063,139.73188820698857,238.3799523733424,0.004369258346403764,0.006135607321131447,0.00510393075866903,0.004636196586018472,0.014452162222720144,0.02173460898502496,0.01736060358055607,0.015490198331533108,0.023974904772574503,0.033277870216306155,0.027870571151354134,0.025394745898273875,544983,0.881324738569827,0.26728907140222724,0.6140356671675997,0.11867526143017305,0.881324738569827,0.26728907140222724,0.6140356671675997,0.11867526143017305,0.9090538751400347,0.5949689377737041,0.09114981158977492,0.9090538751400347,0.5949689377737041,0.09114981158977492,0.5949689377737041,0.3140849373663306,0.09094612485996538,0.9090538751400347,0.5949689377737041,0.09114981158977492,0.3140849373663306,0.957633160199613,0.978265391014975,58.8517689498881,10.0,102.53061923719555,roi,4,4.9152,12769,33097,14737,-4.0,4.0,0.0,2.35,-2.0,2.0
8,sample_0008,C1_standard_cath,4CamClassic,0.051864194959383464,0.03311886931758253,0.04659017438690474,0.9481358050406166,0.9546969381378879,0.008775977408007571,0.0046856902179635675,0.01158197390648471,0.006148877364057017,10.029714658943417,0.0995860504905508,1.0255751640757713,9602,9481,8781,9602,9481,84.85281500679116,163.78339598215476,128.16005808949663,241.29857383590198,0.008313403940325703,0.009387195443518617,0.008817729377004415,0.008508049319185815,0.027217856736134836,0.03311886931758253,0.02987979956175285,0.02822361515453864,0.038150552328891925,0.044404598671026266,0.0410406847961337,0.03925634315535659,545597,0.8968964272164254,0.2714421083693642,0.6254543188470612,0.1031035727835747,0.8968964272164254,0.2714421083693642,0.6254543188470612,0.1031035727835747,0.9144969797958759,0.6104978129556342,0.10216621537179754,0.9144969797958759,0.6104978129556342,0.10216621537179754,0.6104978129556342,0.30399916684024164,0.08550302020412415,0.9144969797958759,0.6104978129556342,0.10216621537179754,0.30399916684024164,0.9481358050406166,0.9668811306824174,60.05146641167084,10.0,102.83546001443911,roi,4,4.9152,12712,32829,14741,-4.0,4.0,0.0,2.35,-2.0,2.0
12,sample_0012,C1_standard_cath,4CamClassic,0.04097235836110567,0.016867950893302727,0.03186523444371931,0.9590276416388943,0.9654969613801215,0.005534641775196614,0.0028268200753818686,0.005944586750280272,0.0030448530272865677,10.226980913950658,0.08376222638251762,1.0646031780027196,10202,10019,9408,10202,10019,74.41433404153459,147.10964958874317,131.33925732274437,251.25186896542272,0.00467687074829932,0.005689190537977842,0.005133600520728857,0.004849450472956773,0.015412414965986394,0.016867950893302727,0.016107367551328473,0.01568307353169504,0.023278061224489797,0.027447849086735202,0.025191572023112247,0.024007489140722038,544601,0.8901893312718853,0.2803410203066098,0.6098483109652755,0.10981066872811471,0.8901893312718853,0.2803410203066098,0.6098483109652755,0.10981066872811471,0.922172123113115,0.6756518329739267,0.1353656145853754,0.922172123113115,0.6756518329739267,0.1353656145853754,0.6756518329739267,0.24652029013918839,0.07782787688688493,0.922172123113115,0.6756518329739267,0.1353656145853754,0.24652029013918839,0.9590276416388943,0.9831320491066973,62.84818688525523,10.0,102.60158988564845,roi,4,4.9152,12904,32615,14544,-4.0,4.0,0.0,2.35,-2.0,2.0
16,sample_0016,C1_standard_cath,4CamClassic,0.053841438496117694,0.03718430951101558,0.04941430035359265,0.9461585615038823,0.9153044544340008,0.012273786786715254,0.006271740276167387,0.012469193672572506,0.0063647714468435,9.883690234147538,0.10546439717590828,0.938334206125036,9788,9305,9031,9788,9305,65.76473316980041,132.8062434936581,135.83077909609756,243.3618740991336,0.011405160004429189,0.012788823213326169,0.012057425493235959,0.011657410420927912,0.028236075739120806,0.03718430951101558,0.03209822062788165,0.029663765604408216,0.04085926254013952,0.047501343363782915,0.04393065981508763,0.04203480215024954,545058,0.8804494200617181,0.2971518627375435,0.5832975573241747,0.1195505799382818,0.8804494200617181,0.2971518627375435,0.5832975573241747,0.1195505799382818,0.9226604004903964,0.6122803432774826,0.12576624438087455,0.9226604004903964,0.6122803432774826,0.12576624438087455,0.6122803432774826,0.3103800572129138,0.07733959950960359,0.9226604004903964,0.6122803432774826,0.12576624438087455,0.3103800572129138,0.9461585615038823,0.9628156904889844,59.95230247261711,10.0,104.18157662716581,roi,4,4.9152,12344,33140,14845,-4.0,4.0,0.0,2.35,-2.0,2.0
20,sample_0020,C1_standard_cath,4CamClassic,0.040480206369679535,0.017250337732515848,0.031891089631063865,0.9595197936303205,0.9382875285246552,0.005916754337976585,0.003054678749618165,0.006264996488193077,0.003239835381337381,10.177146286566513,0.08013361587532297,0.9784824455428716,10079,9623,9224,10079,9623,84.26136839907934,181.1663610359456,144.30869904698525,236.69601109793788,0.005203816131830009,0.006235061831029824,0.005672954190894908,0.00538184166621818,0.01702081526452732,0.017250337732515848,0.01713480791388546,0.01706622983264984,0.024392888117953166,0.024524576535383976,0.024458555070555565,0.024419112540469738,543786,0.8798203705134006,0.3003387361940175,0.579481634319383,0.1201796294865995,0.8798203705134006,0.3003387361940175,0.579481634319383,0.1201796294865995,0.9151701557694216,0.627840063498363,0.10080365115586863,0.9151701557694216,0.627840063498363,0.10080365115586863,0.627840063498363,0.28733009227105866,0.08482984423057843,0.9151701557694216,0.627840063498363,0.10080365115586863,0.28733009227105866,0.9595197936303205,0.9827496622674842,59.784306580873256,10.0,104.7775550171076,roi,4,4.9152,12227,32596,14342,-4.0,4.0,0.0,2.35,-2.0,2.0
24,sample_0024,C1_standard_cath,4CamClassic,0.055310415597742434,0.03376187814421464,0.04904927074547792,0.9446895844022576,0.8869163673678809,0.010464070269122733,0.005433320781107106,0.011540636413115285,0.006027328094922528,9.855734560861036,0.1077857569142775,0.9335921302222129,9745,8945,8967,9745,8945,74.33034484420097,193.0673486400059,132.7591824517835,233.93375479167625,0.008252481320397012,0.011291224147568474,0.009535614064073866,0.00872193844089924,0.0274339243894279,0.03376187814421464,0.030270730145070677,0.028502357855366763,0.04260064681610349,0.042593627724986025,0.04259713698139598,0.04259924281281564,545731,0.8865869814982107,0.283265931383777,0.6033210501144337,0.11341301850178934,0.8865869814982107,0.283265931383777,0.6033210501144337,0.11341301850178934,0.9201641867624423,0.5901487942534633,0.11216008209338123,0.9201641867624423,0.5901487942534633,0.11216008209338123,0.5901487942534633,0.330015392508979,0.07983581323755772,0.9201641867624423,0.5901487942534633,0.11216008209338123,0.330015392508979,0.9446895844022576,0.9662381218557854,59.2173787426863,10.0,104.7476302179061,roi,4,4.9152,12017,32448,14650,-4.0,4.0,0.0,2.35,-2.0,2.0
28,sample_0028,C1_standard_cath,4CamClassic,0.04480160723254646,0.025821089023336213,0.03905928228303143,0.9551983927674536,0.9057759919638373,0.0077026395585408506,0.004076726075367167,0.010804282613750426,0.005662617590647547,10.105082493370283,0.08644352419465662,0.9695177355410065,9955,9256,8895,9955,9256,61.237244482085494,125.39936390844065,139.01438981605426,245.81497472856557,0.007195053400786959,0.008426966292134831,0.007762437081808809,0.007411753806244403,0.022934232715008433,0.025821089023336213,0.024292193898103425,0.023458781713813253,0.0388982574480045,0.036084701815038894,0.03743869366936713,0.03830098521200963,545112,0.884060523341992,0.31211934428154214,0.57194117906045,0.1159394766580079,0.884060523341992,0.31211934428154214,0.57194117906045,0.1159394766580079,0.8935208437970869,0.5460572576594676,0.09251632345554997,0.8935208437970869,0.5460572576594676,0.09251632345554997,0.5460572576594676,0.3474635861376193,0.10647915620291311,0.8935208437970869,0.5460572576594676,0.09251632345554997,0.3474635861376193,0.9551983927674536,0.9741789109766638,56.25247028246076,10.0,105.89347197504381,roi,4,4.9152,12211,32850,14590,-4.0,4.0,0.0,2.35,-2.0,2.0
32,sample_0032,C1_standard_cath,4CamClassic,0.04482829529097265,0.02661839863713799,0.039432998343379946,0.9551717047090273,0.9399547604359448,0.009228797080066149,0.004782677248121091,0.010542322696217334,0.005409370129274778,10.109352917908193,0.08905026336803912,0.9998555518160006,9726,9392,8895,9726,9392,72.4568848106389,142.91606140917978,129.90381250338342,266.92696027830436,0.008544125913434513,0.009689097103918229,0.009080661774891233,0.008750947724095626,0.0209106239460371,0.02661839863713799,0.023421787097466364,0.02184757776610068,0.03024170882518269,0.04035349233390119,0.03457341420392145,0.03183726610534531,544878,0.8771137759278222,0.31290674242674504,0.5642070335010773,0.12288622407217763,0.8771137759278222,0.31290674242674504,0.5642070335010773,0.12288622407217763,0.9145589142504627,0.5788607855233395,0.09747069710055521,0.9145589142504627,0.5788607855233395,0.09747069710055521,0.5788607855233395,0.3356981287271232,0.08544108574953732,0.9145589142504627,0.5788607855233395,0.09747069710055521,0.3356981287271232,0.9551717047090273,0.973381601362862,57.73496298213162,10.0,103.73522020320719,roi,4,4.9152,12395,32732,14630,-4.0,4.0,0.0,2.35,-2.0,2.0
36,sample_0036,C1_standard_cath,4CamClassic,0.04508074903398395,0.022281005188727235,0.03742208286329615,0.954919250966016,0.9521450510254632,0.006852047779980941,0.0035766460127953253,0.008337522147210067,0.004306911708309979,10.130652327331422,0.08827424124645145,1.0133947400177112,10093,9829,9276,10093,9829,75.49834547772049,160.19518157714992,132.7591824517835,240.83189516452074,0.005821474773609315,0.007223522230135314,0.006447154020390765,0.006056584995971756,0.018973695558430356,0.022281005188727235,0.020494780062892345,0.019554206305399523,0.02996981457524795,0.03153932241326687,0.030734544194013506,0.030271093838142877,544053,0.879445568722165,0.2954087193710907,0.5840368493510742,0.12055443127783506,0.879445568722165,0.2954087193710907,0.5840368493510742,0.12055443127783506,0.9190528088774398,0.6240959080550876,0.09006241949866244,0.9190528088774398,0.6240959080550876,0.09006241949866244,0.6240959080550876,0.29495690082235215,0.08094719112256019,0.9190528088774398,0.6240959080550876,0.09006241949866244,0.29495690082235215,0.954919250966016,0.9777189948112728,59.58066977693788,10.0,104.30408595408956,roi,4,4.9152,12828,32923,14657,-4.0,4.0,0.0,2.35,-2.0,2.0
1,sample_0001,N1_mirrored_head,4CamClassic,0.04309315286624204,0.02552415679124886,0.037878574860798424,0.956906847133758,0.9575039808917197,0.006793652753396328,0.003475720330445295,0.014518350467102108,0.00724253665430136,10.18411467809604,0.08587517598130767,1.0428664381404842,10048,9873,9062,10048,9873,64.03124332846835,150.7481365631356,99.62429571037404,233.95512592405873,0.00640035312293092,0.006988757216651474,0.006681626029290967,0.006509971871455872,0.02339439417347164,0.02552415679124886,0.024412913839193914,0.023791430596036257,0.04105054071948797,0.04132482528106959,0.041187226358782816,0.04110510596394529,544256,0.8760197407102541,0.279849923565381,0.596169817144873,0.123980259289746,0.8760197407102541,0.279849923565381,0.596169817144873,0.123980259289746,0.9018710191082803,0.6813296178343949,0.09972133757961783,0.9018710191082803,0.6813296178343949,0.09972133757961783,0.6813296178343949,0.22054140127388536,0.09812898089171974,0.9018710191082803,0.6813296178343949,0.09972133757961783,0.22054140127388536,0.956906847133758,0.9744758432087511,61.58112842223742,10.0,105.38468924722532,roi,4,4.9152,12825,32435,14313,-4.0,4.0,0.0,2.35,-2.0,2.0
5,sample_0005,N1_mirrored_head,4CamClassic,0.05568937277194335,0.03871879415920867,0.05120105372121166,0.9443106272280567,0.9831390307351383,0.01292099283523613,0.006520279988493623,0.02200756567933289,0.010876355994774805,9.930611185449978,0.11243725598812959,1.0549837455500215,10379,10615,9583,10379,10615,65.19202502346334,151.0546097475305,119.26860619600632,256.75864535535726,0.01273087759574246,0.012812058407913331,0.012771338996997287,0.01274703135222709,0.03287070854638422,0.03871879415920867,0.03555588878187198,0.03389459632717825,0.04810602107899405,0.05350918511540273,0.05066395244343458,0.04909755989357421,543199,0.8521296983241868,0.27464888558336814,0.5774808127408187,0.1478703016758131,0.8521296983241868,0.27464888558336814,0.5774808127408187,0.1478703016758131,0.9233066769438288,0.6788707968012333,0.10290008671355622,0.9233066769438288,0.6788707968012333,0.10290008671355622,0.6788707968012333,0.24443588014259562,0.07669332305617112,0.9233066769438288,0.6788707968012333,0.10290008671355622,0.24443588014259562,0.9443106272280567,0.9612812058407914,61.46812233554502,10.0,105.96723473143227,roi,4,4.9152,13475,32896,14602,-4.0,4.0,0.0,2.35,-2.0,2.0
9,sample_0009,N1_mirrored_head,4CamClassic,0.04464193448382763,0.026954177897574125,0.03946272234320876,0.9553580655161724,0.9699286969101995,0.004501372637356802,0.002386263422731753,0.01078323595735652,0.005357090005031521,10.194051024009692,0.08308831750935275,1.024934199348619,9677,9646,8691,9677,9646,55.000000819563866,148.49242626188453,99.37303605253256,262.52381154631917,0.004602462317339777,0.004768816089570807,0.0046841626931898896,0.004634798063863487,0.03129674375791048,0.026954177897574125,0.028963593189296248,0.030319784551178012,0.054999424692210336,0.04882852996060543,0.05173059732091763,0.053643542569629055,545008,0.8806641370401902,0.2802839591345448,0.6003801779056455,0.11933586295980976,0.8806641370401902,0.2802839591345448,0.6003801779056455,0.11933586295980976,0.8981089180531157,0.6620853570321381,0.10778133719127829,0.8981089180531157,0.6620853570321381,0.10778133719127829,0.6620853570321381,0.23602356102097757,0.10189108194688437,0.8981089180531157,0.6620853570321381,0.10778133719127829,0.23602356102097757,0.9553580655161724,0.9730458221024259,61.10313663999929,10.0,103.62346872867282,roi,4,4.9152,12499,32621,14178,-4.0,4.0,0.0,2.35,-2.0,2.0
13,sample_0013,N1_mirrored_head,4CamClassic,0.08272458045409674,0.07559263404212026,0.08119252447809203,0.9172754195459033,0.8969397828232971,0.014259399123431958,0.009049544994944389,0.02440351411362451,0.014179787894006085,9.561692983412533,0.1368267984393644,0.9299609680197869,10130,9829,9025,10130,9829,50.99019589574097,141.24447102296193,109.65856263134643,246.27221079023687,0.01772853185595568,0.018211415199918608,0.017966729556493415,0.017823048986002933,0.06260387811634349,0.07559263404212026,0.06848786520226839,0.06483183290175945,0.10049861495844875,0.11689897242852783,0.10808017660491041,0.103399916057139,544266,0.8765383103115021,0.2833063244810442,0.5932319858304579,0.1234616896884979,0.8765383103115021,0.2833063244810442,0.5932319858304579,0.1234616896884979,0.8909180651530109,0.6279368213228036,0.09131293188548864,0.8909180651530109,0.6279368213228036,0.09131293188548864,0.6279368213228036,0.2629812438302073,0.10908193484698914,0.8909180651530109,0.6279368213228036,0.09131293188548864,0.2629812438302073,0.9172754195459033,0.9244073659578798,59.28627157764,10.0,103.32672992482345,roi,4,4.9152,12582,32188,14281,-4.0,4.0,0.0,2.35,-2.0,2.0
17,sample_0017,N1_mirrored_head,4CamClassic,0.05112181128982686,0.03323262839879154,0.046152966519970466,0.9488781887101732,0.9835057883413585,0.010003196338123084,0.005207003930777477,0.020646242183001606,0.01053978311197758,10.056736473282461,0.10189616518805011,1.0756981253922562,9761,9930,8895,9761,9930,51.72040293463704,138.2931689201221,93.94147254011669,229.6736849795216,0.01011804384485666,0.01027190332326284,0.010194393083803908,0.01014844589485414,0.031815626756604834,0.03323262839879154,0.0325086936998089,0.03208927684191212,0.05463743676222597,0.05891238670694864,0.056694439583810055,0.05544206225517037,545363,0.8828413368710382,0.25934285970995463,0.6234984771610835,0.11715866312896181,0.8828413368710382,0.25934285970995463,0.6234984771610835,0.11715866312896181,0.91127958201004,0.6169449851449647,0.07150906669398627,0.91127958201004,0.6169449851449647,0.07150906669398627,0.6169449851449647,0.2943345968650753,0.08872041798996004,0.91127958201004,0.6169449851449647,0.07150906669398627,0.2943345968650753,0.9488781887101732,0.9667673716012084,59.42973798028092,10.0,104.90853203947141,roi,4,4.9152,13098,32478,14522,-4.0,4.0,0.0,2.35,-2.0,2.0
21,sample_0021,N1_mirrored_head,4CamClassic,0.06692379860314814,0.04272090307512651,0.06011261597525862,0.9330762013968519,1.0254352131762743,0.012771252310929534,0.006892008310951199,0.023461978178699307,0.01203048121924877,9.861015426794985,0.1254999304779031,1.1160147318050049,9593,10276,8954,9593,10276,47.16990636316938,152.15124281425955,83.81527432014595,252.43811498890776,0.013736877373241009,0.013234721681588166,0.013481124974412619,0.013633420723712307,0.04500781773509046,0.04272090307512651,0.04383455272859356,0.04453105477060228,0.0799642617824436,0.06656286492798755,0.07265071629514339,0.07686898695871643,545349,0.887277688232673,0.30382745727965027,0.5834502309530227,0.11272231176732697,0.887277688232673,0.30382745727965027,0.5834502309530227,0.11272231176732697,0.9333889294277077,0.6782028562493485,0.10351297821328052,0.9333889294277077,0.6782028562493485,0.10351297821328052,0.6782028562493485,0.25518607317835923,0.06661107057229229,0.9333889294277077,0.6782028562493485,0.10351297821328052,0.25518607317835923,0.9330762013968519,0.9572790969248735,62.099668468169035,10.0,104.59235345562372,roi,4,4.9152,13228,31651,13862,-4.0,4.0,0.0,2.35,-2.0,2.0
25,sample_0025,N1_mirrored_head,4CamClassic,0.0794205281002774,0.05982053838484546,0.07453622174317047,0.9205794718997226,1.065755676564266,0.016721715200332332,0.009822991635868509,0.025524315515917915,0.013950116009280743,9.74279462764283,0.1365299875892687,1.108094503755526,9733,11033,9068,9733,11033,47.696960781587364,118.00423897045962,100.12492346448154,261.19916162435027,0.02128363475959418,0.01830871023293755,0.019684406245227028,0.020613742375067325,0.062307013674459635,0.05982053838484546,0.06103846413540096,0.06179331866577469,0.09605205116894575,0.09525967551889786,0.09565422241165472,0.09589252322595831,544540,0.8839736291181548,0.28965181621184855,0.5943218129063063,0.11602637088184523,0.8839736291181548,0.28965181621184855,0.5943218129063063,0.11602637088184523,0.9316757423199424,0.6644405630329806,0.08856467687249564,0.9316757423199424,0.6644405630329806,0.08856467687249564,0.6644405630329806,0.2672351792869619,0.06832425768005754,0.9316757423199424,0.6644405630329806,0.08856467687249564,0.2672351792869619,0.9205794718997226,0.9401794616151545,61.41479157477923,10.0,102.99784831787731,roi,4,4.9152,14070,32716,14421,-4.0,4.0,0.0,2.35,-2.0,2.0
29,sample_0029,N1_mirrored_head,4CamClassic,0.10014443909484834,0.08422621820553433,0.09649697584783827,0.8998555609051516,0.9464612421762157,0.017722266378347683,0.011059510700435678,0.027735903703293308,0.015594818770594251,9.45096624495016,0.1592566383837717,1.0435326289977616,10385,10733,9591,10385,10733,41.53311993348208,119.37336564193497,90.13878322977226,250.04999872703505,0.021895527056615578,0.021522407528184104,0.02170736405880722,0.021819871763385686,0.0823688874986967,0.08422621820553433,0.08328719937462294,0.08273377144450413,0.13126889792513816,0.1371471163700736,0.134143641665954,0.13240388196526795,543809,0.8811899030725862,0.2877149881668012,0.593474914905785,0.11881009692741386,0.8811899030725862,0.2877149881668012,0.593474914905785,0.11881009692741386,0.9235435724602793,0.6989889263360616,0.10139624458353394,0.9235435724602793,0.6989889263360616,0.10139624458353394,0.6989889263360616,0.22455464612421763,0.07645642753972075,0.9235435724602793,0.6989889263360616,0.10139624458353394,0.22455464612421763,0.8998555609051516,0.9157737817944657,62.67743151695105,10.0,104.03183882934003,roi,4,4.9152,13599,32808,14523,-4.0,4.0,0.0,2.35,-2.0,2.0
33,sample_0033,N1_mirrored_head,4CamClassic,0.05891897373491532,0.04030250813708597,0.05393615449580045,0.9410810262650847,1.016631173308995,0.013786278511496473,0.007041904289610712,0.023326977068945206,0.011542405155998242,9.923485449772858,0.11900026241767081,1.1134880741803967,9861,10446,9271,9861,10446,57.44562732138683,132.38202492138313,98.10708581365239,242.53866032680568,0.014237946284111746,0.013593720084242773,0.013908377155653767,0.014104261979292076,0.03980153165785784,0.04030250813708597,0.040050453325839674,0.03990072809601593,0.058138280660122964,0.05676814091518285,0.05744504204088084,0.05785898704060931,544700,0.8821112539012301,0.2843473471635763,0.5977639067376538,0.11788874609876997,0.8821112539012301,0.2843473471635763,0.5977639067376538,0.11788874609876997,0.9401683399249569,0.7183855592739073,0.10059831660075043,0.9401683399249569,0.7183855592739073,0.10059831660075043,0.7183855592739073,0.2217827806510496,0.0598316600750431,0.9401683399249569,0.7183855592739073,0.10059831660075043,0.2217827806510496,0.9410810262650847,0.959697491862914,63.74639884517801,10.0,104.79138955972586,roi,4,4.9152,13235,31754,14005,-4.0,4.0,0.0,2.35,-2.0,2.0
37,sample_0037,N1_mirrored_head,4CamClassic,0.058385093167701865,0.03386365656386099,0.050999164396334735,0.9416149068322981,1.0387004300047777,0.0106703990218562,0.00546346883970738,0.020529668020084324,0.01026026026026026,9.997183197091644,0.11196683115987605,1.1168515089075206,10465,11251,9867,10465,11251,68.73863644862308,142.91606140917978,115.54220180462637,230.43437586979798,0.010540184453227932,0.010487956626077682,0.01051400568023612,0.010529697315819531,0.03810682071551637,0.03386365656386099,0.03586015650394013,0.03717519967630775,0.06121414817066991,0.049328948537907744,0.05463262120950744,0.05839999687808621,542909,0.8626289120276143,0.28990862188690925,0.572720290140705,0.13737108797238579,0.8626289120276143,0.28990862188690925,0.572720290140705,0.13737108797238579,0.9428571428571428,0.707214524605829,0.10855231724796942,0.9428571428571428,0.707214524605829,0.10855231724796942,0.707214524605829,0.2356426182513139,0.05714285714285714,0.9428571428571428,0.707214524605829,0.10855231724796942,0.2356426182513139,0.9416149068322981,0.966136343436139,62.997791035692984,10.0,106.46092020080472,roi,4,4.9152,14012,32038,14283,-4.0,4.0,0.0,2.35,-2.0,2.0
2,sample_0002,C2_radial_echo,4CamClassic,0.06418689045134951,0.04067118568729859,0.057533789116983154,0.9358131095486505,0.9790201859832162,0.01143602896232829,0.006610169491525424,0.012010201156683888,0.006909466615007103,9.821143720257206,0.11671399201479249,0.9882836406484877,8818,8999,7867,8818,8999,66.7083213146631,215.23243570752203,120.00000178813934,255.98340129449778,0.01296555230710563,0.013001444604956107,0.012983473650369871,0.012972714904208012,0.03419346637854328,0.04067118568729859,0.03715208130937559,0.035318505449016824,0.05122664293885852,0.05778419824424936,0.05430818547660317,0.052416320855517604,546518,0.8657702033601821,0.2761555886539876,0.5896146147061945,0.1342297966398179,0.8657702033601821,0.2761555886539876,0.5896146147061945,0.1342297966398179,0.8921524155137219,0.6156724880925379,0.09423905647539124,0.8921524155137219,0.6156724880925379,0.09423905647539124,0.6156724880925379,0.27647992742118394,0.10784758448627807,0.8921524155137219,0.6156724880925379,0.09423905647539124,0.27647992742118394,0.9358131095486505,0.9593288143127015,58.77828777721583,10.0,104.9532752280437,roi,4,4.9152,12131,32262,14206,-4.0,4.0,0.0,2.35,-2.0,2.0
6,sample_0006,C2_radial_echo,4CamClassic,0.04557935200439319,0.018108419838523643,0.03496944500799164,0.9544206479956068,0.9349807797913234,0.0063805633812031365,0.003386960203217612,0.006829042885946248,0.0035886327632472276,10.128732493742957,0.086361162798408,0.9923441219701435,9105,8670,8025,9105,8670,55.226805908879825,220.2839110015929,130.86252523302755,264.76404984276627,0.006230529595015576,0.006920415224913495,0.006557377049180328,0.006357279084551812,0.019937694704049845,0.018108419838523643,0.018979081078528588,0.019542858921097264,0.04087227414330218,0.03033448673587082,0.03482364434379185,0.03821705714837596,545952,0.8710875681378583,0.3318881513393119,0.5391994167985464,0.1289124318621417,0.8710875681378583,0.3318881513393119,0.5391994167985464,0.1289124318621417,0.8813838550247117,0.5959362987369577,0.09610104338275673,0.8813838550247117,0.5959362987369577,0.09610104338275673,0.5959362987369577,0.285447556287754,0.1186161449752883,0.8813838550247117,0.5959362987369577,0.09610104338275673,0.285447556287754,0.9544206479956068,0.9818915801614764,57.206335357299665,10.0,104.58763279630581,roi,4,4.9152,11725,31993,14058,-4.0,4.0,0.0,2.35,-2.0,2.0
10,sample_0010,C2_radial_echo,4CamClassic,0.06307857911733046,0.03501777825665338,0.0543656176133982,0.9369214208826695,0.9640473627556513,0.013255193270015873,0.00683111954459203,0.012592468017837768,0.006358453924700871,9.810004380908902,0.11973014261879145,1.0073058073324723,9290,9281,8353,9290,9281,59.16079871256075,232.93776191504242,110.6797197551496,274.08940555756527,0.012809768945289117,0.013576123262579464,0.013181817070756205,0.012956039222914413,0.035675805099964084,0.03501777825665338,0.035343729170327395,0.03554222871829695,0.06404884472644559,0.05128757676974464,0.05696223271552671,0.061012637277834916,545865,0.8651662956958222,0.2926785926923324,0.5724877030034898,0.13483370430417776,0.8651662956958222,0.2926785926923324,0.5724877030034898,0.13483370430417776,0.8991388589881593,0.6446716899892357,0.09752421959095801,0.8991388589881593,0.6446716899892357,0.09752421959095801,0.6446716899892357,0.2544671689989236,0.10086114101184068,0.8991388589881593,0.6446716899892357,0.09752421959095801,0.2544671689989236,0.9369214208826695,0.9649822217433466,59.73574922321616,10.0,104.65364461365739,roi,4,4.9152,12135,31538,13923,-4.0,4.0,0.0,2.35,-2.0,2.0
14,sample_0014,C2_radial_echo,4CamClassic,0.04941860465116279,0.02261768082663605,0.03995066111246308,0.9505813953488372,0.9898837209302326,0.007315320387235212,0.0038856347503334688,0.006682747927165781,0.003456297773346627,10.08854437320319,0.09318934096598763,1.0204377831216718,8600,8710,7627,8600,8710,57.879185376418185,137.78604301161215,146.1163941393285,271.5372595314948,0.007211223285695555,0.007692307692307693,0.007444000812072815,0.007302565191991077,0.021371443555788645,0.02261768082663605,0.021976908880796946,0.021609581730666995,0.03487609807263668,0.03708381171067738,0.03594608881593328,0.035296358277550205,546965,0.8516065927435942,0.351342407649484,0.5002641850941102,0.1483934072564058,0.8516065927435942,0.351342407649484,0.5002641850941102,0.1483934072564058,0.886860465116279,0.57,0.11034883720930233,0.886860465116279,0.57,0.11034883720930233,0.57,0.3168604651162791,0.11313953488372093,0.886860465116279,0.57,0.11034883720930233,0.3168604651162791,0.9505813953488372,0.9773823191733639,55.91421475035923,10.0,104.15845746497625,roi,4,4.9152,11801,32703,14498,-4.0,4.0,0.0,2.35,-2.0,2.0
18,sample_0018,C2_radial_echo,4CamClassic,0.06973022405121171,0.042010856738258204,0.06160115808815604,0.9302697759487883,0.9279835390946503,0.012330859834943154,0.00684010523238819,0.016510623679495975,0.008698539176626826,9.66400260972434,0.12734106404744527,0.9374132504442236,8748,8474,7869,8748,8474,51.47815147201922,135.90431291953746,125.39936390844065,271.9857494073258,0.011945609353157962,0.013806938871843285,0.012809008000680164,0.012276614288827054,0.041682551785487354,0.042010856738258204,0.041846060339347006,0.041747801633301225,0.06417588003558267,0.06101014869011093,0.06255298651367817,0.06351672125704452,546734,0.8629370041007145,0.33463622163611556,0.5283007824645989,0.13706299589928558,0.8629370041007145,0.33463622163611556,0.5283007824645989,0.13706299589928558,0.899519890260631,0.6264288980338363,0.09887974394147234,0.899519890260631,0.6264288980338363,0.09887974394147234,0.6264288980338363,0.27309099222679467,0.100480109739369,0.899519890260631,0.6264288980338363,0.09887974394147234,0.27309099222679467,0.9302697759487883,0.9579891432617418,58.44688589320247,10.0,106.84332402483443,roi,4,4.9152,11422,32347,14191,-4.0,4.0,0.0,2.35,-2.0,2.0
22,sample_0022,C2_radial_echo,4CamClassic,0.051233396584440226,0.021647487752079298,0.04023535723193291,0.9487666034155597,1.0183823529411764,0.006238034929764995,0.0032647350317728677,0.007176227759476878,0.0037208366854384555,10.078692678677413,0.0989038057121604,1.0677307360575539,8432,8777,7602,8432,8777,55.226805908879825,213.24575304556635,116.83321619642979,315.79265819843977,0.00539331754801368,0.006380312179560214,0.005845444512194345,0.0055655074283525756,0.020126282557221785,0.021647487752079298,0.020859187568010314,0.020413176168027614,0.035780057879505396,0.032015495043864646,0.03379325682335781,0.03495794727987361,547379,0.8751833738597937,0.29975939888084857,0.5754239749789452,0.12481662614020633,0.8751833738597937,0.29975939888084857,0.5754239749789452,0.12481662614020633,0.9015654648956357,0.6303368121442126,0.10187381404174572,0.9015654648956357,0.6303368121442126,0.10187381404174572,0.6303368121442126,0.27122865275142316,0.09843453510436433,0.9015654648956357,0.6303368121442126,0.10187381404174572,0.27122865275142316,0.9487666034155597,0.9783525122479207,59.513767367077186,10.0,104.97439151133658,roi,4,4.9152,12009,31985,14012,-4.0,4.0,0.0,2.35,-2.0,2.0
26,sample_0026,C2_radial_echo,4CamClassic,0.05072383688805393,0.02696800960803581,0.043125992961409475,0.9492761631119461,0.9848602055475744,0.009377532504123643,0.004690172708712685,0.009000648005433725,0.004446827299104327,9.98911789439593,0.1002600259872849,0.9917181545125464,9049,9159,8094,9049,9159,61.84658530585083,136.10657791630803,126.68859648100646,315.6342867450499,0.008895478131949592,0.0092804891363686,0.009083905901421808,0.008969903336100519,0.02248579194465036,0.02696800960803581,0.024523779129966103,0.023258942384007966,0.03471707437608105,0.03701277432034065,0.03582818763169846,0.035153145848412705,546396,0.8566497558547281,0.3110033748416899,0.5456463810130382,0.14335024414527192,0.8566497558547281,0.3110033748416899,0.5456463810130382,0.14335024414527192,0.8944634766272517,0.5824953033484362,0.10343684385014919,0.8944634766272517,0.5824953033484362,0.10343684385014919,0.5824953033484362,0.3119681732788153,0.10553652337274837,0.8944634766272517,0.5824953033484362,0.10343684385014919,0.3119681732788153,0.9492761631119461,0.9730319903919642,57.09653530048614,10.0,108.62116387024003,roi,4,4.9152,11795,31496,13872,-4.0,4.0,0.0,2.35,-2.0,2.0
30,sample_0030,C2_radial_echo,4CamClassic,0.05793795620437956,0.027182152913147066,0.04724637956108311,0.9420620437956204,1.0245209854014599,0.009039152538528722,0.004912359048788657,0.008882804496082529,0.004602510460251046,9.95933952813157,0.10926926828112349,1.0520322111958713,8768,9234,7900,8768,9234,58.94913149116848,213.65860937597628,129.4217929839828,276.55695943991793,0.008860759493670886,0.009529997834091402,0.009183201896271559,0.008986980549606383,0.027341772151898733,0.027182152913147066,0.027261728889206232,0.027309698509310365,0.04607594936708861,0.04169374052414988,0.04377544639147757,0.04512733030140187,546461,0.8648613533262208,0.32641853672997706,0.5384428165962438,0.1351386466737791,0.8648613533262208,0.32641853672997706,0.5384428165962438,0.1351386466737791,0.9010036496350365,0.6178147810218978,0.09842609489051095,0.9010036496350365,0.6178147810218978,0.09842609489051095,0.6178147810218978,0.2831888686131387,0.0989963503649635,0.9010036496350365,0.6178147810218978,0.09842609489051095,0.2831888686131387,0.9420620437956204,0.9728178470868529,58.33736800848324,10.0,104.576237175961,roi,4,4.9152,12191,31919,14058,-4.0,4.0,0.0,2.35,-2.0,2.0
34,sample_0034,C2_radial_echo,4CamClassic,0.05999771871791947,0.028860982595285304,0.049349545121323425,0.9400022812820805,1.0055891410972966,0.009990851167641202,0.0049557920819958325,0.010620602314037358,0.005221427190098627,9.834853600442619,0.11882226422184394,1.0230762429112954,8767,9078,7816,8767,9078,71.58910638314256,159.90228409027833,125.99603356102871,282.1790253952443,0.007932446264073694,0.009693765146508042,0.008725104825993646,0.008231575212095828,0.030322415557830093,0.028860982595285304,0.02957365528074112,0.03001840726761236,0.04951381780962129,0.03525005507821106,0.04118180884045474,0.045806724326522046,546702,0.8604779203295396,0.29338103756708406,0.5670968827624556,0.13952207967046032,0.8604779203295396,0.29338103756708406,0.5670968827624556,0.13952207967046032,0.8915250370708339,0.6073913539409148,0.09889357819094331,0.8915250370708339,0.6073913539409148,0.09889357819094331,0.6073913539409148,0.284133683129919,0.1084749629291662,0.8915250370708339,0.6073913539409148,0.09889357819094331,0.284133683129919,0.9400022812820805,0.9711390174047146,58.1783021378998,10.0,104.33147749735333,roi,4,4.9152,12020,31358,13686,-4.0,4.0,0.0,2.35,-2.0,2.0
38,sample_0038,C2_radial_echo,4CamClassic,0.05014616595457612,0.02513564389325656,0.04182316997502721,0.9498538340454239,0.9898808185293456,0.007189432967558117,0.0037518199126441933,0.008034303295501997,0.004155574313356275,10.069328080234095,0.09734411672179122,1.042769247700551,8894,9031,8032,8894,9031,54.31390326534129,137.9311442966714,88.60022705359299,261.1273575792567,0.0069721115537848604,0.007418890488318015,0.007188565735525156,0.007057109925396266,0.025024900398406373,0.02513564389325656,0.02508014989714154,0.025046970961718706,0.04668824701195219,0.03521204739231536,0.04014610151055388,0.04383118279356473,546409,0.8835597510289912,0.3010803262757385,0.5824794247532527,0.1164402489710089,0.8835597510289912,0.3010803262757385,0.5824794247532527,0.1164402489710089,0.9030807285810659,0.6209804362491568,0.10355295704969643,0.9030807285810659,0.6209804362491568,0.10355295704969643,0.6209804362491568,0.28210029233190914,0.09691927141893411,0.9030807285810659,0.6209804362491568,0.10355295704969643,0.28210029233190914,0.9498538340454239,0.9748643561067435,59.43977786292444,10.0,105.1704294499233,roi,4,4.9152,12237,32420,14331,-4.0,4.0,0.0,2.35,-2.0,2.0
3,sample_0003,N2_mirrored_support,4CamClassic,0.1479408236705318,0.11345718169460807,0.13946326213011861,0.8520591763294683,0.9779088364654138,0.022265431417635474,0.017507375344585772,0.038806817269729454,0.028236855008508553,8.903839784854569,0.21159458030491107,1.0197855881099438,10004,11035,8911,10004,11035,36.74234668925129,126.19429652168115,100.62306048689096,274.2991077239235,0.03781842666367411,0.032804712279111914,0.03513360136981706,0.03669671673969372,0.12086185613286948,0.11345718169460807,0.11704252201061688,0.11930459606409606,0.18583772864998316,0.18269143633892163,0.18425115186772448,0.18519983032934798,543760,0.8544762395174341,0.2476570545829042,0.6068191849345299,0.14552376048256585,0.8544762395174341,0.2476570545829042,0.6068191849345299,0.14552376048256585,0.8907437025189924,0.6394442223110756,0.10635745701719312,0.8907437025189924,0.6394442223110756,0.10635745701719312,0.6394442223110756,0.2512994802079168,0.1092562974810076,0.8907437025189924,0.6394442223110756,0.10635745701719312,0.2512994802079168,0.8520591763294683,0.8865428183053919,59.96962114080364,10.0,102.49002415134768,roi,4,4.9152,14000,32786,14343,-4.0,4.0,0.0,2.35,-2.0,2.0
7,sample_0007,N2_mirrored_support,4CamClassic,0.22271573604060912,0.20452600551488068,0.21882347785575995,0.7772842639593909,0.8847292724196277,0.038977706100741,0.03353169469598965,0.07909789247367474,0.062357367544563,7.987268639854614,0.29699750681507064,0.9572437082043658,9456,10517,8159,9456,10517,35.70714267479213,138.65424830472975,77.13624425212716,260.0480763539351,0.07537688442211055,0.061614528858039364,0.06780441356506817,0.07215360701226166,0.19720553989459494,0.20452600551488068,0.2007990749092695,0.19862740809029059,0.27098909180046576,0.286298374061044,0.27843345175838746,0.2739185505658353,545118,0.8777475702508448,0.2685712084356048,0.60917636181524,0.12225242974915523,0.8777475702508448,0.2685712084356048,0.60917636181524,0.12225242974915523,0.8628384094754653,0.5984560067681896,0.07730541455160744,0.8628384094754653,0.5984560067681896,0.07730541455160744,0.5984560067681896,0.2643824027072758,0.1371615905245347,0.8628384094754653,0.5984560067681896,0.07730541455160744,0.2643824027072758,0.7772842639593909,0.7954739944851194,57.663957847165136,10.0,103.95639134469955,roi,4,4.9152,13608,33489,14677,-4.0,4.0,0.0,2.35,-2.0,2.0
11,sample_0011,N2_mirrored_support,4CamClassic,0.198842939790015,0.18735666566955828,0.19643437949513612,0.801157060209985,0.8731519177201629,0.037009084125661736,0.03192283095288851,0.05932176866236025,0.04657287852508512,8.285884479373358,0.2663884417125856,0.9497688967052456,9334,10029,8145,9334,10029,35.355339586162984,128.54960323736276,90.00000134110451,260.2018443480154,0.06961325966850829,0.059726792302323264,0.06429217614117463,0.06738251850666754,0.17139349294045428,0.18735666566955828,0.17901992561731658,0.1743647397314356,0.238182934315531,0.266327649815535,0.2514702490600027,0.24332572233141592,546083,0.8730962143117438,0.2765568604040045,0.5965393539077393,0.1269037856882562,0.8730962143117438,0.2765568604040045,0.5965393539077393,0.1269037856882562,0.8726162416970217,0.6146346689522177,0.08977930147846583,0.8726162416970217,0.6146346689522177,0.08977930147846583,0.6146346689522177,0.25798157274480393,0.12738375830297835,0.8726162416970217,0.6146346689522177,0.08977930147846583,0.25798157274480393,0.801157060209985,0.8126433343304418,58.4391767285709,10.0,102.60607147920167,roi,4,4.9152,13398,32657,14655,-4.0,4.0,0.0,2.35,-2.0,2.0
15,sample_0015,N2_mirrored_support,4CamClassic,0.11198060178551747,0.10720640569395018,0.11099204557611096,0.8880193982144825,0.8848231015099747,0.01711838904424396,0.01477362094146725,0.023061805754624652,0.01751911026541124,9.424788139862528,0.1530472308426255,0.9552604485299333,9073,8992,7936,9073,8992,45.000000670552254,169.871274337168,79.21489876916826,300.3934957030415,0.031754032258064516,0.029248220640569395,0.030449660384015996,0.031219099328324913,0.10055443548387097,0.10720640569395018,0.10377393106127647,0.10181796080730114,0.15435987903225806,0.15802935943060498,0.15617306745445592,0.15508007850697067,546748,0.8815505497962498,0.2682369208483616,0.6133136289478882,0.11844945020375017,0.8815505497962498,0.2682369208483616,0.6133136289478882,0.11844945020375017,0.8746831257577428,0.6431169403725339,0.08288328006172159,0.8746831257577428,0.6431169403725339,0.08288328006172159,0.6431169403725339,0.23156618538520887,0.12531687424225724,0.8746831257577428,0.6431169403725339,0.08288328006172159,0.23156618538520887,0.8880193982144825,0.8927935943060499,59.675630961608796,10.0,103.40508456337761,roi,4,4.9152,12497,32459,14325,-4.0,4.0,0.0,2.35,-2.0,2.0
19,sample_0019,N2_mirrored_support,4CamClassic,0.11906929691451694,0.10910900945744151,0.11693436795811657,0.880930703085483,0.9053110773899848,0.018181032457177622,0.015748432801590134,0.028620053700327865,0.020361238011678214,9.345567352822664,0.16585760848486364,1.0041434378911405,9885,10045,8739,9885,10045,39.37003995671836,127.11212634122487,79.05694268224971,225.887143327511,0.03307014532555212,0.03076157292185167,0.03187411258538633,0.03258112042628033,0.10104130907426478,0.10910900945744151,0.10492029918777315,0.1025579702184612,0.16466414921615746,0.1624688899950224,0.16355915385149247,0.16422036423198053,544702,0.8797599421334967,0.2484863283042838,0.631273613829213,0.12024005786650316,0.8797599421334967,0.2484863283042838,0.631273613829213,0.12024005786650316,0.8840667678300456,0.664339908952959,0.10005058168942843,0.8840667678300456,0.664339908952959,0.10005058168942843,0.664339908952959,0.21972685887708648,0.11593323216995448,0.8840667678300456,0.664339908952959,0.10005058168942843,0.21972685887708648,0.880930703085483,0.8908909905425585,61.20094743251621,10.0,101.98538659328064,roi,4,4.9152,13370,32865,14707,-4.0,4.0,0.0,2.35,-2.0,2.0
23,sample_0023,N2_mirrored_support,4CamClassic,0.1195436507936508,0.12024291497975709,0.11968285222979266,0.8804563492063492,0.8623015873015873,0.018995077299599723,0.01748483458225009,0.027368668959417575,0.02369403533527354,9.443972399289434,0.14767934738181976,0.9207658733290705,10080,9880,8872,10080,9880,40.620192628467834,245.6343851280482,75.58103817865285,298.41247067422773,0.03618124436429215,0.0347165991902834,0.03543379306971224,0.03587851143623275,0.10245716862037872,0.12024291497975709,0.11063982030296213,0.10558056109713398,0.16602795311091073,0.18714574898785424,0.17595548849315296,0.16986143490692196,544553,0.8789631128650471,0.2591134379940979,0.6198496748709492,0.12103688713495289,0.8789631128650471,0.2591134379940979,0.6198496748709492,0.12103688713495289,0.8801587301587301,0.65625,0.10347222222222222,0.8801587301587301,0.65625,0.10347222222222222,0.65625,0.22390873015873017,0.11984126984126985,0.8801587301587301,0.65625,0.10347222222222222,0.22390873015873017,0.8804563492063492,0.879757085020243,60.72874529933375,10.0,102.62907036443843,roi,4,4.9152,12702,33312,14733,-4.0,4.0,0.0,2.35,-2.0,2.0
27,sample_0027,N2_mirrored_support,4CamClassic,0.09176612175308395,0.0622527037720918,0.08381860061830289,0.908233878246916,1.0696018453515195,0.015046421122757931,0.011707825757216666,0.021456214299530915,0.013231926263111765,9.723125601276982,0.14210776926165591,1.1442032941209122,9971,11373,8959,9971,11373,44.158804989656694,123.49089219244236,97.08244064137907,240.52027300014518,0.026788704096439336,0.021718104282071573,0.023988379718083933,0.025593618243379766,0.0755664694720393,0.0622527037720918,0.06826651079690765,0.07246682474278615,0.12077240763478067,0.09434625868284534,0.10593617938888687,0.11436569890775403,544006,0.8694003374962777,0.24799542652103101,0.6214049109752466,0.13059966250372237,0.8694003374962777,0.24799542652103101,0.6214049109752466,0.13059966250372237,0.8985056664326547,0.6756594122956574,0.10049142513288536,0.8985056664326547,0.6756594122956574,0.10049142513288536,0.6756594122956574,0.2228462541369973,0.1014943335673453,0.8985056664326547,0.6756594122956574,0.10049142513288536,0.2228462541369973,0.908233878246916,0.9377472962279082,61.64309830125029,10.0,102.00805941244627,roi,4,4.9152,14393,32947,14625,-4.0,4.0,0.0,2.35,-2.0,2.0
31,sample_0031,N2_mirrored_support,4CamClassic,0.1305922454196847,0.1087712124309957,0.1255546405390307,0.8694077545803153,0.9286322965487857,0.020034376193756396,0.017840076457470534,0.03246614494921368,0.02437106918238994,9.239820329060976,0.18148156055978137,1.054635934891459,9388,9782,8313,9388,9782,45.000000670552254,223.37188381928144,67.63849483159854,251.7886046288649,0.0392156862745098,0.03434880392557759,0.03662125340599455,0.038135016116584194,0.11018886082040177,0.1087712124309957,0.10947544737130603,0.10990238256544138,0.16841092265126908,0.1694949907994275,0.1689512177742038,0.1686266254903481,545987,0.8729878183912804,0.25636690983484955,0.6166209085564308,0.12701218160871963,0.8729878183912804,0.25636690983484955,0.6166209085564308,0.12701218160871963,0.8854921175969322,0.6546655304644227,0.08265871325095867,0.8854921175969322,0.6546655304644227,0.08265871325095867,0.6546655304644227,0.2308265871325096,0.11450788240306775,0.8854921175969322,0.6546655304644227,0.08265871325095867,0.2308265871325096,0.8694077545803153,0.8912287875690043,60.255501995471874,10.0,103.70703732838302,roi,4,4.9152,13345,33106,14756,-4.0,4.0,0.0,2.35,-2.0,2.0
35,sample_0035,N2_mirrored_support,4CamClassic,0.1595040453924556,0.1541064287911412,0.15839448402859058,0.8404959546075443,0.8668698119155196,0.024829797179013173,0.02309530130076984,0.03869560034185052,0.03158698349079111,8.932972029090026,0.202224221047134,0.9552142397720227,9517,9753,8214,9517,9753,35.00000052154064,152.47950909189078,65.19202502346334,250.55936720808387,0.04906257608960311,0.04460166102737619,0.046725889309178904,0.048100406419006855,0.14377891404918433,0.1541064287911412,0.14876364690064736,0.14573217610174677,0.22279035792549307,0.2305957141392392,0.2266258487174294,0.2243088689093379,545524,0.8849088216100484,0.2613322236968493,0.6235765979131991,0.11509117838995168,0.8849088216100484,0.2613322236968493,0.6235765979131991,0.11509117838995168,0.8630871072817065,0.6361248292529158,0.09530314174634864,0.8630871072817065,0.6361248292529158,0.09530314174634864,0.6361248292529158,0.2269622780287906,0.13691289271829357,0.8630871072817065,0.6361248292529158,0.09530314174634864,0.2269622780287906,0.8404959546075443,0.8458935712088588,59.63491118921163,10.0,100.73714276986954,roi,4,4.9152,13300,33017,14873,-4.0,4.0,0.0,2.35,-2.0,2.0
39,sample_0039,N2_mirrored_support,4CamClassic,0.14681081081081082,0.12626111277594645,0.14218260880542297,0.8531891891891892,0.9456216216216217,0.02425922458131963,0.02055846977163143,0.045302553189725855,0.03497445861669122,8.948107738149083,0.20349734646639317,0.9830812030375168,9250,10011,7927,9250,10011,47.16990636316938,161.47755502575447,106.30145971136164,249.72475071943506,0.04490980194272739,0.038757366896413945,0.04160737587490316,0.04352785911555202,0.1256465245363946,0.12626111277594645,0.12595306893951203,0.1257689630669955,0.17699003406080485,0.18949155928478673,0.183027568865774,0.1793566103845989,545610,0.8587452576015835,0.26691592896024635,0.5918293286413372,0.14125474239841646,0.8587452576015835,0.26691592896024635,0.5918293286413372,0.14125474239841646,0.8569729729729729,0.5942702702702702,0.07081081081081081,0.8569729729729729,0.5942702702702702,0.07081081081081081,0.5942702702702702,0.2627027027027027,0.14302702702702702,0.8569729729729729,0.5942702702702702,0.07081081081081081,0.2627027027027027,0.8531891891891892,0.8737388872240536,56.82002764077103,10.0,103.91038488619051,roi,4,4.9152,13131,32469,14459,-4.0,4.0,0.0,2.35,-2.0,2.0
0,sample_0000,C1_standard_cath,3Cam,0.06052121473185441,0.06608289550496206,0.06155737535508139,0.9394787852681455,0.8614042644841697,0.019682187601524587,0.010987143908931301,0.027808934450539686,0.014928292046936114,9.832279885554293,0.11821236570495508,1.0144035428307894,9286,8565,8833,9286,8565,93.54143606322454,160.07810832117087,128.6468052196728,242.5901930290396,0.019925280199252802,0.02265032107413894,0.02120059285163,0.020416539501794343,0.04437903317106306,0.06608289550496206,0.05309874717570676,0.04749909571203086,0.05977584059775841,0.08744892002335085,0.07101159725726792,0.06381465067371743,545797,0.9002871030804493,0.3198185405929311,0.5804685624875182,0.09971289691955068,0.9002871030804493,0.3198185405929311,0.5804685624875182,0.09971289691955068,0.9512168856342882,0.564936463493431,0.10908895110919664,0.9512168856342882,0.564936463493431,0.10908895110919664,0.564936463493431,0.3862804221408572,0.048783114365711824,0.9512168856342882,0.564936463493431,0.10908895110919664,0.3862804221408572,0.9394787852681455,0.933917104495038,58.688792425257056,10.0,103.49568518760437,roi,3,3.6864,11132,32125,14215,-4.0,4.0,0.0,2.35,-2.0,2.0
4,sample_0004,C1_standard_cath,3Cam,0.04857928505957837,0.05606288290371055,0.049911787880823746,0.9514207149404217,0.8316529178124045,0.016375626332644725,0.009124187291700813,0.024676536521767843,0.013138456702813139,10.038248485505003,0.09672364353252239,1.0054849210525771,9819,8651,9345,9819,8651,92.33092793893496,226.16366092807394,124.19742533442803,231.62469988948632,0.016693418940609953,0.019304126690556006,0.01790410254242792,0.017157498087464515,0.03531300160513644,0.05606288290371055,0.043331972863707345,0.03813596274899174,0.05436062065275549,0.08126228181713097,0.06514339384853109,0.05821500501029445,544983,0.8940829346970456,0.31584471442228473,0.5782382202747609,0.1059170653029544,0.8940829346970456,0.31584471442228473,0.5782382202747609,0.1059170653029544,0.9517262450351359,0.4513697932579692,0.0648742234443426,0.9517262450351359,0.4513697932579692,0.0648742234443426,0.4513697932579692,0.5003564517771667,0.04827375496486404,0.9517262450351359,0.4513697932579692,0.0648742234443426,0.5003564517771667,0.9514207149404217,0.9439371170962895,53.74435478471037,10.0,101.6330248458586,roi,3,3.6864,11375,33097,14737,-4.0,4.0,0.0,2.35,-2.0,2.0
8,sample_0008,C1_standard_cath,3Cam,0.06259112684857321,0.06390307637486638,0.06284918943015254,0.9374088731514267,0.820766506977713,0.017799523893439893,0.010032507566416321,0.02867423613549152,0.015489808483748663,9.804536226600145,0.1208199349716792,1.0127355765386898,9602,8419,8777,9602,8419,79.68688843997329,140.89003013547875,111.80340054098995,229.01965322463445,0.018571265808362766,0.02126143247416558,0.019825506730357614,0.019053424163558142,0.049219551099464506,0.06390307637486638,0.05560833943252294,0.05159042050490137,0.07212031445824313,0.08730252999168547,0.07898850303073209,0.07471909695526124,545597,0.8942167937140417,0.3271572241049713,0.5670595696090704,0.10578320628595832,0.8942167937140417,0.3271572241049713,0.5670595696090704,0.10578320628595832,0.914080399916684,0.3823161841283066,0.018746094563632576,0.914080399916684,0.3823161841283066,0.018746094563632576,0.3823161841283066,0.5317642157883774,0.08591960008331598,0.914080399916684,0.3823161841283066,0.018746094563632576,0.5317642157883774,0.9374088731514267,0.9360969236251336,49.485657815373536,10.0,98.78893474808125,roi,3,3.6864,10988,32829,14741,-4.0,4.0,0.0,2.35,-2.0,2.0
12,sample_0012,C1_standard_cath,3Cam,0.04832385806704568,0.053467000835421885,0.04927177651051756,0.9516761419329544,0.7773965889041364,0.015800889271659548,0.008740499457111835,0.024112306694127335,0.012634650606897837,10.016411004546732,0.0982595177161737,0.9990061819306828,10202,8379,9297,10202,8379,80.0000011920929,152.3975088121815,108.16653987572671,231.8512466129924,0.016564483166612885,0.01921470342522974,0.017791440318055903,0.017034382328102785,0.03581800580832527,0.053467000835421885,0.04289816215432831,0.03834979286577248,0.05378078950198989,0.07912638739706408,0.06403686669060082,0.057462011630103144,544601,0.8937332101850712,0.3347478245541231,0.5589853856309481,0.10626678981492872,0.8937332101850712,0.3347478245541231,0.5589853856309481,0.10626678981492872,0.9112919035483239,0.3720839051166438,0.044599098216036075,0.9112919035483239,0.3720839051166438,0.044599098216036075,0.3720839051166438,0.5392079984316801,0.08870809645167614,0.9112919035483239,0.3720839051166438,0.044599098216036075,0.5392079984316801,0.9516761419329544,0.9465329991645781,49.46286960068467,10.0,97.12476409499159,roi,3,3.6864,10856,32615,14544,-4.0,4.0,0.0,2.35,-2.0,2.0
16,sample_0016,C1_standard_cath,3Cam,0.06293420514916225,0.06873957588753872,0.06401548509355144,0.9370657948508377,0.7986309767061708,0.02095215363894598,0.011628553942024148,0.02975716912248459,0.0158052789631737,9.716443215261283,0.1248996631839564,0.9654398473155653,9788,8394,9444,9788,8394,85.29361181713374,247.07539637311635,108.85770690749241,226.99119263875565,0.019695044472681066,0.024898737193233263,0.021993278794256426,0.020554185769993617,0.045002117746717495,0.06873957588753872,0.05439388827631763,0.04834076782703434,0.06310885218127912,0.09292351679771266,0.07516769147485065,0.06743625933123562,545058,0.9001537451060253,0.32111078087102657,0.5790429642349988,0.09984625489397458,0.9001537451060253,0.32111078087102657,0.5790429642349988,0.09984625489397458,0.9648549243972211,0.4939722108704536,0.043420514916223944,0.9648549243972211,0.4939722108704536,0.043420514916223944,0.4939722108704536,0.47088271352676747,0.035145075602778915,0.9648549243972211,0.4939722108704536,0.043420514916223944,0.47088271352676747,0.9370657948508377,0.9312604241124612,55.141718081320015,10.0,103.35796548485342,roi,3,3.6864,11107,33140,14845,-4.0,4.0,0.0,2.35,-2.0,2.0
20,sample_0020,C1_standard_cath,3Cam,0.05258458180375037,0.05331340308918784,0.05272874755324106,0.9474154181962496,0.7540430598273639,0.01681820094634865,0.009308807134894091,0.024692118952306125,0.013011497094820126,9.881898542123245,0.10407262936234563,0.9226248359633575,10079,8028,9668,10079,8028,85.44003872633108,230.4886148668701,114.23659829021658,222.76669741893707,0.016342573438146463,0.020802192326856005,0.018304670861400356,0.01707467455486519,0.03920148944973107,0.05331340308918784,0.04518115411204431,0.04139280200271222,0.05626810095159288,0.07760338814150473,0.06523562720804867,0.05954204738964538,543786,0.8970716421533471,0.3257788909607824,0.5712927511925647,0.10292835784665291,0.8970716421533471,0.3257788909607824,0.5712927511925647,0.10292835784665291,0.9592221450540728,0.48298442305784306,0.04137315209842246,0.9592221450540728,0.48298442305784306,0.04137315209842246,0.48298442305784306,0.47623772199622977,0.04077785494592717,0.9592221450540728,0.48298442305784306,0.04137315209842246,0.47623772199622977,0.9474154181962496,0.9466865969108121,54.45646843949634,10.0,102.91965727544292,roi,3,3.6864,10494,32596,14342,-4.0,4.0,0.0,2.35,-2.0,2.0
24,sample_0024,C1_standard_cath,3Cam,0.06598255515649051,0.06848974518334369,0.06646920002559012,0.9340174448435095,0.76900974858902,0.018975113781600866,0.010680604476764005,0.029391409137220412,0.015837623372790766,9.64465716576338,0.12990119073242057,0.9436690733013123,9745,8045,9177,9745,8045,71.76350154139611,130.19216760292983,105.00000156462193,223.31592192421704,0.01906941266209001,0.02336855189558732,0.021001222092391972,0.019797859640757306,0.05012531328320802,0.06848974518334369,0.057885903836910925,0.05296569437929204,0.06690639642584723,0.09310130515848353,0.0778596626164809,0.07089583553910009,545731,0.8940302090223938,0.32006794556292384,0.57396226345947,0.10596979097760618,0.8940302090223938,0.32006794556292384,0.57396226345947,0.10596979097760618,0.9417136993329913,0.43119548486403286,0.034171369933299126,0.9417136993329913,0.43119548486403286,0.034171369933299126,0.43119548486403286,0.5105182144689584,0.058286300667008725,0.9417136993329913,0.43119548486403286,0.034171369933299126,0.5105182144689584,0.9340174448435095,0.9315102548166563,52.159279397682944,10.0,103.0298150213661,roi,3,3.6864,10582,32448,14650,-4.0,4.0,0.0,2.35,-2.0,2.0
28,sample_0028,C1_standard_cath,3Cam,0.05454545454545454,0.05735046062021539,0.05508428809996593,0.9454545454545454,0.7297840281265696,0.017207878490653555,0.009603292557448267,0.025800245650289554,0.013748913288469588,9.839717362944203,0.10827980320683239,0.9225153952308,9955,7707,9389,9955,7707,95.13148936977187,180.3468906560924,111.01801821016994,233.50589205622123,0.017254233677707956,0.021798365122615803,0.019261923517084552,0.018004901334252105,0.04175098519544147,0.05735046062021539,0.04832297273967862,0.04415292757272655,0.06251997017786771,0.08044634747632023,0.07035927521478826,0.06543628800870403,545112,0.8957792160143236,0.32553310145438,0.5702461145599437,0.10422078398567634,0.8957792160143236,0.32553310145438,0.5702461145599437,0.10422078398567634,0.9431441486690105,0.3984932194876946,0.0383726770467102,0.9431441486690105,0.3984932194876946,0.0383726770467102,0.3984932194876946,0.544650929181316,0.05685585133098945,0.9431441486690105,0.3984932194876946,0.0383726770467102,0.544650929181316,0.9454545454545454,0.9426495393797846,51.08908307492612,10.0,100.0120481937844,roi,3,3.6864,10189,32850,14590,-4.0,4.0,0.0,2.35,-2.0,2.0
32,sample_0032,C1_standard_cath,3Cam,0.052128315854410856,0.059426735853718805,0.053440973064997475,0.9478716841455892,0.7827472753444376,0.017339296476827155,0.009803366011220038,0.02500110216317224,0.013372671006638233,9.953204403183122,0.10377522132645067,0.9909566166715312,9726,8094,9284,9726,8094,71.58910638314256,137.29530422331925,104.16333483215293,250.49950473024043,0.017233950883239983,0.02137385717815666,0.01908194343527374,0.017928464390753473,0.03726841878500646,0.059426735853718805,0.04580871682965122,0.04027161672056348,0.05644118914261095,0.08549542871262664,0.06799462655534745,0.06055705651502063,544878,0.911848156835108,0.32937831955043145,0.5824698372846766,0.08815184316489195,0.911848156835108,0.32937831955043145,0.5824698372846766,0.08815184316489195,0.9545548015628214,0.4355336212214682,0.016656384947563233,0.9545548015628214,0.4355336212214682,0.016656384947563233,0.4355336212214682,0.519021180341353,0.045445198437178695,0.9545548015628214,0.4355336212214682,0.016656384947563233,0.519021180341353,0.9478716841455892,0.9405732641462812,52.52342960058031,10.0,104.7045388038767,roi,3,3.6864,10681,32732,14630,-4.0,4.0,0.0,2.35,-2.0,2.0
36,sample_0036,C1_standard_cath,3Cam,0.054988605964529876,0.05541327124563446,0.05507301750687381,0.9450113940354701,0.8039235113444961,0.017098604789794757,0.009509915167234019,0.0257589340501176,0.013657149919663825,9.928562349194605,0.10741388428467036,1.0027011922586608,10093,8590,9696,10093,8590,64.613951271675,224.55511907498814,104.04326178378946,230.05434483462363,0.0165016501650165,0.02048894062863795,0.01828039635223,0.017169927652168484,0.039294554455445545,0.05541327124563446,0.04598225729283378,0.04172177623843665,0.06126237623762376,0.07718277066356229,0.06830719662319742,0.06389842606427285,544053,0.90193418655903,0.3213050934375879,0.5806290931214422,0.0980658134409699,0.90193418655903,0.3213050934375879,0.5806290931214422,0.0980658134409699,0.9606658079857326,0.43654017635985337,0.04488259189537303,0.9606658079857326,0.43654017635985337,0.04488259189537303,0.43654017635985337,0.5241256316258793,0.039334192014267313,0.9606658079857326,0.43654017635985337,0.04488259189537303,0.5241256316258793,0.9450113940354701,0.9445867287543656,53.11865243262891,10.0,101.33620337491877,roi,3,3.6864,11069,32923,14657,-4.0,4.0,0.0,2.35,-2.0,2.0
1,sample_0001,N1_mirrored_head,3Cam,0.03184713375796178,0.026608051827857474,0.030640520089523608,0.9681528662420382,0.8373805732484076,0.006125544774977962,0.0033279656468062266,0.008048961145218497,0.004140408560903583,10.407753793375617,0.0654864769328074,1.0626185629401386,10048,8644,8722,10048,8644,60.41523076822993,115.00000171363354,82.46211374113444,228.3637483362697,0.006191240541160285,0.0071726052753354926,0.006645889989479326,0.006365425624146334,0.02430635175418482,0.026608051827857474,0.025405175027900885,0.024734273952679017,0.04150424214629672,0.04384544192503471,0.042642731685969625,0.04195226423217675,544256,0.8907223806444027,0.27936302034336785,0.6113593603010348,0.10927761935559736,0.8907223806444027,0.27936302034336785,0.6113593603010348,0.10927761935559736,0.8680334394904459,0.4759156050955414,0.08568869426751592,0.8680334394904459,0.4759156050955414,0.08568869426751592,0.4759156050955414,0.39211783439490444,0.13196656050955413,0.8680334394904459,0.4759156050955414,0.08568869426751592,0.39211783439490444,0.9681528662420382,0.9733919481721425,53.80910306446274,10.0,100.12298141432444,roi,3,3.6864,11188,32435,14313,-4.0,4.0,0.0,2.35,-2.0,2.0
5,sample_0005,N1_mirrored_head,3Cam,0.05077560458618364,0.04637217669398361,0.04982926312568505,0.9492243954138163,0.9193563927160613,0.013787539367731156,0.007363115240166041,0.015432977294603478,0.007980179193915473,10.092211783047022,0.10366174044165943,1.1288291876859244,10379,10006,8611,10379,10006,51.23475459325532,111.97096613851606,100.00000149011612,245.0000036507845,0.0155614911160144,0.01489106536078353,0.015218898386831834,0.01542261963614791,0.04436186273371269,0.04637217669398361,0.04534474933856038,0.04474985947501928,0.06282661711764023,0.06196282230661603,0.06239173011028764,0.06265193683058977,543199,0.8951894241336968,0.295370573215341,0.5998188509183559,0.10481057586630314,0.8951894241336968,0.295370573215341,0.5998188509183559,0.10481057586630314,0.8296560362269968,0.4605453319202235,0.09750457654880046,0.8296560362269968,0.4605453319202235,0.09750457654880046,0.4605453319202235,0.3691107043067733,0.17034396377300318,0.8296560362269968,0.4605453319202235,0.09750457654880046,0.3691107043067733,0.9492243954138163,0.9536278233060164,52.61147587783608,10.0,98.39952107730406,roi,3,3.6864,12507,32896,14602,-4.0,4.0,0.0,2.35,-2.0,2.0
9,sample_0009,N1_mirrored_head,3Cam,0.03864834142812855,0.03412928123492523,0.03765126029733973,0.9613516585718714,0.8276325307429989,0.006180289708756258,0.0034623331658010835,0.009074545739105957,0.004682397880598854,10.302292048677423,0.0744583069652861,1.0468751185782885,9677,8292,8145,9677,8292,53.38539205566087,158.19292255282195,82.0060985562697,250.1174650063617,0.007243707796193984,0.0074770863482875064,0.007358547119444629,0.007289210692861595,0.035972989564149786,0.03412928123492523,0.03502689039032093,0.03558848230889458,0.06519337016574586,0.06234925229136517,0.06373960023529092,0.06460397633312549,545008,0.8970216950943839,0.2738950620908317,0.6231266330035522,0.10297830490561606,0.8970216950943839,0.2738950620908317,0.6231266330035522,0.10297830490561606,0.8416864730805002,0.44972615480004136,0.07192311666838896,0.8416864730805002,0.44972615480004136,0.07192311666838896,0.44972615480004136,0.3919603182804588,0.15831352691949985,0.8416864730805002,0.44972615480004136,0.07192311666838896,0.3919603182804588,0.9613516585718714,0.9658707187650748,52.32972365897635,10.0,99.2389918484715,roi,3,3.6864,11100,32621,14178,-4.0,4.0,0.0,2.35,-2.0,2.0
13,sample_0013,N1_mirrored_head,3Cam,0.07788746298124383,0.08176100628930817,0.07863252843021659,0.9221125370187562,0.749457058242843,0.015763854609603112,0.010268519026961727,0.021312820271772316,0.012951686192080616,9.60230431771174,0.13121425480719562,0.9144468659982145,10130,8268,8632,10130,8268,53.38539205566087,166.28289396096704,94.27351626860978,234.57408561022422,0.020041705282669138,0.022617319787131107,0.02125175888177818,0.020508805517870956,0.07205746061167748,0.08176100628930817,0.07660316227251626,0.07380942818231276,0.1178174235403151,0.12397194000967586,0.12081635311649805,0.11899895058776125,544266,0.892642568156012,0.2802600199167319,0.6123825482392801,0.10735743184398805,0.892642568156012,0.2802600199167319,0.6123825482392801,0.10735743184398805,0.8521224086870681,0.45143139190523196,0.08232971372161896,0.8521224086870681,0.45143139190523196,0.08232971372161896,0.45143139190523196,0.4006910167818361,0.14787759131293188,0.8521224086870681,0.45143139190523196,0.08232971372161896,0.4006910167818361,0.9221125370187562,0.9182389937106918,52.60130507000618,10.0,99.30051545538595,roi,3,3.6864,10812,32188,14281,-4.0,4.0,0.0,2.35,-2.0,2.0
17,sample_0017,N1_mirrored_head,3Cam,0.04743366458354677,0.03827961720382796,0.04526859156421408,0.9525663354164532,0.8957074070279685,0.01251652296479967,0.006943702595876509,0.014699868031777554,0.007854627061060375,10.172802579953721,0.09467870342205509,1.1195896144062132,9761,9091,8691,9761,9091,56.78908430422602,114.12712380575991,78.26238037869298,220.8789130903721,0.013692325394085835,0.014299857001429985,0.013989498381079542,0.013809666552344885,0.03624439074905074,0.03827961720382796,0.03723421328967943,0.03663393674059022,0.059256702335749624,0.06368936310636894,0.06139312580644298,0.06009317692091497,545363,0.8956951608378272,0.32993254034468783,0.5657626204931394,0.10430483916217272,0.8956951608378272,0.32993254034468783,0.5657626204931394,0.10430483916217272,0.8903800840077861,0.4846839463169757,0.09261346173547792,0.8903800840077861,0.4846839463169757,0.09261346173547792,0.4846839463169757,0.40569613769081037,0.1096199159922139,0.8903800840077861,0.4846839463169757,0.09261346173547792,0.40569613769081037,0.9525663354164532,0.961720382796172,54.06719995173479,10.0,98.63476473312461,roi,3,3.6864,11666,32478,14522,-4.0,4.0,0.0,2.35,-2.0,2.0
21,sample_0021,N1_mirrored_head,3Cam,0.059835296570415926,0.050887978142076504,0.05780267906624674,0.940164703429584,0.8690711977483582,0.014520809702883622,0.007953049583150504,0.01740690883358749,0.009171153123826218,9.912059067213823,0.11610301962261416,1.0730892636721476,9593,8784,8218,9593,8784,50.249378854378534,112.47222046798657,77.62087463794126,242.67777072000231,0.016305670479435385,0.01650728597449909,0.01640585882517839,0.0163455986173794,0.05220248235580433,0.050887978142076504,0.0515368496416584,0.05193417657343794,0.08055487953273302,0.07377049180327869,0.07701355945348551,0.07909997557167589,545349,0.8955641249915192,0.29242008328611585,0.6031440417054034,0.10443587500848081,0.8955641249915192,0.29242008328611585,0.6031440417054034,0.10443587500848081,0.8566663191910768,0.47774418847075995,0.09944751381215469,0.8566663191910768,0.47774418847075995,0.09944751381215469,0.47774418847075995,0.3789221307203169,0.14333368080892317,0.8566663191910768,0.47774418847075995,0.09944751381215469,0.3789221307203169,0.940164703429584,0.9491120218579235,53.84612513203747,10.0,100.26781397199255,roi,3,3.6864,11319,31651,13862,-4.0,4.0,0.0,2.35,-2.0,2.0
25,sample_0025,N1_mirrored_head,3Cam,0.07387239289016748,0.062363550071191265,0.071242897586097,0.9261276071098326,1.0148977704715916,0.01875959281500784,0.011124968820154651,0.023671992109342625,0.01317066000293988,9.865823807458495,0.1288281776723118,1.1541055844044001,9733,10535,8141,9733,10535,43.011626976136306,113.57816860845205,100.12492346448154,245.70815393256325,0.025795356835769563,0.021167536782154724,0.02325342935945318,0.024714691239990365,0.06854194816361626,0.062363550071191265,0.06530694697958978,0.0672102356763692,0.11165704458911682,0.09729473184622686,0.1039822910086804,0.108455091286891,544540,0.8972729276086238,0.31688948470268485,0.5803834429059389,0.10272707239137621,0.8972729276086238,0.31688948470268485,0.5803834429059389,0.10272707239137621,0.8364327545463885,0.4669680468509195,0.09770882564471386,0.8364327545463885,0.4669680468509195,0.09770882564471386,0.4669680468509195,0.369464707695469,0.16356724545361143,0.8364327545463885,0.4669680468509195,0.09770882564471386,0.369464707695469,0.9261276071098326,0.9376364499288088,52.70519416327956,10.0,99.07809762458189,roi,3,3.6864,13205,32716,14421,-4.0,4.0,0.0,2.35,-2.0,2.0
29,sample_0029,N1_mirrored_head,3Cam,0.08955223880597014,0.09557288805888169,0.09069491066030065,0.9104477611940298,0.792778045257583,0.02151499731072806,0.013574660633484163,0.02561356604347579,0.014840590054722817,9.563170990042599,0.14740453716346458,1.0372163618896189,10385,9103,8631,10385,9103,45.825757632415396,156.28499840970576,79.68688843997329,234.76583558349336,0.027690881705480244,0.028671866417664508,0.02817283711973061,0.027881671471765533,0.08631676514888194,0.09557288805888169,0.09070931070230615,0.08802172547026743,0.1354420113544201,0.14138196199055256,0.13834825842465187,0.13658973382894712,543809,0.8925836093187131,0.33279699306190225,0.5597866162568108,0.107416390681287,0.8925836093187131,0.33279699306190225,0.5597866162568108,0.107416390681287,0.8311025517573423,0.4198363023591719,0.074434280211844,0.8311025517573423,0.4198363023591719,0.074434280211844,0.4198363023591719,0.4112662493981704,0.16889744824265768,0.8311025517573423,0.4198363023591719,0.074434280211844,0.4112662493981704,0.9104477611940298,0.9044271119411184,50.12764255899403,10.0,96.8654150462358,roi,3,3.6864,11577,32808,14523,-4.0,4.0,0.0,2.35,-2.0,2.0
33,sample_0033,N1_mirrored_head,3Cam,0.05171889260724064,0.04602878172031199,0.05047103941573483,0.9482811073927594,0.8806409086299564,0.014314349864922084,0.00770497901057442,0.017059923505165622,0.00878499559230325,10.041718396232794,0.1069591993203054,1.111310389669427,9861,9103,8475,9861,9103,65.00000096857548,136.56500487245376,83.21658612548994,232.69615672366828,0.016047197640117992,0.01592881467648028,0.015987787017057557,0.016023380484757634,0.043067846607669616,0.04602878172031199,0.04449911400397462,0.04362916111679926,0.0584070796460177,0.06217730418543337,0.06023325147656602,0.05912409729551096,544700,0.8965118413805764,0.3151918487240683,0.5813199926565081,0.10348815861942354,0.8965118413805764,0.3151918487240683,0.5813199926565081,0.10348815861942354,0.8594463036203225,0.48311530270763614,0.09593347530676402,0.8594463036203225,0.48311530270763614,0.09593347530676402,0.48311530270763614,0.37633100091268634,0.14055369637967752,0.8594463036203225,0.48311530270763614,0.09593347530676402,0.37633100091268634,0.9482811073927594,0.953971218279688,53.701549476962384,10.0,96.90534446490167,roi,3,3.6864,11788,31754,14005,-4.0,4.0,0.0,2.35,-2.0,2.0
37,sample_0037,N1_mirrored_head,3Cam,0.04634495938843765,0.04211915152745357,0.04543329629145569,0.9536550406115624,0.901863354037267,0.014425105467229193,0.0076873481128800275,0.016496585073911527,0.008487052914176842,10.137097453176331,0.09578741678541036,1.0949716212505891,10465,9853,8904,10465,9853,59.37171131989702,133.21504947163137,104.52272635934435,221.923413518638,0.016060197663971248,0.01573124936567543,0.015894021689441644,0.015993312032007115,0.03852201257861635,0.04211915152745357,0.04024035374308508,0.03919143265838369,0.056491464510332434,0.05592205419669136,0.05620531723111857,0.056376656675674486,542909,0.8966511883206946,0.312984312288063,0.5836668760326316,0.10334881167930537,0.8966511883206946,0.312984312288063,0.5836668760326316,0.10334881167930537,0.8508361204013378,0.45895843287147636,0.09335881509794554,0.8508361204013378,0.45895843287147636,0.09335881509794554,0.45895843287147636,0.39187768752986146,0.1491638795986622,0.8508361204013378,0.45895843287147636,0.09335881509794554,0.39187768752986146,0.9536550406115624,0.9578808484725464,52.66895888418376,10.0,97.34550405538442,roi,3,3.6864,12413,32038,14283,-4.0,4.0,0.0,2.35,-2.0,2.0
2,sample_0002,C2_radial_echo,3Cam,0.07530052166024041,0.08333333333333333,0.07678075855689176,0.9246994783397596,0.7609435246087548,0.022294118481641933,0.01337519623233909,0.03235515717063264,0.017798627160153152,9.56186541093673,0.1371053814418306,0.9329192255919666,8818,7320,8284,8818,7320,48.347526909998315,136.56500487245376,73.82411640123205,180.13883803079605,0.023539352969579912,0.029098360655737704,0.026025316646051934,0.024474483605189546,0.05842588121680348,0.08333333333333333,0.06869145614533069,0.0621405094494659,0.09089811685176244,0.12131147540983607,0.10392541213377025,0.09569642583587107,546518,0.9206119469075127,0.3036990547429362,0.6169128921645765,0.07938805309248735,0.9206119469075127,0.3036990547429362,0.6169128921645765,0.07938805309248735,0.9394420503515536,0.5062372420049898,0.08664096166931277,0.9394420503515536,0.5062372420049898,0.08664096166931277,0.5062372420049898,0.43320480834656383,0.06055794964844636,0.9394420503515536,0.5062372420049898,0.08664096166931277,0.43320480834656383,0.9246994783397596,0.9166666666666666,56.69977656213574,10.0,96.81999848506467,roi,3,3.6864,9876,32262,14206,-4.0,4.0,0.0,2.35,-2.0,2.0
6,sample_0006,C2_radial_echo,3Cam,0.05755079626578803,0.05970354103760637,0.057968835482033985,0.9424492037342119,0.7524437122460187,0.01787120152738152,0.010231124807395993,0.026818187778356938,0.014330175450596805,9.846589566844425,0.11243760616638865,0.9709656287446469,9105,7286,8525,9105,7286,64.42049459356578,264.80181595519514,78.26238037869298,181.77939954242353,0.01818181818181818,0.022783420258029097,0.020224171539961016,0.018947176185910602,0.04304985337243402,0.05970354103760637,0.05002712956084895,0.04559341611022774,0.06486803519061583,0.0903101839143563,0.07550343369083999,0.0687411828741331,545952,0.9129520543930603,0.31916908446163766,0.5937829699314225,0.0870479456069398,0.9129520543930603,0.31916908446163766,0.5937829699314225,0.0870479456069398,0.9362987369577156,0.3872597473915431,0.033937397034596375,0.9362987369577156,0.3872597473915431,0.033937397034596375,0.3872597473915431,0.5490389895661725,0.06370126304228446,0.9362987369577156,0.3872597473915431,0.033937397034596375,0.5490389895661725,0.9424492037342119,0.9402964589623937,50.995078931452184,10.0,100.05848105229096,roi,3,3.6864,9857,31993,14058,-4.0,4.0,0.0,2.35,-2.0,2.0
10,sample_0010,C2_radial_echo,3Cam,0.06835306781485469,0.0734229576008273,0.06931024887736921,0.9316469321851453,0.7715823466092573,0.02233700406935898,0.012307509364409299,0.0317375213761544,0.016383636303213586,9.596430588849797,0.13782955347695325,0.9747261238498542,9290,7736,8600,9290,7736,55.452683358356445,154.11035237064758,76.07522216005125,175.8017348416745,0.021395348837209303,0.02675801447776629,0.023778071334214005,0.022288741493668704,0.05151162790697674,0.0734229576008273,0.06054586176263089,0.054781259873184336,0.08406976744186047,0.10741985522233713,0.09432116604059364,0.08789076900067198,545865,0.9111355371749426,0.310901046962161,0.6002344902127815,0.08886446282505747,0.9111355371749426,0.310901046962161,0.6002344902127815,0.08886446282505747,0.9257265877287406,0.39720129171151775,0.039289558665231435,0.9257265877287406,0.39720129171151775,0.039289558665231435,0.39720129171151775,0.5285252960172229,0.07427341227125941,0.9257265877287406,0.39720129171151775,0.039289558665231435,0.5285252960172229,0.9316469321851453,0.9265770423991727,51.317240862723715,10.0,97.6930560878609,roi,3,3.6864,10304,31538,13923,-4.0,4.0,0.0,2.35,-2.0,2.0
14,sample_0014,C2_radial_echo,3Cam,0.06302325581395349,0.06191559262067223,0.06279856392325361,0.9369767441860465,0.8632558139534884,0.01881757317277605,0.010772432366262701,0.02676104811869419,0.014108799889613301,9.887495202564828,0.12098700149889263,1.097365217807208,8600,7914,7722,8600,7914,51.96152500135337,154.10629576725057,90.13878322977226,202.81457137440142,0.0214970214970215,0.022239070002527166,0.02186175076586466,0.021641443007805024,0.050893550893550896,0.06191559262067223,0.0558661162735847,0.05277243120181711,0.08521108521108521,0.09565327268132423,0.09013073956800373,0.08711306072258092,546965,0.9285073085115135,0.3365389010265739,0.5919684074849396,0.07149269148848647,0.9285073085115135,0.3365389010265739,0.5919684074849396,0.07149269148848647,0.8979069767441861,0.5116279069767442,0.08430232558139535,0.8979069767441861,0.5116279069767442,0.08430232558139535,0.5116279069767442,0.38627906976744186,0.10209302325581396,0.8979069767441861,0.5116279069767442,0.08430232558139535,0.38627906976744186,0.9369767441860465,0.9380844073793277,55.715761988086896,10.0,96.96688773597579,roi,3,3.6864,10550,32703,14498,-4.0,4.0,0.0,2.35,-2.0,2.0
18,sample_0018,C2_radial_echo,3Cam,0.07338820301783265,0.07680273076376049,0.07404660194274293,0.9266117969821673,0.7419981710105167,0.020983001335854803,0.012123155869146888,0.03191078191093495,0.01693783603331342,9.542030914134584,0.13887342307707484,0.930765145147664,8748,7031,8106,8748,7031,54.083269937863356,221.62750476266925,74.33034484420095,174.92855945199764,0.021342215642733777,0.02688095576731617,0.02379350581448022,0.022259516952756072,0.05650135701949174,0.07680273076376049,0.06510615815489379,0.0596551003181123,0.08598568961263262,0.11051059593229981,0.09671765320539776,0.08997939958573213,546734,0.9190191208156069,0.3240222850600109,0.5949968357555959,0.08098087918439315,0.9190191208156069,0.3240222850600109,0.5949968357555959,0.08098087918439315,0.9266117969821673,0.4163237311385459,0.02114769090077732,0.9266117969821673,0.4163237311385459,0.02114769090077732,0.4163237311385459,0.5102880658436214,0.07338820301783265,0.9266117969821673,0.4163237311385459,0.02114769090077732,0.5102880658436214,0.9266117969821673,0.9231972692362396,51.64166409199801,10.0,97.7787892865379,roi,3,3.6864,9548,32347,14191,-4.0,4.0,0.0,2.35,-2.0,2.0
22,sample_0022,C2_radial_echo,3Cam,0.06036527514231499,0.06316067653276955,0.06090438335732441,0.9396347248576851,0.8408444022770398,0.01793698980750244,0.01035615054306643,0.02830150022596777,0.015192198982475974,9.889381332946797,0.11777275544027344,1.0671088876032129,8432,7568,7200,8432,7568,65.00000096857548,143.96614275514227,82.91562099442402,178.83650775587878,0.021111111111111112,0.021670190274841437,0.021386997584010543,0.021220607143635453,0.04694444444444444,0.06316067653276955,0.053858400849125534,0.04948548135108804,0.07013888888888889,0.090776955602537,0.07913446712225031,0.07348001308062205,547379,0.9166117077929552,0.34080408638256127,0.5758076214103939,0.08338829220704484,0.9166117077929552,0.34080408638256127,0.5758076214103939,0.08338829220704484,0.8538899430740038,0.4721299810246679,0.05811195445920304,0.8538899430740038,0.4721299810246679,0.05811195445920304,0.4721299810246679,0.3817599620493359,0.1461100569259962,0.8538899430740038,0.4721299810246679,0.05811195445920304,0.3817599620493359,0.9396347248576851,0.9368393234672304,52.56781868561296,10.0,96.82795328180796,roi,3,3.6864,10172,31985,14012,-4.0,4.0,0.0,2.35,-2.0,2.0
26,sample_0026,C2_radial_echo,3Cam,0.06243783843518621,0.07272976304615807,0.06425641207307338,0.9375621615648138,0.748148966736656,0.020852581202388237,0.011507052709725315,0.02998645155617176,0.015439309294057898,9.682827676229296,0.12426970512100921,0.9255247276756843,9049,7301,8481,9049,7301,57.879185376418185,266.8801268784741,82.91562099442402,176.77669793081492,0.020280627284518335,0.02547596219695932,0.02258334809853602,0.02114296802013737,0.046456785756396654,0.07272976304615807,0.05669752256265409,0.05007458507653192,0.07204339110953897,0.10067114093959731,0.08398471505676873,0.07638785862286818,546396,0.9173127182483034,0.31014868337249907,0.6071640348758044,0.08268728175169657,0.9173127182483034,0.31014868337249907,0.6071640348758044,0.08268728175169657,0.9372306332191402,0.4445795115482374,0.06343242347220687,0.9372306332191402,0.4445795115482374,0.06343242347220687,0.4445795115482374,0.49265112167090286,0.06276936678085976,0.9372306332191402,0.4445795115482374,0.06343242347220687,0.49265112167090286,0.9375621615648138,0.9272702369538419,53.85413174363536,10.0,97.43289902595113,roi,3,3.6864,9831,31496,13872,-4.0,4.0,0.0,2.35,-2.0,2.0
30,sample_0030,C2_radial_echo,3Cam,0.0677463503649635,0.06544231764097258,0.06727265564987886,0.9322536496350365,0.8241332116788321,0.020275519033824532,0.011649294911097487,0.029820267043775012,0.015587079131772347,9.738233582452573,0.13140188829116684,1.052252465611688,8768,7732,8294,8768,7732,60.41523076822993,188.2817066432433,78.74007991343672,183.33371171492874,0.021581866409452616,0.024573202276254525,0.02298059926591817,0.022120417281736974,0.051965276103207135,0.06544231764097258,0.05793029218291953,0.05419753962663575,0.0768025078369906,0.09661148473874806,0.0855756124817933,0.08008666154387425,546461,0.921848036730892,0.3140443691315574,0.6078036675993346,0.07815196326910795,0.921848036730892,0.3140443691315574,0.6078036675993346,0.07815196326910795,0.9459397810218978,0.4718293795620438,0.07367700729927007,0.9459397810218978,0.4718293795620438,0.07367700729927007,0.4718293795620438,0.474110401459854,0.05406021897810219,0.9459397810218978,0.4718293795620438,0.07367700729927007,0.474110401459854,0.9322536496350365,0.9345576823590274,55.24189943239383,10.0,97.23160993507281,roi,3,3.6864,10242,31919,14058,-4.0,4.0,0.0,2.35,-2.0,2.0
34,sample_0034,C2_radial_echo,3Cam,0.07071974449640699,0.07493890849850665,0.07152513729047799,0.9292802555035931,0.777232804836318,0.022498928915199907,0.012298425048628976,0.0323096018321273,0.016448843063553917,9.51069420102498,0.14346839577969173,0.9453781590638866,8767,7366,8193,8767,7366,62.84902638640612,215.7544933189066,83.81527432014595,189.5059307937344,0.02245819602099353,0.02660874287265816,0.02435792314664599,0.023181382490754188,0.05614549005248383,0.07493890849850665,0.0641950039540401,0.05911026205549512,0.07762724276821677,0.1004615802335053,0.08758051567997159,0.08132414452059396,546702,0.9163712589308252,0.31176399574173863,0.6046072631890865,0.0836287410691748,0.9163712589308252,0.31176399574173863,0.6046072631890865,0.0836287410691748,0.9345272042888103,0.48157864719972626,0.08189802669100034,0.9345272042888103,0.48157864719972626,0.08189802669100034,0.48157864719972626,0.45294855708908405,0.06547279571118969,0.9345272042888103,0.48157864719972626,0.08189802669100034,0.45294855708908405,0.9292802555035931,0.9250610915014934,55.41657880873119,10.0,95.75383730772123,roi,3,3.6864,9882,31358,13686,-4.0,4.0,0.0,2.35,-2.0,2.0
38,sample_0038,C2_radial_echo,3Cam,0.05644254553631662,0.060527677185721676,0.05721485408039888,0.9435574544636833,0.8167303800314819,0.018692946655296194,0.010514799732571568,0.026473906674219838,0.013961605584642234,9.901054859720533,0.11325180189806883,1.0335728789456105,8894,7732,8340,8894,7732,60.207973791130186,266.7442627375591,79.05694268224971,181.4145799152899,0.019304556354916066,0.022374547335747542,0.020726487458291042,0.019849255971808966,0.04124700239808154,0.060527677185721676,0.04906102885785126,0.04405359635312228,0.06306954436450839,0.08484221417485774,0.0723534064326627,0.06648172461596367,546409,0.9125215726680929,0.3157744473462187,0.5967471253218742,0.08747842733190705,0.9125215726680929,0.3157744473462187,0.5967471253218742,0.08747842733190705,0.9377108162806387,0.48088599055543063,0.0588036878794693,0.9377108162806387,0.48088599055543063,0.0588036878794693,0.48088599055543063,0.456824825725208,0.06228918371936137,0.9377108162806387,0.48088599055543063,0.0588036878794693,0.456824825725208,0.9435574544636833,0.9394723228142783,54.83772235915127,10.0,99.47996858653589,roi,3,3.6864,10284,32420,14331,-4.0,4.0,0.0,2.35,-2.0,2.0
3,sample_0003,N2_mirrored_support,3Cam,0.11665333866453419,0.09852501687072207,0.11251292719359662,0.8833466613354658,0.9347261095561775,0.025923480913461652,0.016410614525139665,0.03925051055725066,0.02450879915668648,9.239024391723978,0.1857207629811577,1.0962320217495811,10004,10373,7372,10004,10373,33.54102016229699,120.93386802653328,92.19544594674805,256.75864535535726,0.04218665219750407,0.03171695748578039,0.036210200285204115,0.03957399523730512,0.10892566467715681,0.09852501687072207,0.10346461983056542,0.10667349862886313,0.17837764514378732,0.15559625951990746,0.16620995819593348,0.17330287079948084,543760,0.9015668677357658,0.294162865970281,0.6074040017654848,0.09843313226423422,0.9015668677357658,0.294162865970281,0.6074040017654848,0.09843313226423422,0.7369052379048381,0.36185525789684125,0.06057576969212315,0.7369052379048381,0.36185525789684125,0.06057576969212315,0.36185525789684125,0.3750499800079968,0.2630947620951619,0.7369052379048381,0.36185525789684125,0.06057576969212315,0.3750499800079968,0.8833466613354658,0.9014749831292779,46.7412828821686,10.0,97.301928364582,roi,3,3.6864,12953,32786,14343,-4.0,4.0,0.0,2.35,-2.0,2.0
7,sample_0007,N2_mirrored_support,3Cam,0.1884517766497462,0.17258934935342632,0.18505023887090516,0.8115482233502538,0.8593485617597293,0.03877654987592092,0.027777777777777776,0.06739841479905714,0.046087091275375795,8.263008078911176,0.27865719851918846,1.049580064308977,9456,9821,6781,9456,9821,27.386128283343414,155.0806265035896,73.82411640123205,240.26027911483635,0.07019613626308804,0.0530495876183688,0.06043010603339767,0.06593393738301855,0.19289190384898983,0.17258934935342632,0.18217672118139022,0.1884580499143776,0.277097773189795,0.23938499134507688,0.256864517430767,0.2686336484157809,545118,0.9036960804816572,0.3037177271709978,0.5999783533106593,0.09630391951834281,0.9036960804816572,0.3037177271709978,0.5999783533106593,0.09630391951834281,0.7171108291032149,0.31006768189509304,0.04854060913705584,0.7171108291032149,0.31006768189509304,0.04854060913705584,0.31006768189509304,0.40704314720812185,0.2828891708967851,0.7171108291032149,0.31006768189509304,0.04854060913705584,0.40704314720812185,0.8115482233502538,0.8274106506465737,44.20203373561013,10.0,96.39495713989888,roi,3,3.6864,12682,33489,14677,-4.0,4.0,0.0,2.35,-2.0,2.0
11,sample_0011,N2_mirrored_support,3Cam,0.17302335547460895,0.15412224216193393,0.1688811350840656,0.826976644525391,0.8584743946860939,0.03532318217825432,0.02579906185229628,0.05167830490561581,0.035031023784901756,8.599600511625287,0.2467127555940215,1.0667280677793332,9334,9473,6739,9334,9473,29.580399356280374,120.93386802653328,80.7774733106957,245.02040968983133,0.06321412672503339,0.04993138393328407,0.05579309003335851,0.06002078199246667,0.15937082653212642,0.15412224216193393,0.1567025977489966,0.158292704899329,0.23163674135628431,0.2250606988282487,0.2283013754702854,0.23029096823037645,546083,0.9045749455668827,0.3081179967147851,0.5964569488520975,0.09542505443311732,0.9045749455668827,0.3081179967147851,0.5964569488520975,0.09542505443311732,0.721984143989715,0.345189629312192,0.06395971716305979,0.721984143989715,0.345189629312192,0.06395971716305979,0.345189629312192,0.376794514677523,0.278015856010285,0.721984143989715,0.345189629312192,0.06395971716305979,0.376794514677523,0.826976644525391,0.8458777578380661,45.79311793743251,10.0,98.7352523641434,roi,3,3.6864,12137,32657,14655,-4.0,4.0,0.0,2.35,-2.0,2.0
15,sample_0015,N2_mirrored_support,3Cam,0.12311253168742423,0.12703302119270576,0.12387715030889823,0.8768874683125758,0.7808883500495977,0.024708246073585304,0.01884891233477565,0.035951512423435986,0.023256603517349088,9.188789244132522,0.18073842535514784,0.9961734979191129,9073,8116,7026,9073,8116,36.74234668925129,135.7387216276468,70.08917316345554,254.22677174702204,0.0417022487902078,0.039181862986692954,0.040402787703024294,0.041172561170687565,0.12026757756902932,0.12703302119270576,0.12355775769747833,0.1215623960811363,0.1811841730714489,0.17816658452439627,0.17966270894757883,0.18057250559603116,546748,0.8997783256637426,0.28016014690497265,0.61961817875877,0.10022167433625728,0.8997783256637426,0.28016014690497265,0.61961817875877,0.10022167433625728,0.7743855395128403,0.36911716080678936,0.048826187589551415,0.7743855395128403,0.36911716080678936,0.048826187589551415,0.36911716080678936,0.4052683787060509,0.22561446048715972,0.7743855395128403,0.36911716080678936,0.048826187589551415,0.4052683787060509,0.8768874683125758,0.8729669788072942,47.67539110830443,10.0,99.01048620882825,roi,3,3.6864,10948,32459,14325,-4.0,4.0,0.0,2.35,-2.0,2.0
19,sample_0019,N2_mirrored_support,3Cam,0.11957511380880122,0.12308558558558559,0.1202610969557306,0.8804248861911987,0.7877592311583207,0.02812887638152366,0.018287388756240502,0.04103679532639434,0.02389861954026603,9.052200282044593,0.19747380733244613,1.0269383555819924,9885,8880,7733,9885,8880,37.41657442528981,127.65183619192149,70.00000104308128,183.44277249978086,0.04021725074356653,0.03795045045045045,0.03905098290683479,0.03974248287774603,0.11470321996637786,0.12308558558558559,0.11874665811405162,0.1162870950280814,0.17496443812233287,0.1769144144144144,0.17593402326175323,0.17535098691589598,544702,0.899897558665105,0.3010655367522058,0.5988320219128992,0.10010244133489504,0.899897558665105,0.3010655367522058,0.5988320219128992,0.10010244133489504,0.7822964087000506,0.3768335862417805,0.08042488619119878,0.7822964087000506,0.3768335862417805,0.08042488619119878,0.3768335862417805,0.4054628224582701,0.21770359129994943,0.7822964087000506,0.3768335862417805,0.08042488619119878,0.4054628224582701,0.8804248861911987,0.8769144144144144,48.42505733163184,10.0,102.16137894516888,roi,3,3.6864,11428,32865,14707,-4.0,4.0,0.0,2.35,-2.0,2.0
23,sample_0023,N2_mirrored_support,3Cam,0.0992063492063492,0.10452613153288322,0.10022654075527651,0.9007936507936508,0.710515873015873,0.015286209421267497,0.01243279569892473,0.024600527216330718,0.01795426452410383,9.499722973739406,0.14217587578548863,0.9214817318170386,10080,7998,7522,10080,7998,39.05124896144222,141.4080876393352,71.41428534958426,253.25135560740915,0.028715767083222547,0.0277569392348087,0.028228213378732058,0.028518738438349286,0.09239563945759106,0.10452613153288322,0.09808726292103268,0.09459114231494752,0.15634139856421164,0.16641660415103776,0.16122174767721578,0.15825764765965816,544553,0.8998811869551724,0.27084783299329906,0.6290333539618733,0.10011881304482759,0.8998811869551724,0.27084783299329906,0.6290333539618733,0.10011881304482759,0.7462301587301587,0.3653769841269841,0.0556547619047619,0.7462301587301587,0.3653769841269841,0.0556547619047619,0.3653769841269841,0.3808531746031746,0.25376984126984126,0.7462301587301587,0.3653769841269841,0.0556547619047619,0.3808531746031746,0.9007936507936508,0.8954738684671167,47.260205036122684,10.0,97.38984128342817,roi,3,3.6864,10628,33312,14733,-4.0,4.0,0.0,2.35,-2.0,2.0
27,sample_0027,N2_mirrored_support,3Cam,0.08966001404071808,0.0798630390523783,0.08751293316929389,0.9103399859592819,0.9971918563835122,0.02246230595349937,0.015245541167847544,0.027814944205252424,0.0161629548532081,9.736309872225464,0.14501434207780095,1.1864532932311538,9971,10806,8255,9971,10806,43.011626976136306,104.04326178378946,90.5538527307317,207.5450739101281,0.035614778921865535,0.028872848417545807,0.03189139236967981,0.03402574810797433,0.08637189582071472,0.0798630390523783,0.08299004170481611,0.08498661001546423,0.12792247122955785,0.11530631130853229,0.12128719419661807,0.12518310670445684,544006,0.9011352815961589,0.3123752311555387,0.5887600504406202,0.09886471840384113,0.9011352815961589,0.3123752311555387,0.5887600504406202,0.09886471840384113,0.8279009126466753,0.4047738441480293,0.07922976632233478,0.8279009126466753,0.4047738441480293,0.07922976632233478,0.4047738441480293,0.42312706849864606,0.17209908735332463,0.8279009126466753,0.4047738441480293,0.07922976632233478,0.42312706849864606,0.9103399859592819,0.9201369609476217,50.152451697132115,10.0,97.53751401943711,roi,3,3.6864,13485,32947,14625,-4.0,4.0,0.0,2.35,-2.0,2.0
31,sample_0031,N2_mirrored_support,3Cam,0.13602471239880698,0.12557839233831916,0.13379868628933794,0.863975287601193,0.8655730720068172,0.029505863653054916,0.02238397548161121,0.0408263867672775,0.027508246069106863,9.150518585474115,0.19981431793304638,1.1486617650350017,9388,9293,7275,9388,9293,35.355339586162984,113.3578421767098,65.95453077416367,195.81867440151885,0.05017182130584193,0.04401162165070483,0.04689026324633839,0.0488055815918103,0.12879725085910654,0.12557839233831916,0.12716745594961493,0.12814034542331904,0.1888659793814433,0.17884429140213062,0.1837185683199172,0.18677278583526594,545987,0.8984627839124375,0.31994351513863883,0.5785192687737987,0.10153721608756253,0.8984627839124375,0.31994351513863883,0.5785192687737987,0.10153721608756253,0.7749254367277375,0.35172560715807416,0.05027694929697486,0.7749254367277375,0.35172560715807416,0.05027694929697486,0.35172560715807416,0.4231998295696634,0.22507456327226247,0.7749254367277375,0.35172560715807416,0.05027694929697486,0.4231998295696634,0.863975287601193,0.8744216076616809,46.4768608417582,10.0,96.58640488257089,roi,3,3.6864,12234,33106,14756,-4.0,4.0,0.0,2.35,-2.0,2.0
35,sample_0035,N2_mirrored_support,3Cam,0.14185142376799412,0.14238598885477083,0.1419580154339993,0.8581485762320059,0.7923715456551434,0.028892547852602656,0.020795004738808052,0.040988322105209314,0.027088772845953003,8.92403002373887,0.2090900751344088,1.0149307752934045,9517,8793,7047,9517,8793,32.015621664234175,139.01438981605426,62.249498917533465,201.58124984289668,0.050092237831701435,0.04242010690321847,0.04593804405089613,0.04834354808282799,0.13480913864055627,0.14238598885477083,0.13849401095492983,0.1362593042742438,0.21541081311196253,0.20698282724894804,0.21111273872311317,0.21367075177524547,545524,0.9000428945380954,0.30997353003717526,0.5900693645009202,0.09995710546190452,0.9000428945380954,0.30997353003717526,0.5900693645009202,0.09995710546190452,0.7404644320689293,0.35925186508353474,0.08342965220132395,0.7404644320689293,0.35925186508353474,0.08342965220132395,0.35925186508353474,0.3812125669853946,0.25953556793107074,0.7404644320689293,0.35925186508353474,0.08342965220132395,0.3812125669853946,0.8581485762320059,0.8576140111452292,46.90316637622354,10.0,102.59153582709257,roi,3,3.6864,11378,33017,14873,-4.0,4.0,0.0,2.35,-2.0,2.0
39,sample_0039,N2_mirrored_support,3Cam,0.14605405405405406,0.13581730769230768,0.14388508872331024,0.853945945945946,0.9327567567567567,0.03267972367059398,0.023575115746900112,0.047668646497003524,0.03383670656056144,8.952024070091959,0.21349934402909088,1.0870175106074653,9250,9984,6954,9250,9984,32.40370397489211,123.52630539974932,100.00000149011612,229.95105566010537,0.058383664078228356,0.04437099358974359,0.05042187368151333,0.05491514651448291,0.137331032499281,0.13581730769230768,0.1365699757397356,0.13702559419447768,0.2079378774805867,0.19831730769230768,0.20301367974738796,0.20593980850420318,545610,0.9048826084565899,0.32906838217774603,0.5758142262788438,0.09511739154341013,0.9048826084565899,0.32906838217774603,0.5758142262788438,0.09511739154341013,0.7517837837837837,0.3382702702702703,0.05048648648648649,0.7517837837837837,0.3382702702702703,0.05048648648648649,0.3382702702702703,0.4135135135135135,0.24821621621621623,0.7517837837837837,0.3382702702702703,0.05048648648648649,0.4135135135135135,0.853945945945946,0.8641826923076923,45.57090434361342,10.0,97.98287412930172,roi,3,3.6864,12704,32469,14459,-4.0,4.0,0.0,2.35,-2.0,2.0
0,sample_0000,C1_standard_cath,4CamAsym,0.06773637734223563,0.05915813424345848,0.06582731539752994,0.9322636226577644,1.0687055782898989,0.019664089655809347,0.011010296666326842,0.029200449336484493,0.0157634863679578,9.973339398800398,0.12693317499851675,1.2426711490157676,9286,10548,9070,9286,10548,53.15072985568082,145.68802501425537,125.29964272852683,242.07437234539327,0.021389195148842337,0.020477815699658702,0.020923585770523626,0.021200486664092494,0.052039691289966925,0.05915813424345848,0.055371065550101066,0.05332295146360031,0.0785005512679162,0.07783466059916572,0.07816618779370722,0.0783664631992187,545797,0.9339058294567395,0.20932874310412114,0.7245770863526183,0.06609417054326058,0.9339058294567395,0.20932874310412114,0.7245770863526183,0.06609417054326058,0.9767391772560844,0.7730992892526384,0.3862804221408572,0.9767391772560844,0.7730992892526384,0.3862804221408572,0.7730992892526384,0.20363988800344604,0.023260822743915572,0.9767391772560844,0.7730992892526384,0.3862804221408572,0.20363988800344604,0.9322636226577644,0.9408418657565415,74.52658170163784,10.0,97.21018723529937,roi,4,4.9152,13368,32125,14215,-4.0,4.0,0.0,2.35,-2.0,2.0
4,sample_0004,C1_standard_cath,4CamAsym,0.05489357368367451,0.04970048670909771,0.05376991528442376,0.9451064263163255,1.0340156838781953,0.016205334066137913,0.009005905511811024,0.025003973220953785,0.01333727635664646,10.168745286298252,0.1042864694304747,1.2116099808282401,9819,10684,9599,9819,10684,68.00735355706574,199.37402334467328,122.57650854784492,229.01965322463445,0.01802271069903115,0.017128416323474355,0.017564187454524323,0.01783645828638392,0.04229607250755287,0.04970048670909771,0.04570030460722266,0.04359503647580399,0.06531930409417648,0.07160239610632722,0.0683166901709808,0.06648613232804966,544983,0.930249200433775,0.2172086101768312,0.7130405902569438,0.069750799566225,0.930249200433775,0.2172086101768312,0.7130405902569438,0.069750799566225,0.9775944597209492,0.7310316732864854,0.3424992361747632,0.9775944597209492,0.7310316732864854,0.3424992361747632,0.7310316732864854,0.2465627864344638,0.02240554027905082,0.9775944597209492,0.7310316732864854,0.3424992361747632,0.2465627864344638,0.9451064263163255,0.9502995132909022,71.98608334113314,10.0,94.3622509883307,roi,4,4.9152,13622,33097,14737,-4.0,4.0,0.0,2.35,-2.0,2.0
8,sample_0008,C1_standard_cath,4CamAsym,0.06290356175796709,0.05684804828190402,0.06159140558789884,0.9370964382420329,1.0090606123724224,0.017240844960854585,0.009703312334891282,0.02979892967939593,0.016102862390938312,9.97828197949692,0.12356646338777211,1.2139466136003247,9602,10273,9171,9602,10273,79.68688843997329,136.83932387310486,111.01801821016994,227.70595412779707,0.019518046014611275,0.01859242674973231,0.019043995757727,0.01932562177583635,0.04895867408134336,0.05684804828190402,0.052609229467275774,0.05035636573359697,0.07152982226583797,0.07787403874233427,0.07456723156649157,0.07271460007191652,545597,0.9328570355042275,0.21357705412603076,0.7192799813781967,0.06714296449577252,0.9328570355042275,0.21357705412603076,0.7192799813781967,0.06714296449577252,0.9551135180170798,0.6386169548010832,0.267652572380754,0.9551135180170798,0.6386169548010832,0.267652572380754,0.6386169548010832,0.3164965632159967,0.04488648198292022,0.9551135180170798,0.6386169548010832,0.267652572380754,0.3164965632159967,0.9370964382420329,0.943151951718096,66.92468530170981,10.0,90.05500390315765,roi,4,4.9152,13087,32829,14741,-4.0,4.0,0.0,2.35,-2.0,2.0
12,sample_0012,C1_standard_cath,4CamAsym,0.05038227798470888,0.04701141705842848,0.049669980391539706,0.9496177220152912,0.9736326210546952,0.015689383654158808,0.008606777837547068,0.024968921618861096,0.01309328968903437,10.197464930405216,0.10089348621454897,1.2063997927769368,10202,10423,9498,10202,10423,64.03124332846835,129.03488092840894,106.77078411132175,229.8205804024068,0.017687934301958308,0.01688573347404778,0.017277527294145698,0.017521453825564828,0.03927142556327648,0.04701141705842848,0.04279426383130766,0.040608590731038625,0.06253948199620973,0.06888611724071764,0.06555955786358222,0.06371349596370046,544601,0.9305748612286794,0.2219992251207765,0.7085756361079029,0.06942513877132066,0.9305748612286794,0.2219992251207765,0.7085756361079029,0.06942513877132066,0.9309939227602431,0.6973142521074299,0.28072926877082927,0.9309939227602431,0.6973142521074299,0.28072926877082927,0.6973142521074299,0.23367967065281317,0.06900607723975691,0.9309939227602431,0.6973142521074299,0.28072926877082927,0.23367967065281317,0.9496177220152912,0.9529885829415715,68.57484580828684,10.0,89.2905394013246,roi,4,4.9152,13092,32615,14544,-4.0,4.0,0.0,2.35,-2.0,2.0
16,sample_0016,C1_standard_cath,4CamAsym,0.06426236207601144,0.060106010601060106,0.06338573299289199,0.9357376379239886,0.9601552921945239,0.01972294188456857,0.010933428702804884,0.029557424601570143,0.015683795418284716,9.872736943069778,0.12613976057442078,1.1341345490321586,9788,9999,9564,9788,9999,76.48529384361144,189.07670682935282,110.00000163912773,230.38012410309676,0.02070263488080301,0.0214021402140214,0.021046576950988178,0.020838853868938894,0.04799247176913425,0.060106010601060106,0.0533705183213938,0.0500081631108098,0.06744040150564617,0.0813081308130813,0.07372782644951766,0.06982214257689902,545058,0.9343721218659299,0.1999585365227187,0.7344135853432112,0.06562787813407013,0.9343721218659299,0.1999585365227187,0.7344135853432112,0.06562787813407013,0.9771148344912137,0.769922353902738,0.28156926849203107,0.9771148344912137,0.769922353902738,0.28156926849203107,0.769922353902738,0.2071924805884757,0.02288516550878627,0.9771148344912137,0.769922353902738,0.28156926849203107,0.2071924805884757,0.9357376379239886,0.9398939893989399,72.4808894450682,10.0,91.91032140023933,roi,4,4.9152,12877,33140,14845,-4.0,4.0,0.0,2.35,-2.0,2.0
20,sample_0020,C1_standard_cath,4CamAsym,0.05516420279789662,0.04739046062710653,0.053411907536183634,0.9448357972021034,0.925389423553924,0.016436181263601093,0.009141696292534281,0.02452528760993469,0.012992345367627651,10.044976406081217,0.10731508410453361,1.1181272473467836,10079,9791,9874,10079,9791,63.245554145799765,148.6901108054779,111.01801821016994,225.6379860530203,0.017723313753291472,0.018384230415687878,0.0180477233369954,0.01785166794084127,0.04273850516508001,0.04739046062710653,0.04494442887444513,0.04359436967209735,0.06329754911889812,0.06761311408436319,0.06538419873699063,0.06411602007293994,543786,0.9322086261875075,0.197881151776618,0.7343274744108895,0.06779137381249241,0.9322086261875075,0.197881151776618,0.7343274744108895,0.06779137381249241,0.9796606806230777,0.7577140589344181,0.27205079869034626,0.9796606806230777,0.7577140589344181,0.27205079869034626,0.7577140589344181,0.22194662168865958,0.020339319376922314,0.9796606806230777,0.7577140589344181,0.27205079869034626,0.22194662168865958,0.9448357972021034,0.9526095393728935,71.89122002701154,10.0,91.82866538202936,roi,4,4.9152,12446,32596,14342,-4.0,4.0,0.0,2.35,-2.0,2.0
24,sample_0024,C1_standard_cath,4CamAsym,0.06546947152385839,0.06256949358132012,0.06486816809029225,0.9345305284761416,0.9516675218060544,0.01954131076526763,0.010965250965250965,0.030877720061117976,0.01663002074881546,9.840479569680065,0.12987983027415628,1.1392778726396933,9745,9893,9519,9745,9893,72.28416255112275,194.2485463857478,105.59356198318103,220.76005228072424,0.021010610358230906,0.021530375012635196,0.02126731744990885,0.021112545927221386,0.04958504044542494,0.06256949358132012,0.05532564326181714,0.051732136293165296,0.0658682634730539,0.08470635803093096,0.07410891228408684,0.06893436652622542,545731,0.9330585948022011,0.20876402476678071,0.7242945700354204,0.06694140519779891,0.9330585948022011,0.20876402476678071,0.7242945700354204,0.06694140519779891,0.9768086198050282,0.745510518214469,0.23160595177013854,0.9768086198050282,0.745510518214469,0.23160595177013854,0.745510518214469,0.23129810159055927,0.02319138019497178,0.9768086198050282,0.745510518214469,0.23160595177013854,0.23129810159055927,0.9345305284761416,0.9374305064186799,70.45616406756307,10.0,91.82285180709785,roi,4,4.9152,12581,32448,14650,-4.0,4.0,0.0,2.35,-2.0,2.0
28,sample_0028,C1_standard_cath,4CamAsym,0.06077348066298342,0.053006494866959984,0.059043173862310394,0.9392265193370166,0.9080863887493722,0.016831321246251668,0.009420777472954087,0.026718208786026192,0.01430615164520744,9.924230623144025,0.11874818147324584,1.1117124380966301,9955,9546,9582,9955,9546,80.7774733106957,213.71418108924397,112.02678418136954,227.99391200040813,0.018054685869338342,0.019065577205112087,0.018546366800554395,0.018248196334503825,0.04623251930703402,0.053006494866959984,0.049388314016064125,0.04744517235560864,0.06741807555833855,0.07332914309658496,0.07024948353735512,0.06852280115149824,545112,0.9337218773389688,0.20981559752858128,0.7239062798103876,0.06627812266103113,0.9337218773389688,0.20981559752858128,0.7239062798103876,0.06627812266103113,0.962531391260673,0.7471622300351582,0.25585133098945256,0.962531391260673,0.7471622300351582,0.25585133098945256,0.7471622300351582,0.2153691612255148,0.03746860873932697,0.962531391260673,0.7471622300351582,0.25585133098945256,0.2153691612255148,0.9392265193370166,0.94699350513304,70.71414546677856,10.0,89.39428574623021,roi,4,4.9152,12212,32850,14590,-4.0,4.0,0.0,2.35,-2.0,2.0
32,sample_0032,C1_standard_cath,4CamAsym,0.056343820686818834,0.051367443738015946,0.05527287519298701,0.9436561793131811,0.9664815957228049,0.016666893979348625,0.009407772979642195,0.025316194481223513,0.013558602280999758,10.097223495538842,0.10917880068962671,1.189011502662253,9726,9909,9506,9726,9909,55.452683358356445,262.89256429918515,101.1187435875701,251.65452413705623,0.017252261729434042,0.018468059339993945,0.017839469737632827,0.017482444158934362,0.04134231011992426,0.051367443738015946,0.04581284494269931,0.043021572231064155,0.06522196507468966,0.0734685639317792,0.06910009133532986,0.06671977917432322,544878,0.9401223760181179,0.19864079665539808,0.7414815793627197,0.059877623981882185,0.9401223760181179,0.19864079665539808,0.7414815793627197,0.059877623981882185,0.977380217972445,0.7534443758996504,0.24419082870655973,0.977380217972445,0.7534443758996504,0.24419082870655973,0.7534443758996504,0.22393584207279457,0.02261978202755501,0.977380217972445,0.7534443758996504,0.24419082870655973,0.22393584207279457,0.9436561793131811,0.9486325562619841,71.32542154068983,10.0,91.1822690554772,roi,4,4.9152,12678,32732,14630,-4.0,4.0,0.0,2.35,-2.0,2.0
36,sample_0036,C1_standard_cath,4CamAsym,0.05518676310314079,0.05111350927106838,0.054320991259396344,0.9448132368968593,0.9582879223224017,0.01620840521467628,0.00900273563790102,0.026433065136613428,0.013997760358342666,10.068663694425958,0.1094839942971626,1.1635036376179997,10093,10193,9861,10093,10193,67.26812123774165,189.2749351278933,103.6822083116239,232.88409332740048,0.017239630869080216,0.017757284410870204,0.017494629228425446,0.01734073294775328,0.03995537977892709,0.05111350927106838,0.04485087489401738,0.04177948012335239,0.05932461210830545,0.07122535073089376,0.0647325546862515,0.061375609626671386,544053,0.9355099595076215,0.1945031090720941,0.7410068504355274,0.0644900404923785,0.9355099595076215,0.1945031090720941,0.7410068504355274,0.0644900404923785,0.9770137719211335,0.7720202120281383,0.25998216585752504,0.9770137719211335,0.7720202120281383,0.25998216585752504,0.7720202120281383,0.20499355989299514,0.022986228078866543,0.9770137719211335,0.7720202120281383,0.25998216585752504,0.20499355989299514,0.9448132368968593,0.9488864907289316,72.23082852816714,10.0,90.34189857973978,roi,4,4.9152,12828,32923,14657,-4.0,4.0,0.0,2.35,-2.0,2.0
1,sample_0001,N1_mirrored_head,4CamAsym,0.04239649681528662,0.03250743310208127,0.03996495458351076,0.9576035031847134,0.9715366242038217,0.007747736901924123,0.004188690535554004,0.01435368630403525,0.007432333577176298,10.337906495344377,0.08757293022475321,1.21363579782677,10048,10090,9295,10048,10090,60.41523076822993,127.50489585436387,75.00000111758709,225.3691297864313,0.0078536847767617,0.008325074331020813,0.008082512274689426,0.007943643142324902,0.02926304464766003,0.03250743310208127,0.030800035903915595,0.029859058390095533,0.05013448090371167,0.05113974231912785,0.050632122432134226,0.05033235901639482,544256,0.9093753674741298,0.18868326669802446,0.7206921007761053,0.09062463252587018,0.9093753674741298,0.18868326669802446,0.7206921007761053,0.09062463252587018,0.9250597133757962,0.6720740445859873,0.3387738853503185,0.9250597133757962,0.6720740445859873,0.3387738853503185,0.6720740445859873,0.25298566878980894,0.07494028662420382,0.9250597133757962,0.6720740445859873,0.3387738853503185,0.25298566878980894,0.9576035031847134,0.9674925668979187,68.70339872141473,10.0,97.1095745944993,roi,4,4.9152,12721,32435,14313,-4.0,4.0,0.0,2.35,-2.0,2.0
5,sample_0005,N1_mirrored_head,4CamAsym,0.059254263416514116,0.048133344672166,0.05663713001313609,0.9407457365834859,1.078427594180557,0.015323580401510597,0.008243384797558866,0.02297212780624168,0.011870008262186725,10.100900733346853,0.1203974466338622,1.3048751999079733,10379,11759,9200,10379,11759,52.2015333224162,108.85770690749241,94.07444001295227,245.0000036507845,0.01858695652173913,0.015392465345692661,0.016839549846313466,0.017846210192849314,0.04847826086956522,0.048133344672166,0.04830518707266578,0.048408882737345935,0.06956521739130435,0.0655667998979505,0.06750685411274127,0.06872699072051916,543199,0.9132730362169297,0.20306554319871722,0.7102074930182125,0.0867269637830703,0.9132730362169297,0.20306554319871722,0.7102074930182125,0.0867269637830703,0.8864052413527315,0.6490027941034782,0.3361595529434435,0.8864052413527315,0.6490027941034782,0.3361595529434435,0.6490027941034782,0.2374024472492533,0.11359475864726852,0.8864052413527315,0.6490027941034782,0.3361595529434435,0.2374024472492533,0.9407457365834859,0.951866655327834,66.9522364369877,10.0,96.45886048660854,roi,4,4.9152,14410,32896,14602,-4.0,4.0,0.0,2.35,-2.0,2.0
9,sample_0009,N1_mirrored_head,4CamAsym,0.04856877131342358,0.03738601823708207,0.04582723994606956,0.9514312286865764,0.9818125452102925,0.00807052885792092,0.00447070914696814,0.012857930198316738,0.00659444182760245,10.292327185672024,0.09186373978774454,1.2109645837972347,9677,9870,8607,9677,9870,46.36809316841694,117.5478542391456,76.3216887496505,251.24689427189267,0.009875682583943302,0.008814589665653495,0.009315015691928058,0.009643507122502663,0.04287208086441269,0.03738601823708207,0.03994154895275207,0.04164973587972368,0.07865690716858371,0.06312056737588652,0.07003748126372711,0.07496649382306848,545008,0.9143223585708834,0.18184503713706954,0.7324773214338138,0.08567764142911663,0.9143223585708834,0.18184503713706954,0.7324773214338138,0.08567764142911663,0.8894285419034825,0.6537149943164203,0.3481450862870724,0.8894285419034825,0.6537149943164203,0.3481450862870724,0.6537149943164203,0.23571354758706212,0.11057145809651751,0.8894285419034825,0.6537149943164203,0.3481450862870724,0.23571354758706212,0.9514312286865764,0.9626139817629179,67.76188077210186,10.0,96.72429988824642,roi,4,4.9152,12694,32621,14178,-4.0,4.0,0.0,2.35,-2.0,2.0
13,sample_0013,N1_mirrored_head,4CamAsym,0.08400789733464956,0.08381676335267053,0.08396960083277957,0.9159921026653505,0.9042448173741362,0.01586623156515457,0.010391044626273781,0.02668042255857917,0.015901060070671377,9.680795302366421,0.1410551985948374,1.0913472885310682,10130,9998,9064,10130,9998,47.696960781587364,157.0031870206056,86.16844098208024,236.37893659377687,0.021844660194174758,0.020704140828165633,0.021259114717058644,0.02160661350256774,0.07480141218005296,0.08381676335267053,0.07905288586360801,0.07644592048926767,0.11915269196822595,0.1269253850770154,0.12291628325955772,0.1206301284439949,544266,0.9126180948286315,0.18238692110107926,0.7302311737275523,0.08738190517136842,0.9126180948286315,0.18238692110107926,0.7302311737275523,0.08738190517136842,0.8947680157946692,0.6341559723593287,0.3258637709772952,0.8947680157946692,0.6341559723593287,0.3258637709772952,0.6341559723593287,0.26061204343534056,0.1052319842053307,0.8947680157946692,0.6341559723593287,0.3258637709772952,0.26061204343534056,0.9159921026653505,0.9161832366473295,66.6877433222154,10.0,97.55256628763371,roi,4,4.9152,12593,32188,14281,-4.0,4.0,0.0,2.35,-2.0,2.0
17,sample_0017,N1_mirrored_head,4CamAsym,0.057473619506198136,0.04335837215936104,0.053960283075067894,0.9425263804938019,1.0307345558856675,0.014752940374709525,0.008253778838504375,0.021234913567350227,0.011383721278571643,10.161891312828065,0.10933215157677356,1.2552128288274924,9761,10517,9270,9761,10517,55.226805908879825,130.95801048851433,75.66373087958522,218.74643180184935,0.01704422869471413,0.015783968812398973,0.01638990834574283,0.016776329844596996,0.04412081984897519,0.04335837215936104,0.04373627334842534,0.043966192632480264,0.07637540453074433,0.06855567176951602,0.07225458194246928,0.07467192904911647,545363,0.9104688070147773,0.22486490649347315,0.6856039005213042,0.08953119298522269,0.9104688070147773,0.22486490649347315,0.6856039005213042,0.08953119298522269,0.9496977768671243,0.7059727486937813,0.3605163405388792,0.9496977768671243,0.7059727486937813,0.3605163405388792,0.7059727486937813,0.2437250281733429,0.05030222313287573,0.9496977768671243,0.7059727486937813,0.3605163405388792,0.2437250281733429,0.9425263804938019,0.956641627840639,70.30207513036974,10.0,95.78646626961755,roi,4,4.9152,13206,32478,14522,-4.0,4.0,0.0,2.35,-2.0,2.0
21,sample_0021,N1_mirrored_head,4CamAsym,0.06483894506410924,0.052657431967776794,0.06197169903560501,0.9351610549358907,1.0052121338475972,0.016042465197701136,0.008929938255855488,0.024018708580549334,0.012735976876524252,9.973279213172825,0.12550624841805624,1.2283416975870063,9593,10179,8759,9593,10179,48.989795585668396,120.62338261557663,71.41428534958426,241.71781378424203,0.01872359858431328,0.017192258571568916,0.017925282799442006,0.01839588875602257,0.05388743007192602,0.052657431967776794,0.05326533121556593,0.05363685488299926,0.09293298321726225,0.07711955987818057,0.08429101539350835,0.08927192811326262,545349,0.9127109429007846,0.19032766173587923,0.7223832811649054,0.08728905709921536,0.9127109429007846,0.19032766173587923,0.7223832811649054,0.08728905709921536,0.9130616074220786,0.6991556343166893,0.3527572188053789,0.9130616074220786,0.6991556343166893,0.3527572188053789,0.6991556343166893,0.21390597310538934,0.0869383925779214,0.9130616074220786,0.6991556343166893,0.3527572188053789,0.21390597310538934,0.9351610549358907,0.9473425680322232,69.7496823721147,10.0,96.61908559937798,roi,4,4.9152,12817,31651,13862,-4.0,4.0,0.0,2.35,-2.0,2.0
25,sample_0025,N1_mirrored_head,4CamAsym,0.08198910921606904,0.062427168303645746,0.07715378563267342,0.9180108907839309,1.15729990753108,0.019561132643830945,0.011582472788166341,0.027125909457193557,0.0150240045184976,9.879586710428796,0.1413653400642425,1.2932401112943182,9733,12014,8601,9733,12014,36.74234668925129,98.10708581365239,95.00000141561031,249.11593942727868,0.027787466573654225,0.020725819876810388,0.023742692741564674,0.026014732370561067,0.07603767003836763,0.062427168303645746,0.06856349210010186,0.0728606248883695,0.12824090222067203,0.09946728816380888,0.11203615253392986,0.12122724758205865,544540,0.9126987916406508,0.21686377492929812,0.6958350167113527,0.08730120835934918,0.9126987916406508,0.21686377492929812,0.6958350167113527,0.08730120835934918,0.8836946470769547,0.6687557793075105,0.3788143429569506,0.8836946470769547,0.6687557793075105,0.3788143429569506,0.6687557793075105,0.21493886776944415,0.11630535292304531,0.8836946470769547,0.6687557793075105,0.3788143429569506,0.21493886776944415,0.9180108907839309,0.9375728316963543,68.22114524351777,10.0,96.63725766174917,roi,4,4.9152,14806,32716,14421,-4.0,4.0,0.0,2.35,-2.0,2.0
29,sample_0029,N1_mirrored_head,4CamAsym,0.10014443909484834,0.10022333891680625,0.10016020911957954,0.8998555609051516,0.9310544053923929,0.02375754906606228,0.014888814177993372,0.03136216510733815,0.018017248740500383,9.533420384226254,0.1640136996546968,1.1735573809849378,10385,10746,9325,10385,10746,49.49747542062817,139.82131662459557,75.99324388196486,234.82706639582608,0.03099195710455764,0.028847943420807744,0.029881541152408868,0.030538032479459177,0.09308310991957104,0.10022333891680625,0.09652135383021848,0.09442858843302823,0.14069705093833781,0.1522426949562628,0.1462423485200814,0.14286392805090076,543809,0.9107738194844146,0.2225818256042103,0.6881919938802042,0.08922618051558544,0.9107738194844146,0.2225818256042103,0.6881919938802042,0.08922618051558544,0.8979297063071738,0.6640346653827636,0.3190178141550313,0.8979297063071738,0.6640346653827636,0.3190178141550313,0.6640346653827636,0.2338950409244102,0.10207029369282619,0.8979297063071738,0.6640346653827636,0.3190178141550313,0.2338950409244102,0.8998555609051516,0.8997766610831938,67.01078180068804,10.0,94.15469368340861,roi,4,4.9152,13343,32808,14523,-4.0,4.0,0.0,2.35,-2.0,2.0
33,sample_0033,N1_mirrored_head,4CamAsym,0.05638373390122706,0.04705102717031146,0.05423230704640821,0.9436162660987729,1.0207889666362437,0.015685889069870004,0.008443193600948008,0.022880309693224656,0.0117688286657127,10.117355868160063,0.1141320098168137,1.258675966563539,9861,10563,9072,9861,10563,61.84658530585083,171.74834973136944,80.15609890382592,233.81081949476703,0.01763668430335097,0.016188582788980402,0.016881636037850402,0.01732670257651107,0.04497354497354497,0.04705102717031146,0.045988836181440625,0.04537423405135144,0.06558641975308642,0.06399697055760674,0.0647819471901986,0.06526224496216584,544700,0.9129208738755279,0.20984211492564714,0.7030787589498807,0.08707912612447219,0.9129208738755279,0.20984211492564714,0.7030787589498807,0.08707912612447219,0.9199878308487983,0.662914511712808,0.37633100091268634,0.9199878308487983,0.662914511712808,0.37633100091268634,0.662914511712808,0.25707331913599024,0.0800121691512017,0.9199878308487983,0.662914511712808,0.37633100091268634,0.25707331913599024,0.9436162660987729,0.9529489728296885,68.80377466818146,10.0,96.22292926917571,roi,4,4.9152,13310,31754,14005,-4.0,4.0,0.0,2.35,-2.0,2.0
37,sample_0037,N1_mirrored_head,4CamAsym,0.057238413760152894,0.0443198738722957,0.054085406240833536,0.9427615862398471,1.0426182513139035,0.015594586734399972,0.008340629464079997,0.022036413517993292,0.011388827311017513,10.110154880009695,0.11245962866331649,1.2347511668624276,10465,11417,9416,10465,11417,44.158804989656694,98.36157933023173,102.1028908047623,221.69799607751116,0.01784197111299915,0.01585355172111763,0.01678909172824728,0.017405360356441267,0.047684791843670346,0.0443198738722957,0.04594079971253888,0.04697154346572395,0.07805862361937128,0.0603486029604975,0.06807056251112717,0.0737311648587876,542909,0.9124788868852791,0.21351091987791693,0.6989679670073622,0.08752111311472088,0.9124788868852791,0.21351091987791693,0.6989679670073622,0.08752111311472088,0.8997611084567606,0.650740563784042,0.3626373626373626,0.8997611084567606,0.650740563784042,0.3626373626373626,0.650740563784042,0.24902054467271859,0.10023889154323937,0.8997611084567606,0.650740563784042,0.3626373626373626,0.24902054467271859,0.9427615862398471,0.9556801261277043,67.63319752828717,10.0,95.92543470167863,roi,4,4.9152,14139,32038,14283,-4.0,4.0,0.0,2.35,-2.0,2.0
2,sample_0002,C2_radial_echo,4CamAsym,0.07938308006350646,0.0694531087544188,0.0771762446633518,0.9206169199364935,1.0149693808119755,0.02129379418793048,0.012744451768842013,0.03210119803740731,0.01772743272215289,9.759270093228176,0.14395420049668084,1.1988120984368065,8818,9618,8609,8818,9618,52.2015333224162,206.00970943418682,76.48529384361144,218.00229681440376,0.025786967127424787,0.024121438968600542,0.024926412298269033,0.025435712008318956,0.06435126030897897,0.0694531087544188,0.06680491992912115,0.06531077291026775,0.10036008827970729,0.10126845498024538,0.10081222546615123,0.10054045560524127,546518,0.9449569822036968,0.18630127461492577,0.7586557075887711,0.05504301779630314,0.9449569822036968,0.18630127461492577,0.7586557075887711,0.05504301779630314,0.9762984803810388,0.7815831254252665,0.32479020185983215,0.9762984803810388,0.7815831254252665,0.32479020185983215,0.7815831254252665,0.19471535495577227,0.023701519618961216,0.9762984803810388,0.7815831254252665,0.32479020185983215,0.19471535495577227,0.9206169199364935,0.9305468912455812,74.20658847057028,10.0,94.46437838965697,roi,4,4.9152,12587,32262,14206,-4.0,4.0,0.0,2.35,-2.0,2.0
6,sample_0006,C2_radial_echo,4CamAsym,0.06304228445908841,0.05144965735371639,0.06032385263606742,0.9369577155409116,0.9881383855024711,0.017574254033680434,0.010051616408584624,0.027485273357966796,0.01471571906354515,10.035837494863554,0.11856636713788549,1.2215011664832873,9105,9485,8918,9105,9485,47.434165609349826,215.94559426290053,77.94228750203006,197.05326906179755,0.019735366674142184,0.019504480759093307,0.019619244454219253,0.019688753223005364,0.048441354563803544,0.05144965735371639,0.04990020716008893,0.04901453845014959,0.08129625476564252,0.07812335266209805,0.07967822884073794,0.08064122219264447,545952,0.9414417384678506,0.19693672703827442,0.7445050114295763,0.058558261532149346,0.9414417384678506,0.19693672703827442,0.7445050114295763,0.058558261532149346,0.9794618341570566,0.742339373970346,0.25546403075233387,0.9794618341570566,0.742339373970346,0.25546403075233387,0.742339373970346,0.2371224601867106,0.020538165842943438,0.9794618341570566,0.742339373970346,0.25546403075233387,0.2371224601867106,0.9369577155409116,0.9485503426462836,71.26238794327207,10.0,93.58444972085462,roi,4,4.9152,12429,31993,14058,-4.0,4.0,0.0,2.35,-2.0,2.0
10,sample_0010,C2_radial_echo,4CamAsym,0.0736275565123789,0.06227758007117438,0.07103823839412038,0.926372443487621,1.021097954790097,0.022286185127829997,0.012258098169109593,0.03241972063459211,0.01674840381234385,9.788080278719661,0.14403177292406588,1.2283980081954489,9290,10116,9058,9290,10116,51.23475459325532,169.11534777289265,85.58621511845243,237.11811756092277,0.023735924045043055,0.023230525899565046,0.023480505719669947,0.02363309278485536,0.057407816294987854,0.06227758007117438,0.059743627619938615,0.05831987490066395,0.09295650253919187,0.09104389086595492,0.09199025627977074,0.09256757840745405,545865,0.9409634250226704,0.19374937026554184,0.7472140547571285,0.05903657497732956,0.9409634250226704,0.19374937026554184,0.7472140547571285,0.05903657497732956,0.9750269106566201,0.732508073196986,0.2581270182992465,0.9750269106566201,0.732508073196986,0.2581270182992465,0.732508073196986,0.242518837459634,0.024973089343379978,0.9750269106566201,0.732508073196986,0.2581270182992465,0.242518837459634,0.926372443487621,0.9377224199288257,70.91870621259547,10.0,93.77317235450039,roi,4,4.9152,12999,31538,13923,-4.0,4.0,0.0,2.35,-2.0,2.0
14,sample_0014,C2_radial_echo,4CamAsym,0.06534883720930233,0.057269186230129485,0.06355552905745451,0.9346511627906977,1.041279069767442,0.018493736934925276,0.010552763819095477,0.027580303555758585,0.014572008644966926,10.044607798165483,0.12380623521726486,1.2826701505956124,8600,9499,8033,8600,9499,45.55216857450169,137.76785833705304,83.96427936989856,209.94642410539862,0.02178513631271007,0.01989683124539425,0.020798211133755604,0.021379335932939923,0.05365367857587452,0.057269186230129485,0.05540250904386934,0.05433979251851673,0.08801195070334869,0.0883250868512475,0.08816824074652113,0.08807440018261867,546965,0.9470953351676982,0.21132796431215892,0.7357673708555392,0.052904664832301884,0.9470953351676982,0.21132796431215892,0.7357673708555392,0.052904664832301884,0.9340697674418604,0.7502325581395349,0.3437209302325581,0.9340697674418604,0.7502325581395349,0.3437209302325581,0.7502325581395349,0.18383720930232558,0.06593023255813954,0.9340697674418604,0.7502325581395349,0.3437209302325581,0.18383720930232558,0.9346511627906977,0.9427308137698706,72.32141740288218,10.0,95.36708139207643,roi,4,4.9152,12403,32703,14498,-4.0,4.0,0.0,2.35,-2.0,2.0
18,sample_0018,C2_radial_echo,4CamAsym,0.0800182898948331,0.06820897143477789,0.07734023892292843,0.9199817101051669,0.9806812985825332,0.02000689483239959,0.011663286004056795,0.03273174669749721,0.01749509483322433,9.698740155764908,0.14883312181276265,1.1870713741388466,8748,9207,8491,8748,9207,45.000000670552254,225.00000335276127,76.48529384361144,200.773214870948,0.023083264633140973,0.022482893450635387,0.022779123852643125,0.02296063890473474,0.06347897774113767,0.06820897143477789,0.06575902816544196,0.0643717576833835,0.10293251678247556,0.09851200173780819,0.10067375718770112,0.10201695829015481,546734,0.9447464397677847,0.19581551540602926,0.7489309243617555,0.0552535602322153,0.9447464397677847,0.19581551540602926,0.7489309243617555,0.0552535602322153,0.9706218564243255,0.736854138088706,0.27994970278920894,0.9706218564243255,0.736854138088706,0.27994970278920894,0.736854138088706,0.23376771833561957,0.02937814357567444,0.9706218564243255,0.736854138088706,0.27994970278920894,0.23376771833561957,0.9199817101051669,0.9317910285652221,71.48275428047958,10.0,92.3129160618748,roi,4,4.9152,11960,32347,14191,-4.0,4.0,0.0,2.35,-2.0,2.0
22,sample_0022,C2_radial_echo,4CamAsym,0.06309297912713473,0.054245532409855135,0.06109990029367426,0.9369070208728653,1.060721062618596,0.017260604825234498,0.009936205047140519,0.027935154913887008,0.015014915478952602,10.090736865245749,0.12112668576404528,1.3020037231450468,8432,9457,7522,8432,9457,51.72040293463704,110.11357936854638,78.74007991343672,199.31096303136786,0.02153682531241691,0.018610553029501955,0.019967043733232114,0.020880196358210198,0.05065142249401755,0.054245532409855135,0.05238690452020082,0.05133163160227712,0.07896835947886201,0.07666278946811886,0.07779849674480178,0.07849621770900919,547379,0.9424402470683019,0.21708724667917476,0.7253530003891271,0.05755975293169815,0.9424402470683019,0.21708724667917476,0.7253530003891271,0.05755975293169815,0.8920777988614801,0.7229601518026565,0.31842979127134724,0.8920777988614801,0.7229601518026565,0.31842979127134724,0.7229601518026565,0.16911764705882354,0.10792220113851993,0.8920777988614801,0.7229601518026565,0.31842979127134724,0.16911764705882354,0.9369070208728653,0.9457544675901448,69.81845459226945,10.0,94.02888944702639,roi,4,4.9152,12308,31985,14012,-4.0,4.0,0.0,2.35,-2.0,2.0
26,sample_0026,C2_radial_echo,4CamAsym,0.06188529119239695,0.057684341342170674,0.06099685347598367,0.9381147088076031,1.0055254724278926,0.019456646357660222,0.010698654563138272,0.029450009188249426,0.015190509070365954,9.951654631202048,0.12427073370786512,1.1943619685235545,9049,9656,8828,9049,9656,56.12486163793472,149.66207394434733,85.73214227491968,286.96690132177486,0.020729497054825553,0.020505385252692625,0.02061683212934766,0.020684283643557632,0.04576347983688265,0.057684341342170674,0.051037057365318626,0.04773649407750798,0.06819211599456275,0.0811930405965203,0.07412684591501975,0.0704482003443837,546396,0.9432481204108376,0.1927173698196912,0.7505307505911464,0.05675187958916244,0.9432481204108376,0.1927173698196912,0.7505307505911464,0.05675187958916244,0.9755774118687148,0.7524588352304122,0.293623604818212,0.9755774118687148,0.7524588352304122,0.293623604818212,0.7524588352304122,0.22311857663830256,0.024422588131285224,0.9755774118687148,0.7524588352304122,0.293623604818212,0.22311857663830256,0.9381147088076031,0.9423156586578293,72.41052202977853,10.0,94.54268807740046,roi,4,4.9152,12418,31496,13872,-4.0,4.0,0.0,2.35,-2.0,2.0
30,sample_0030,C2_radial_echo,4CamAsym,0.06934306569343066,0.057708333333333334,0.0666553526920505,0.9306569343065694,1.031706204379562,0.01969170040866689,0.011231006386258534,0.03023139797951146,0.015793875450334536,9.91407658761984,0.13531733543157276,1.267249942187483,8768,9600,8575,8768,9600,65.00000096857548,219.73279400082026,79.21489876916826,237.38155294664512,0.022973760932944606,0.02125,0.022078285949732178,0.022606993384636155,0.053877551020408164,0.057708333333333334,0.05572718613069155,0.05460247297055135,0.07918367346938776,0.0853125,0.0821339123017873,0.08033796492931256,546461,0.9474454718634999,0.18073018934562576,0.7667152825178741,0.052554528136500134,0.9474454718634999,0.18073018934562576,0.7667152825178741,0.052554528136500134,0.9779881386861314,0.7660812043795621,0.3094206204379562,0.9779881386861314,0.7660812043795621,0.3094206204379562,0.7660812043795621,0.21190693430656934,0.022011861313868612,0.9779881386861314,0.7660812043795621,0.3094206204379562,0.21190693430656934,0.9306569343065694,0.9422916666666666,73.53620129216955,10.0,93.55491154312169,roi,4,4.9152,12401,31919,14058,-4.0,4.0,0.0,2.35,-2.0,2.0
34,sample_0034,C2_radial_echo,4CamAsym,0.07585262917759782,0.06141439205955335,0.07244627300321851,0.9241473708224022,1.03547393635223,0.021264690023242595,0.011520105326677273,0.032509874263521754,0.016568577277379735,9.721970057867537,0.14879109446025052,1.2098810027174094,8767,9672,8556,8767,9672,50.74386067001156,264.25603429559146,89.16277382926388,243.54662807838474,0.02337540906965872,0.021712158808933003,0.022513105843759047,0.02302268062937431,0.06030855539971949,0.06141439205955335,0.06085645054073179,0.060526525319623284,0.08859280037400655,0.08147229114971051,0.0848834803329718,0.08707083824880128,546702,0.9438926508408603,0.1932716543930697,0.7506209964477906,0.056107349159139716,0.9438926508408603,0.1932716543930697,0.7506209964477906,0.056107349159139716,0.9759324740504164,0.7641154328732748,0.32861868370023956,0.9759324740504164,0.7641154328732748,0.32861868370023956,0.7641154328732748,0.21181704117714156,0.024067525949583665,0.9759324740504164,0.7641154328732748,0.32861868370023956,0.21181704117714156,0.9241473708224022,0.9385856079404467,73.5333047607032,10.0,94.09890341114195,roi,4,4.9152,12480,31358,13686,-4.0,4.0,0.0,2.35,-2.0,2.0
38,sample_0038,C2_radial_echo,4CamAsym,0.05846638183044749,0.052128315854410856,0.05707839667121493,0.9415336181695525,1.0365414886440296,0.01825165601726977,0.010199652777777778,0.02719458299403034,0.014337032522932837,10.09252276238697,0.11692892439222258,1.2618120065583116,8894,9726,8668,8894,9726,55.000000819563866,161.01242428031824,78.26238037869298,228.08989795794514,0.019843101061375174,0.019329631914456098,0.019583001257246123,0.019738236411528068,0.043262574988463316,0.052128315854410856,0.047283449263273505,0.04478597287076001,0.06449007844946932,0.07269175406127905,0.06834573990217128,0.06597893458076608,546409,0.9449679635584334,0.19472775887659244,0.7502402046818409,0.055032036441566665,0.9449679635584334,0.19472775887659244,0.7502402046818409,0.055032036441566665,0.9745896109736901,0.7797391499887565,0.3215651000674612,0.9745896109736901,0.7797391499887565,0.3215651000674612,0.7797391499887565,0.19485046098493367,0.025410389026309873,0.9745896109736901,0.7797391499887565,0.3215651000674612,0.19485046098493367,0.9415336181695525,0.9478716841455892,73.91724717624145,10.0,93.25885730048897,roi,4,4.9152,12553,32420,14331,-4.0,4.0,0.0,2.35,-2.0,2.0
3,sample_0003,N2_mirrored_support,4CamAsym,0.1484406237504998,0.11949265687583445,0.14158082637204747,0.8515593762495002,1.0547780887644942,0.029080082879114004,0.020798514391829157,0.045849210240701405,0.03162612396764101,9.041379434043035,0.21749136663502588,1.2162931006027446,10004,11984,8726,10004,11984,33.54102016229699,115.08148496400776,80.3118932177855,255.04166646298336,0.0493926197570479,0.037383177570093455,0.04255686797250095,0.04641070784405572,0.14027045610818245,0.11949265687583445,0.12905057449464086,0.13555625730693124,0.21980288792115518,0.19551068090787718,0.206946343718779,0.2144732271491507,543760,0.9179803589819038,0.2026850080918052,0.7152953508900985,0.08201964101809622,0.9179803589819038,0.2026850080918052,0.7152953508900985,0.08201964101809622,0.8722510995601759,0.5688724510195922,0.2588964414234306,0.8722510995601759,0.5688724510195922,0.2588964414234306,0.5688724510195922,0.3033786485405838,0.12774890043982406,0.8722510995601759,0.5688724510195922,0.2588964414234306,0.3033786485405838,0.8515593762495002,0.8805073431241656,62.44272045852838,10.0,97.19828899837081,roi,4,4.9152,14625,32786,14343,-4.0,4.0,0.0,2.35,-2.0,2.0
7,sample_0007,N2_mirrored_support,4CamAsym,0.2296954314720812,0.21242344706911637,0.22601993070068915,0.7703045685279188,0.9519881556683587,0.0448134065320769,0.035960517831456776,0.08797055683527352,0.06518661324818507,7.962842361678045,0.3179393632121863,1.1422359939983457,9456,11430,7850,9456,11430,25.495097947870484,135.7387216276468,68.00735355706574,239.26972584550467,0.08917197452229299,0.06342957130358705,0.07412952582665376,0.08247741012806345,0.2378343949044586,0.21242344706911637,0.22441186932250087,0.23227720797741236,0.3247133757961783,0.2941382327209099,0.30867050253418304,0.31810018673088947,545118,0.9208611713427184,0.20418514890354014,0.7166760224391783,0.07913882865728154,0.9208611713427184,0.20418514890354014,0.7166760224391783,0.07913882865728154,0.830160744500846,0.5209390862944162,0.22472504230118442,0.830160744500846,0.5209390862944162,0.22472504230118442,0.5209390862944162,0.3092216582064298,0.16983925549915396,0.830160744500846,0.5209390862944162,0.22472504230118442,0.3092216582064298,0.7703045685279188,0.7875765529308836,59.289335806360036,10.0,96.45549608640208,roi,4,4.9152,14375,33489,14677,-4.0,4.0,0.0,2.35,-2.0,2.0
11,sample_0011,N2_mirrored_support,4CamAsym,0.19905721019927147,0.19022181982797645,0.19722507492733812,0.8009427898007285,0.958217270194986,0.04439116349603157,0.035255270510541024,0.06637096979476508,0.048263813059620006,8.420344864667433,0.275327092671649,1.1736157915932977,9334,11045,7786,9334,11045,26.925824436898566,131.86164633273722,73.48469337850258,240.20824656866805,0.08502440277421013,0.06283386147578089,0.07226395593205463,0.07941511995239117,0.20305676855895197,0.19022181982797645,0.1964298549895624,0.20035306057954355,0.2838427947598253,0.2684472612041648,0.2759304464854572,0.2806240198726508,546083,0.9219331127319473,0.20351301908317967,0.7184200936487677,0.07806688726805266,0.9219331127319473,0.20351301908317967,0.7184200936487677,0.07806688726805266,0.8341547032354831,0.5513177630169274,0.2590529247910863,0.8341547032354831,0.5513177630169274,0.2590529247910863,0.5513177630169274,0.2828369402185558,0.16584529676451681,0.8341547032354831,0.5513177630169274,0.2590529247910863,0.2828369402185558,0.8009427898007285,0.8097781801720235,61.15590679817484,10.0,96.75251198002941,roi,4,4.9152,13893,32657,14655,-4.0,4.0,0.0,2.35,-2.0,2.0
15,sample_0015,N2_mirrored_support,4CamAsym,0.1312685991403064,0.12747817154596816,0.1304925875319826,0.8687314008596936,0.936184283037584,0.02595374969052679,0.02023325196636832,0.04030323979313417,0.02647144380878503,9.251394498749258,0.1906679536085788,1.15807403507176,9073,9735,8010,9073,9735,32.015621664234175,177.87284705813076,65.19202502346334,256.851119310105,0.04519350811485643,0.03831535695942476,0.04147117540465002,0.043627168741304526,0.1282147315855181,0.12747817154596816,0.12784539068238418,0.12806673943671243,0.19950062421972534,0.1837699024139702,0.19131244223965266,0.1961426580377734,546748,0.9181140123054863,0.19789007001397352,0.7202239422915128,0.08188598769451375,0.9181140123054863,0.19789007001397352,0.7202239422915128,0.08188598769451375,0.882839193210625,0.6216246004629119,0.2693706602005952,0.882839193210625,0.6216246004629119,0.2693706602005952,0.6216246004629119,0.26121459274771297,0.11716080678937507,0.882839193210625,0.6216246004629119,0.2693706602005952,0.26121459274771297,0.8687314008596936,0.8725218284540318,64.78555734185387,10.0,93.49417770454474,roi,4,4.9152,12746,32459,14325,-4.0,4.0,0.0,2.35,-2.0,2.0
19,sample_0019,N2_mirrored_support,4CamAsym,0.13970662620131513,0.13691096994405993,0.13913839834620612,0.8602933737986849,0.9208902377339403,0.03184528204283122,0.022776192621514743,0.046344362131472056,0.028640120210368145,8.97085548714396,0.21898105849557303,1.1606660723107132,9885,10547,8901,9885,10547,35.70714267479213,110.00000163912773,61.03277898812778,180.62392137339057,0.04864621952589597,0.043140229449132456,0.04572808068326013,0.04743538336019287,0.13313110886417256,0.13691096994405993,0.13499458547173968,0.13387029156817132,0.20390967307044153,0.19948800606807623,0.20167460648601263,0.2030097278232382,544702,0.9177495217568505,0.1980459039988838,0.7197036177579668,0.08225047824314946,0.9177495217568505,0.1980459039988838,0.7197036177579668,0.08225047824314946,0.9004552352048558,0.6315629742033384,0.27658067779463835,0.9004552352048558,0.6315629742033384,0.27658067779463835,0.6315629742033384,0.2688922610015175,0.09954476479514415,0.9004552352048558,0.6315629742033384,0.27658067779463835,0.2688922610015175,0.8602933737986849,0.8630890300559401,65.61847184104474,10.0,96.45427422689738,roi,4,4.9152,13383,32865,14707,-4.0,4.0,0.0,2.35,-2.0,2.0
23,sample_0023,N2_mirrored_support,4CamAsym,0.1255952380952381,0.13041319030591975,0.12653013763246151,0.8744047619047619,0.8685515873015873,0.021119850481506653,0.018810679611650484,0.03269908547499694,0.02638445076368327,9.414318844372062,0.16656016584884736,1.0799205030812804,10080,10068,8755,10080,10068,33.9116504209493,132.38202492138313,61.84658530585083,265.047169563482,0.04066247858366648,0.03694874851013111,0.038716761768776455,0.039861186560177536,0.11890348372358653,0.13041319030591975,0.12439266415888205,0.12103997715421165,0.2003426613363792,0.20738974970202623,0.20380530595236823,0.20171350332302898,544553,0.9168969778882864,0.18898803238619566,0.7279089455020907,0.08310302211171365,0.9168969778882864,0.18898803238619566,0.7279089455020907,0.08310302211171365,0.8685515873015873,0.5759920634920634,0.25456349206349205,0.8685515873015873,0.5759920634920634,0.25456349206349205,0.5759920634920634,0.2925595238095238,0.1314484126984127,0.8685515873015873,0.5759920634920634,0.25456349206349205,0.2925595238095238,0.8744047619047619,0.8695868096940802,62.709627770938035,10.0,94.79930613386482,roi,4,4.9152,12771,33312,14733,-4.0,4.0,0.0,2.35,-2.0,2.0
27,sample_0027,N2_mirrored_support,4CamAsym,0.09808444489018153,0.07819924297334299,0.09333750596359158,0.9019155551098185,1.1479289940828403,0.023105142749888563,0.016112195343348613,0.03049816166173919,0.01796853436378692,9.759167452903213,0.15721653960259363,1.3313328491573633,9971,12417,8962,9971,12417,39.05124896144222,112.91589958894015,88.60022705359299,212.66170635027368,0.03827270698504798,0.02858983651445599,0.03273014690732838,0.0358447132779133,0.09127426913635349,0.07819924297334299,0.08423238133860128,0.08832079624398377,0.14338317339879492,0.11532576306676331,0.12783303204797844,0.13673020139446498,544006,0.9170045918611192,0.21800678668985268,0.6989978051712665,0.08299540813888082,0.9170045918611192,0.21800678668985268,0.6989978051712665,0.08299540813888082,0.8988065389629927,0.6478788486611172,0.2905425734630428,0.8988065389629927,0.6478788486611172,0.2905425734630428,0.6478788486611172,0.25092769030187545,0.10119346103700733,0.8988065389629927,0.6478788486611172,0.2905425734630428,0.25092769030187545,0.9019155551098185,0.921800757026657,66.11775494784,10.0,94.09256816510056,roi,4,4.9152,15282,32947,14625,-4.0,4.0,0.0,2.35,-2.0,2.0
31,sample_0031,N2_mirrored_support,4CamAsym,0.14465274818917767,0.12843273231622745,0.1410890664758534,0.8553472518108223,1.004047720494248,0.03099182719692641,0.024025546150337068,0.04516024869745821,0.03098349591999509,9.166550719166514,0.21131594346975624,1.279710154094902,9388,10815,8265,9388,10815,33.54102016229699,118.08894369021591,62.84902638640612,207.41835160573456,0.054325468844525104,0.04382801664355063,0.04851539486034437,0.0518420812247657,0.1384150030248034,0.12843273231622745,0.13323715870637162,0.13629631154501334,0.2133091349062311,0.18955154877484975,0.20072982312321033,0.2080928403315322,545987,0.9140327516955532,0.22261152738068854,0.6914212243148646,0.08596724830444681,0.9140327516955532,0.22261152738068854,0.6914212243148646,0.08596724830444681,0.8803792074989348,0.6034299105240732,0.2625692373242437,0.8803792074989348,0.6034299105240732,0.2625692373242437,0.6034299105240732,0.27694929697486154,0.11962079250106519,0.8803792074989348,0.6034299105240732,0.2625692373242437,0.27694929697486154,0.8553472518108223,0.8715672676837726,63.49066164648464,10.0,92.87938077131443,roi,4,4.9152,13931,33106,14756,-4.0,4.0,0.0,2.35,-2.0,2.0
35,sample_0035,N2_mirrored_support,4CamAsym,0.17673636650204896,0.1718011718011718,0.17572677403544387,0.8232636334979511,0.9208784280760743,0.035772733654066344,0.028502712107256165,0.051499905174098026,0.03730156254873218,8.703717516813173,0.24344902786332445,1.1382077956516676,9517,10582,8519,9517,10582,27.386128283343414,108.16653987572671,52.2015333224162,201.24612097378193,0.061979105528817934,0.05263655263655263,0.05692706394142143,0.059854374219603136,0.16668623077826036,0.1718011718011718,0.16920505491548105,0.1676847075412832,0.25918535039323864,0.2527877527877528,0.2559465795149439,0.25788005549084203,545524,0.9160000293295987,0.20341909796819205,0.7125809313614067,0.0839999706704013,0.9160000293295987,0.20341909796819205,0.7125809313614067,0.0839999706704013,0.8951350215404014,0.6216244614899653,0.29536618682357885,0.8951350215404014,0.6216244614899653,0.29536618682357885,0.6216244614899653,0.27351056005043606,0.1048649784595986,0.8951350215404014,0.6216244614899653,0.29536618682357885,0.27351056005043606,0.8232636334979511,0.8281988281988282,65.41559458314548,10.0,96.54593277526087,roi,4,4.9152,13335,33017,14873,-4.0,4.0,0.0,2.35,-2.0,2.0
39,sample_0039,N2_mirrored_support,4CamAsym,0.15783783783783784,0.1492456896551724,0.15604116443239938,0.8421621621621622,1.0242162162162163,0.036363651868414115,0.02689905299214185,0.0555434260645776,0.03995371216273829,8.87747342338091,0.23001215403678843,1.1775949639715224,9250,11136,7765,9250,11136,30.413813104692224,154.01298533764844,96.69539946994229,226.38463182682926,0.06645202833226015,0.047952586206896554,0.0557066099136271,0.06169204166751746,0.15415325177076625,0.1492456896551724,0.1516597801230727,0.15314608842362282,0.22730199613650998,0.21910919540229884,0.22313041622065796,0.22561478535948326,545610,0.9211139825149832,0.2254540789208409,0.6956599035941423,0.07888601748501677,0.9211139825149832,0.2254540789208409,0.6956599035941423,0.07888601748501677,0.8394594594594594,0.572,0.2451891891891892,0.8394594594594594,0.572,0.2451891891891892,0.572,0.2674594594594595,0.16054054054054054,0.8394594594594594,0.572,0.2451891891891892,0.2674594594594595,0.8421621621621622,0.8507543103448276,61.35901135203494,10.0,94.97672187101738,roi,4,4.9152,14005,32469,14459,-4.0,4.0,0.0,2.35,-2.0,2.0
0,sample_0000,C1_standard_cath,5Cam,0.06569028645272453,0.060293715223935056,0.06453504835238999,0.9343097135472754,1.109412018091751,0.02042258689267643,0.011438561438561439,0.03006910611950739,0.016242424242424242,10.027012369376111,0.1253084189437138,1.28009655904469,9286,10963,9147,9286,10963,52.2015333224162,108.70831419174102,125.39936390844065,241.75918080029456,0.0232863233847163,0.020888442944449512,0.022022302677648698,0.022763693567839,0.05324149994533727,0.060293715223935056,0.0565485841729945,0.054516804477657894,0.07707445063955395,0.07817203320259053,0.07761936200233635,0.07729149449309375,545797,0.9472056460552183,0.14247788097039743,0.8047277650848209,0.052794353944781665,0.9472056460552183,0.14247788097039743,0.8047277650848209,0.052794353944781665,0.9850312298083136,0.8800344604781392,0.6180271376265346,0.9850312298083136,0.8800344604781392,0.6180271376265346,0.8800344604781392,0.10499676933017446,0.014968770191686409,0.9850312298083136,0.8800344604781392,0.6180271376265346,0.10499676933017446,0.9343097135472754,0.939706284776065,84.40534640225631,10.0,91.27924929357411,roi,5,6.144,14020,32125,14215,-4.0,4.0,0.0,2.35,-2.0,2.0
4,sample_0004,C1_standard_cath,5Cam,0.051023525817293004,0.047934179932033624,0.05037420484144327,0.948976474182707,1.08422446277625,0.016119067089601025,0.008935863559932741,0.02516229048352863,0.013409514925373135,10.263075618269072,0.10063249084029835,1.2694005268993864,9819,11182,9671,9819,11182,59.37171131989702,168.597155513167,122.57650854784492,228.1419545119838,0.017888532726708716,0.016633875871937043,0.017238405139485474,0.017622684619774343,0.03929273084479371,0.047934179932033624,0.043185407199716384,0.04076244014917837,0.059145900113742114,0.06948667501341442,0.0639006400286518,0.06096028120371853,544983,0.9458038140639249,0.1463605286770413,0.7994432853868836,0.05419618593607507,0.9458038140639249,0.1463605286770413,0.7994432853868836,0.05419618593607507,0.9849271819940931,0.859252469701599,0.6124859965373256,0.9849271819940931,0.859252469701599,0.6124859965373256,0.859252469701599,0.12567471229249413,0.015072818005906916,0.9849271819940931,0.859252469701599,0.6124859965373256,0.12567471229249413,0.948976474182707,0.9520658200679664,83.47178743162684,10.0,88.255100793783,roi,5,6.144,14315,33097,14737,-4.0,4.0,0.0,2.35,-2.0,2.0
8,sample_0008,C1_standard_cath,5Cam,0.06425744636534056,0.059321245932124594,0.06320556244145217,0.9357425536346594,1.0536346594459487,0.018078870829729195,0.010222817726167436,0.031078384879807283,0.01685036992299562,10.013780164997367,0.12529279329331822,1.2667080981570362,9602,10755,9326,9602,10755,55.226805908879825,95.13148936977187,110.45361181775965,226.99119263875565,0.021338194295517907,0.01915388191538819,0.02018712262098719,0.020862364678857298,0.05339909929230109,0.059321245932124594,0.05620460255627598,0.05448700645652266,0.07463006648080635,0.0800557880055788,0.0772477716319632,0.07565556643654979,545597,0.9484289686343583,0.14070641884027954,0.8077225497940788,0.05157103136564167,0.9484289686343583,0.14070641884027954,0.8077225497940788,0.05157103136564167,0.9712559883357634,0.8213913767965008,0.5239533430535305,0.9712559883357634,0.8213913767965008,0.5239533430535305,0.8213913767965008,0.14986461153926264,0.028744011664236617,0.9712559883357634,0.8213913767965008,0.5239533430535305,0.14986461153926264,0.9357425536346594,0.9406787540678754,80.25301274891817,10.0,84.09414962459839,roi,5,6.144,13753,32829,14741,-4.0,4.0,0.0,2.35,-2.0,2.0
12,sample_0012,C1_standard_cath,5Cam,0.05116643795334248,0.04684521107580572,0.05023957018599564,0.9488335620466575,1.0291119388355225,0.015478438781075552,0.008556353092170937,0.025468661503648734,0.013365525566956972,10.238759980386032,0.10365773688162505,1.2753373494294276,10202,11015,9832,10202,11015,64.22616385037006,169.26311132032444,106.41898485473024,227.76084287250848,0.017392188771358827,0.016341352700862462,0.01685040339964279,0.017171346946562967,0.03966639544344996,0.04684521107580572,0.042957950775106675,0.04092057382503416,0.0621440195280716,0.06881525192918747,0.06530971518289626,0.06337274217040031,544601,0.9469685145638733,0.15264753461708663,0.7943209799467867,0.05303148543612663,0.9469685145638733,0.15264753461708663,0.7943209799467867,0.05303148543612663,0.963732601450696,0.8232699470692021,0.6021368359145266,0.963732601450696,0.8232699470692021,0.6021368359145266,0.8232699470692021,0.14046265438149383,0.03626739854930406,0.963732601450696,0.8232699470692021,0.6021368359145266,0.14046265438149383,0.9488335620466575,0.9531547889241943,81.51633673956708,10.0,84.13272927108615,roi,5,6.144,13808,32615,14544,-4.0,4.0,0.0,2.35,-2.0,2.0
16,sample_0016,C1_standard_cath,5Cam,0.06385369840621169,0.06317774634606317,0.06371735332037025,0.9361463015937883,1.015018389865141,0.0210383753887463,0.011657902569699376,0.03174568779498786,0.01684578263315274,9.935768758380528,0.1252952714272083,1.188721472872175,9788,10605,9629,9788,10605,66.33249679553921,134.25721782156393,111.01801821016994,229.9782591572336,0.02295150067504414,0.02215935879302216,0.02254847477054262,0.022788573725325178,0.050887942673174785,0.06317774634606317,0.05637077305054654,0.05294790654976731,0.06947761969051823,0.08326261197548326,0.07574805964576098,0.07185695303027734,545058,0.9451691379632993,0.1239060797199564,0.8212630582433429,0.05483086203670068,0.9451691379632993,0.1239060797199564,0.8212630582433429,0.05483086203670068,0.9837556191254597,0.8805680425010216,0.5904168369431958,0.9837556191254597,0.8805680425010216,0.5904168369431958,0.8805680425010216,0.10318757662443809,0.016244380874540252,0.9837556191254597,0.8805680425010216,0.5904168369431958,0.10318757662443809,0.9361463015937883,0.9368222536539368,84.073967862192,10.0,85.40493111790936,roi,5,6.144,13701,33140,14845,-4.0,4.0,0.0,2.35,-2.0,2.0
20,sample_0020,C1_standard_cath,5Cam,0.056652445679134834,0.04618473895582329,0.05419576668047731,0.9433475543208651,0.989681516023415,0.01656157841757343,0.009189189189189189,0.024877575237429166,0.013151079136690648,10.092891975534355,0.10873539933288079,1.1802459690844458,10079,10458,9914,10079,10458,58.94913149116848,128.0966366583327,113.24751821658074,225.0083356576661,0.018458745208795643,0.01788104800152993,0.01816530475097486,0.0183402386798158,0.045592091991123664,0.04618473895582329,0.04588650197078906,0.04570940146889158,0.0687916078273149,0.06703002486135017,0.0678993926319071,0.06843192271713903,543786,0.9435881026727426,0.12168389770976082,0.8219042049629818,0.05641189732725741,0.9435881026727426,0.12168389770976082,0.8219042049629818,0.05641189732725741,0.9836293283063796,0.8726064093660085,0.5808115884512353,0.9836293283063796,0.8726064093660085,0.5808115884512353,0.8726064093660085,0.11102291894037107,0.0163706716936204,0.9836293283063796,0.8726064093660085,0.5808115884512353,0.11102291894037107,0.9433475543208651,0.9538152610441767,83.59448676413474,10.0,85.14904421356884,roi,5,6.144,13313,32596,14342,-4.0,4.0,0.0,2.35,-2.0,2.0
24,sample_0024,C1_standard_cath,5Cam,0.06803488968701898,0.0625598773711439,0.0668645415223059,0.931965110312981,1.0041046690610569,0.019879569976140765,0.011172344689378758,0.031567232501610046,0.017066406607137416,9.860746370970354,0.13327980354910862,1.193544406679956,9745,10438,9577,9745,10438,65.76473316980041,199.31131724991752,106.88779322491196,220.35766337166885,0.022031951550589957,0.021364246024142556,0.021692962039275822,0.021895092294144814,0.0548188367964916,0.0625598773711439,0.05843409909431195,0.05620989803140009,0.07204761407538895,0.08392412339528646,0.07753369875918376,0.07414617085150187,545731,0.9456270580194271,0.1295235198293665,0.8161035381900607,0.054372941980572846,0.9456270580194271,0.1295235198293665,0.8161035381900607,0.054372941980572846,0.9827603899435609,0.8994356080041047,0.5692149820420729,0.9827603899435609,0.8994356080041047,0.5692149820420729,0.8994356080041047,0.08332478193945612,0.0172396100564392,0.9827603899435609,0.8994356080041047,0.5692149820420729,0.08332478193945612,0.931965110312981,0.9374401226288561,84.21757737290152,10.0,84.83328419572757,roi,5,6.144,13337,32448,14650,-4.0,4.0,0.0,2.35,-2.0,2.0
28,sample_0028,C1_standard_cath,5Cam,0.06207935710698142,0.05703384856192526,0.06100008072529238,0.9379206428930186,0.9682571572074334,0.018642376365071527,0.010416145024788421,0.028902535465690132,0.015471461425883336,9.950830407987068,0.12189842516471283,1.1698146598549355,9955,10222,9745,9955,10222,63.639611255093364,206.14315578752866,113.3578421767098,226.1028547864897,0.02021549512570549,0.020348268440618274,0.020281664486348137,0.0202419109913142,0.04946126218573627,0.05703384856192526,0.052978322053999216,0.05081052080069595,0.06854797331965111,0.07708863236157308,0.07256787522137047,0.07010127918480602,545112,0.9471888345881213,0.13501812471565477,0.8121707098724665,0.052811165411878656,0.9471888345881213,0.13501812471565477,0.8121707098724665,0.052811165411878656,0.9789050728277248,0.8730286288297338,0.62149673530889,0.9789050728277248,0.8730286288297338,0.62149673530889,0.8730286288297338,0.10587644399799095,0.02109492717227524,0.9789050728277248,0.8730286288297338,0.62149673530889,0.10587644399799095,0.9379206428930186,0.9429661514380747,84.2184871657412,10.0,82.65079885365286,roi,5,6.144,13043,32850,14590,-4.0,4.0,0.0,2.35,-2.0,2.0
32,sample_0032,C1_standard_cath,5Cam,0.054184659675097675,0.05173555282322898,0.05367646218173166,0.9458153403249023,1.0308451573103024,0.016884649043770097,0.009498706982295603,0.026434932562318644,0.014135221997381264,10.177878514403758,0.10733908675772885,1.2512693822100038,9726,10573,9559,9726,10573,63.245554145799765,148.4082230080131,101.24228516521052,251.03784475280665,0.018621194685636572,0.01806488224723352,0.01833882046937736,0.018507207892808655,0.04121770059629668,0.05173555282322898,0.04588156837991449,0.04296464546223187,0.060885029814834186,0.07386739808947318,0.06675083788791669,0.06310313456298988,544878,0.9505907744485922,0.12759920569375163,0.8229915687548406,0.04940922555140784,0.9505907744485922,0.12759920569375163,0.8229915687548406,0.04940922555140784,0.9828295290972651,0.888134896154637,0.5938720954143533,0.9828295290972651,0.888134896154637,0.5938720954143533,0.888134896154637,0.094694632942628,0.017170470902734936,0.9828295290972651,0.888134896154637,0.5938720954143533,0.094694632942628,0.9458153403249023,0.948264447176771,84.4695351314532,10.0,83.55774988258862,roi,5,6.144,13532,32732,14630,-4.0,4.0,0.0,2.35,-2.0,2.0
36,sample_0036,C1_standard_cath,5Cam,0.05647478450411176,0.051510098202705204,0.05540673353703915,0.9435252154958882,1.0143663925492916,0.016963147504437448,0.00937515101725221,0.02707399824535846,0.014341590612777053,10.111619311847106,0.11074112686403792,1.219030580708844,10093,10794,9929,10093,10794,61.03277898812778,124.93983353428925,105.00000156462193,231.84046584208468,0.01812871386846611,0.017972947934037427,0.01805049486372445,0.018097345059362606,0.043811058515459765,0.051510098202705204,0.04734965466623936,0.04516107299990746,0.06355121361667841,0.07142857142857142,0.06726003304375634,0.06498455200823892,544053,0.9477330333625584,0.1224770380826868,0.8252559952798716,0.05226696663744157,0.9477330333625584,0.1224770380826868,0.8252559952798716,0.05226696663744157,0.9837511146339046,0.8747646883978996,0.6093332012285743,0.9837511146339046,0.8747646883978996,0.6093332012285743,0.8747646883978996,0.10898642623600516,0.016248885366095315,0.9837511146339046,0.8747646883978996,0.6093332012285743,0.10898642623600516,0.9435252154958882,0.9484899017972948,84.33462067399972,10.0,83.36734122138553,roi,5,6.144,13613,32923,14657,-4.0,4.0,0.0,2.35,-2.0,2.0
1,sample_0001,N1_mirrored_head,5Cam,0.04578025477707006,0.031107385675700847,0.04183378579751141,0.95421974522293,1.0353304140127388,0.008283878868154126,0.004494490624395902,0.014641629093637821,0.007583591864874182,10.3321048968888,0.0933309355608194,1.2654142527317225,10048,10737,9524,10048,10737,65.19202502346334,171.02631631336135,78.26238037869298,225.61028681542473,0.00871482570348593,0.00866163732886281,0.008688150112864912,0.00870413583458556,0.031919361612767747,0.031107385675700847,0.031508143286086844,0.03175359291953923,0.05827383452330953,0.04824438856291329,0.052786939818133025,0.055947661214949915,544256,0.9223306679209784,0.1608526134760113,0.7614780544449671,0.07766933207902163,0.9223306679209784,0.1608526134760113,0.7614780544449671,0.07766933207902163,0.9478503184713376,0.7351711783439491,0.5063694267515924,0.9478503184713376,0.7351711783439491,0.5063694267515924,0.7351711783439491,0.21267914012738853,0.05214968152866242,0.9478503184713376,0.7351711783439491,0.5063694267515924,0.21267914012738853,0.95421974522293,0.9688926143242992,75.4608636423811,10.0,95.46711352550108,roi,5,6.144,13569,32435,14313,-4.0,4.0,0.0,2.35,-2.0,2.0
5,sample_0005,N1_mirrored_head,5Cam,0.058194431062722804,0.04683420365535248,0.05550189403399144,0.9418055689372772,1.1255419597263705,0.015401559153889383,0.00824053452115813,0.02303703133583284,0.011902173913043478,10.164540949936844,0.11816193711332135,1.3461603212939597,10379,12256,9426,10379,12256,48.989795585668396,153.05228093079634,95.00000141561031,245.0510187484016,0.017929132187566307,0.015094647519582246,0.016390245641368952,0.01728015595858909,0.045406322936558455,0.04683420365535248,0.04610921151957022,0.04568489103404445,0.07670273711012095,0.06421344647519582,0.06990463378451843,0.07383077176039449,543199,0.9225477219214322,0.17360488513417735,0.7489428367872548,0.07745227807856789,0.9225477219214322,0.17360488513417735,0.7489428367872548,0.07745227807856789,0.9081799788033529,0.7138452644763464,0.5114172849022064,0.9081799788033529,0.7138452644763464,0.5114172849022064,0.7138452644763464,0.19433471432700647,0.09182002119664708,0.9081799788033529,0.7138452644763464,0.5114172849022064,0.19433471432700647,0.9418055689372772,0.9531657963446475,73.83614930180646,10.0,94.31423583090299,roi,5,6.144,15137,32896,14602,-4.0,4.0,0.0,2.35,-2.0,2.0
9,sample_0009,N1_mirrored_head,5Cam,0.04856877131342358,0.035354513754358774,0.045190641019561974,0.9514312286865764,1.029141262788054,0.007922239611865712,0.004318353000251067,0.012760597144107115,0.006507466155365754,10.327393012800764,0.09169287347961574,1.2443217478455313,9677,10324,8790,9677,10324,50.249378854378534,168.93415727849734,78.10249792288444,252.6286832286222,0.009670079635949944,0.00833010461061604,0.008950216715233732,0.009368671981134495,0.04186575654152446,0.035354513754358774,0.0383356199042694,0.04037845603750507,0.07417519908987485,0.06111972103835723,0.067017556491269,0.07113618991155715,545008,0.923993776238147,0.15307665208584095,0.7709171241523061,0.07600622376185304,0.923993776238147,0.15307665208584095,0.7709171241523061,0.07600622376185304,0.9083393613723262,0.7090007233646791,0.5074919913196239,0.9083393613723262,0.7090007233646791,0.5074919913196239,0.7090007233646791,0.199338638007647,0.09166063862767386,0.9083393613723262,0.7090007233646791,0.5074919913196239,0.199338638007647,0.9514312286865764,0.9646454862456413,73.93534699626882,10.0,94.96390809460402,roi,5,6.144,13429,32621,14178,-4.0,4.0,0.0,2.35,-2.0,2.0
13,sample_0013,N1_mirrored_head,5Cam,0.08647581441263573,0.07944100543987995,0.08497091365639929,0.9135241855873643,0.9689042448173741,0.015813880556986668,0.010252174335552209,0.026755067602076743,0.01597757938227731,9.707732350248476,0.14373347245894663,1.1450670750548153,10130,10662,9442,10130,10662,52.44044318993106,154.35349270437754,89.86100511709044,236.5375269749812,0.021711501800466004,0.019789908084787096,0.020706218232194953,0.02129789799028199,0.07593730141919085,0.07944100543987995,0.07764965003259168,0.07661309754340638,0.124338063969498,0.12361658225473644,0.12397627345268825,0.12419309466963634,544266,0.92387545795622,0.15624712916110872,0.7676283287951112,0.07612454204378007,0.92387545795622,0.15624712916110872,0.7676283287951112,0.07612454204378007,0.9320829220138204,0.6960513326752221,0.4630799605133267,0.9320829220138204,0.6960513326752221,0.4630799605133267,0.6960513326752221,0.23603158933859822,0.06791707798617966,0.9320829220138204,0.6960513326752221,0.4630799605133267,0.23603158933859822,0.9135241855873643,0.92055899456012,73.0182338056646,10.0,94.88083718527669,roi,5,6.144,13488,32188,14281,-4.0,4.0,0.0,2.35,-2.0,2.0
17,sample_0017,N1_mirrored_head,5Cam,0.05583444319229587,0.039444195428059166,0.051550303357842296,0.9441655568077041,1.0977358877164225,0.013884747726365635,0.007660066483595895,0.02079783323923027,0.011051347617787966,10.228728129452033,0.10768952991487468,1.305623428833998,9761,11155,9298,9761,11155,56.78908430422602,141.42135834465194,78.10249792288444,220.75439016946436,0.016240051624005162,0.014253697893321381,0.015182179514459875,0.015799691837240473,0.042374704237470424,0.039444195428059166,0.040856968792826936,0.04175427694723633,0.07442460744246074,0.0634692962796952,0.06851176640532773,0.07194108541738152,545363,0.923307961852931,0.1825573058678348,0.7407506559850962,0.07669203814706901,0.923307961852931,0.1825573058678348,0.7407506559850962,0.07669203814706901,0.9525663354164532,0.7617047433664583,0.5363180002048971,0.9525663354164532,0.7617047433664583,0.5363180002048971,0.7617047433664583,0.19086159204999487,0.04743366458354677,0.9525663354164532,0.7617047433664583,0.5363180002048971,0.19086159204999487,0.9441655568077041,0.9605558045719408,76.78169218855881,10.0,94.2587559894879,roi,5,6.144,14107,32478,14522,-4.0,4.0,0.0,2.35,-2.0,2.0
21,sample_0021,N1_mirrored_head,5Cam,0.06817471072657146,0.05047636496885306,0.06370722390707656,0.9318252892734286,1.0804753466069008,0.016348644824578044,0.009102538870301121,0.024249797273016745,0.01281749071836879,10.016781935532537,0.1276190015490114,1.2929719512572884,9593,10916,8857,9593,10916,48.47679929652388,145.34442070328694,74.33034484420095,242.5901930290396,0.019419668059162246,0.016947599853426164,0.01809961443043238,0.01886919555792333,0.0569041436152196,0.05047636496885306,0.05349787143377143,0.05549087596870847,0.09834029581122276,0.07282887504580432,0.08368344696353305,0.09190179113497865,545349,0.9259630071752217,0.1622007191724932,0.7637622880027285,0.07403699282477826,0.9259630071752217,0.1622007191724932,0.7637622880027285,0.07403699282477826,0.9232773897633691,0.7551339518398833,0.5243406650682789,0.9232773897633691,0.7551339518398833,0.5243406650682789,0.7551339518398833,0.16814343792348588,0.07672261023663088,0.9232773897633691,0.7551339518398833,0.5243406650682789,0.16814343792348588,0.9318252892734286,0.9495236350311469,76.09811380282203,10.0,94.45657100127004,roi,5,6.144,13796,31651,13862,-4.0,4.0,0.0,2.35,-2.0,2.0
25,sample_0025,N1_mirrored_head,5Cam,0.0770574334737491,0.0606501698204755,0.0731022651955242,0.922942566526251,1.193465529641426,0.01988369141599753,0.011720001831250286,0.027538073497727477,0.015188386338843668,9.971972777550146,0.13514691651550947,1.3234419429304232,9733,12366,8671,9733,12366,43.011626976136306,136.47344267317453,95.45939442966008,252.48762722141072,0.028139776265713297,0.020701924632055637,0.02385451434768994,0.026253302677581334,0.07000345980855725,0.0606501698204755,0.06499202107840071,0.06790891729333805,0.11671087533156499,0.09841500889535824,0.1067849354829382,0.11252700328662572,544540,0.9280640540639806,0.18680170419069306,0.7412623498732875,0.07193594593601939,0.9280640540639806,0.18680170419069306,0.7412623498732875,0.07193594593601939,0.8908866742011713,0.72053837460187,0.5372444261789787,0.8908866742011713,0.72053837460187,0.5372444261789787,0.72053837460187,0.17034829959930134,0.10911332579882872,0.8908866742011713,0.72053837460187,0.5372444261789787,0.17034829959930134,0.922942566526251,0.9393498301795244,74.18104090740756,10.0,94.53364951843555,roi,5,6.144,15439,32716,14421,-4.0,4.0,0.0,2.35,-2.0,2.0
29,sample_0029,N1_mirrored_head,5Cam,0.10361097737120847,0.0964199239017641,0.10208821775316268,0.8963890226287915,1.0061627347135291,0.02365181048067936,0.01484187164786388,0.031536467755429586,0.018088718205599152,9.57441903864536,0.16612336514694126,1.2356526903273977,10385,11564,9411,10385,11564,40.31128934217776,116.72617703864307,78.26238037869298,237.96008423169738,0.031877590054191905,0.02775856105153926,0.029675826266064582,0.030958808774478676,0.09595154606311763,0.0964199239017641,0.0961851647892626,0.09604485723953549,0.15216236319200935,0.1483050847457627,0.15020896488580732,0.1513749386889215,543809,0.9232138489800648,0.17888449804986678,0.7443293509301979,0.07678615101993531,0.9232138489800648,0.17888449804986678,0.7443293509301979,0.07678615101993531,0.9062108810784786,0.7264323543572461,0.5220028887818969,0.9062108810784786,0.7264323543572461,0.5220028887818969,0.7264323543572461,0.17977852672123254,0.09378911892152142,0.9062108810784786,0.7264323543572461,0.5220028887818969,0.17977852672123254,0.8963890226287915,0.9035800760982359,74.38648655346474,10.0,91.68250299863287,roi,5,6.144,14366,32808,14523,-4.0,4.0,0.0,2.35,-2.0,2.0
33,sample_0033,N1_mirrored_head,5Cam,0.056687962681269646,0.04409295749757003,0.05362443475292304,0.9433120373187304,1.0970489808335868,0.01559602711358674,0.008332143027186592,0.022875628751934936,0.011746548915373403,10.164680733858601,0.11575812412009001,1.3222619752959412,9861,11317,9207,9861,11317,63.4428886476203,150.05831937466854,82.0060985562697,234.7871411360789,0.0178125339415662,0.015463462048246002,0.016555083290239164,0.017287307092927886,0.04474856087759314,0.04409295749757003,0.04441834018462126,0.044615885154439004,0.06907787552948844,0.060528408588848635,0.06452115964810598,0.0671800762823706,544700,0.9231154764090325,0.1711419129796218,0.7519735634294107,0.07688452359096751,0.9231154764090325,0.1711419129796218,0.7519735634294107,0.07688452359096751,0.933678125950715,0.7267011459284048,0.5325017746678836,0.933678125950715,0.7267011459284048,0.5325017746678836,0.7267011459284048,0.2069769800223101,0.06632187404928507,0.933678125950715,0.7267011459284048,0.5325017746678836,0.2069769800223101,0.9433120373187304,0.95590704250243,75.26889633539761,10.0,94.26759349156629,roi,5,6.144,14359,31754,14005,-4.0,4.0,0.0,2.35,-2.0,2.0
37,sample_0037,N1_mirrored_head,5Cam,0.05513616817964644,0.04195746095048189,0.0518772705040779,0.9448638318203536,1.101863354037267,0.015120044874643959,0.008018994713735328,0.021406704272192288,0.010976440147078851,10.18948726186332,0.10935803290495372,1.2830675911341505,10465,12036,9535,10465,12036,51.23475459325532,118.63810694489226,106.06601875848895,221.923413518638,0.01772417409543786,0.014872050515121303,0.016173333914306618,0.01706946642555408,0.04478238070267436,0.04195746095048189,0.043323920214551205,0.04418736961104049,0.06827477713686418,0.05707876370887338,0.06217678168767218,0.06569746247798318,542909,0.9251495186117747,0.17897290337791416,0.7461766152338606,0.07485048138822528,0.9251495186117747,0.17897290337791416,0.7461766152338606,0.07485048138822528,0.9111323459149546,0.7097945532728142,0.5390348781653129,0.9111323459149546,0.7097945532728142,0.5390348781653129,0.7097945532728142,0.20133779264214047,0.08886765408504539,0.9111323459149546,0.7097945532728142,0.5390348781653129,0.20133779264214047,0.9448638318203536,0.9580425390495181,74.29029826077951,10.0,94.00447304132805,roi,5,6.144,14862,32038,14283,-4.0,4.0,0.0,2.35,-2.0,2.0
2,sample_0002,C2_radial_echo,5Cam,0.08255840326604673,0.06987501230193878,0.07966627217825911,0.9174415967339533,1.071784985257428,0.02084562650386971,0.01237531338347469,0.032714317490248196,0.018097126491045855,9.786253240958576,0.1469235118951393,1.2554883601524593,8818,10161,8655,8818,10161,40.31128934217776,98.23441498574932,79.05694268224971,217.37065443191668,0.025303292894280762,0.022832398385985633,0.02400442783612187,0.02476723681812957,0.06874638937030618,0.06987501230193878,0.0693061063445561,0.06896918777659305,0.1073367995378394,0.10038382049010924,0.10374394237162936,0.10587020204630551,546518,0.9557068568647328,0.12279741929817499,0.8329094375665578,0.04429314313526728,0.9557068568647328,0.12279741929817499,0.8329094375665578,0.04429314313526728,0.981515082785212,0.9218643683374915,0.6324563393059651,0.981515082785212,0.9218643683374915,0.6324563393059651,0.9218643683374915,0.05965071444772057,0.018484917214787934,0.981515082785212,0.9218643683374915,0.6324563393059651,0.05965071444772057,0.9174415967339533,0.9301249876980612,86.59539146578143,10.0,89.04662211230423,roi,5,6.144,13341,32262,14206,-4.0,4.0,0.0,2.35,-2.0,2.0
6,sample_0006,C2_radial_echo,5Cam,0.061065348709500276,0.05022556390977444,0.05853856590222474,0.9389346512904997,1.0405271828665568,0.017985382994995424,0.010218668925716101,0.027513046673897125,0.014712340799297322,10.089522452694961,0.11836514446718605,1.2731738976089901,9105,9975,8956,9105,9975,51.23475459325532,161.9413498201306,78.89867036597929,198.11613051374985,0.020656543099598034,0.019348370927318295,0.01998106821068289,0.020380945879098892,0.04857079053148727,0.05022556390977444,0.04938431904261926,0.04889296421865551,0.07737829388119696,0.0762907268170426,0.07683066181115925,0.0771583069003102,545952,0.9551883682081941,0.13355936052986342,0.8216290076783307,0.044811631791805875,0.9551883682081941,0.13355936052986342,0.8216290076783307,0.044811631791805875,0.9836353651839649,0.9218012081274025,0.6158154859967051,0.9836353651839649,0.9218012081274025,0.6158154859967051,0.9218012081274025,0.061834157056562325,0.016364634816035145,0.9836353651839649,0.9218012081274025,0.6158154859967051,0.061834157056562325,0.9389346512904997,0.9497744360902256,86.12837810532939,10.0,86.37046173442243,roi,5,6.144,13064,31993,14058,-4.0,4.0,0.0,2.35,-2.0,2.0
10,sample_0010,C2_radial_echo,5Cam,0.07395048439181916,0.06322108620204483,0.07152282331509532,0.9260495156081808,1.07502691065662,0.023116269562731738,0.012638310831387676,0.03347911264207596,0.017304714775797685,9.834717392531674,0.14483218261744113,1.2830392189423352,9290,10661,9129,9290,10661,45.27692636536585,109.65856263134643,85.14693309842016,235.95550779594933,0.025303976339139007,0.023356157958915675,0.024291082500741162,0.024888848502943484,0.060795267827801515,0.06322108620204483,0.06198445193918276,0.06126542359127112,0.09935370796363238,0.0912672357189757,0.09513895072693879,0.09762377295637273,545865,0.9529902082016616,0.12915098055379992,0.8238392276478617,0.04700979179833842,0.9529902082016616,0.12915098055379992,0.8238392276478617,0.04700979179833842,0.9826695371367061,0.9133476856835306,0.6195909580193757,0.9826695371367061,0.9133476856835306,0.6195909580193757,0.9133476856835306,0.06932185145317546,0.017330462863293865,0.9826695371367061,0.9133476856835306,0.6195909580193757,0.06932185145317546,0.9260495156081808,0.9367789137979552,85.89986939877974,10.0,86.72572300812888,roi,5,6.144,13690,31538,13923,-4.0,4.0,0.0,2.35,-2.0,2.0
14,sample_0014,C2_radial_echo,5Cam,0.06848837209302326,0.0583192104476124,0.06618038795634293,0.9315116279069767,1.098372093023256,0.018900885022094156,0.010796440972222222,0.028423628588845246,0.015073920185525171,10.068340578360715,0.1257834314632329,1.3261748932511332,8600,10031,8369,8600,10031,43.874822590746405,114.52072969986776,86.02325395227263,208.74625197321302,0.0227028318795555,0.01983850064799123,0.021174237768041573,0.02206565328456674,0.056757079698888754,0.0583192104476124,0.05752754231366821,0.057062774904987776,0.09654677978253076,0.0881268068986143,0.09214484400813146,0.094736482458726,546965,0.9552731893265565,0.1485140731125392,0.8067591162140173,0.04472681067344346,0.9552731893265565,0.1485140731125392,0.8067591162140173,0.04472681067344346,0.973139534883721,0.8537209302325581,0.6196511627906977,0.973139534883721,0.8537209302325581,0.6196511627906977,0.8537209302325581,0.11941860465116279,0.02686046511627907,0.973139534883721,0.8537209302325581,0.6196511627906977,0.11941860465116279,0.9315116279069767,0.9416807895523875,83.39016514810373,10.0,91.61957913121373,roi,5,6.144,13252,32703,14498,-4.0,4.0,0.0,2.35,-2.0,2.0
18,sample_0018,C2_radial_echo,5Cam,0.0800182898948331,0.06927985414767548,0.07761229565499524,0.9199817101051669,1.050411522633745,0.02179163608638035,0.012616237968350645,0.03526972787128216,0.01885038309877216,9.754899891441452,0.149654282858384,1.2514427202730307,8748,9873,8581,8748,9873,43.874822590746405,120.51970972782308,77.78174708955856,198.11613051374985,0.025638037524764012,0.023498430061784665,0.024521650061063906,0.02517950262194397,0.06572660529075865,0.06927985414767548,0.06745647055861209,0.06640779442586012,0.09940566367556229,0.09915932340727236,0.09928234073621064,0.0993562977537227,546734,0.9545153584741392,0.13312506630280904,0.8213902921713301,0.04548464152586084,0.9545153584741392,0.13312506630280904,0.8213902921713301,0.04548464152586084,0.9809099222679469,0.9047782350251486,0.6307727480566987,0.9809099222679469,0.9047782350251486,0.6307727480566987,0.9047782350251486,0.07613168724279835,0.01909007773205304,0.9809099222679469,0.9047782350251486,0.6307727480566987,0.07613168724279835,0.9199817101051669,0.9307201458523245,85.76689959968446,10.0,85.88604660511179,roi,5,6.144,12872,32347,14191,-4.0,4.0,0.0,2.35,-2.0,2.0
22,sample_0022,C2_radial_echo,5Cam,0.0635673624288425,0.053267326732673266,0.061200553633593995,0.9364326375711575,1.1340132827324478,0.018094988636504827,0.010303658071198823,0.0288978222462874,0.0155255294270495,10.148653759121068,0.1222939328279995,1.371593087661393,8432,10100,8126,8432,10100,44.721360216395986,99.0895923240754,80.0000011920929,202.11383232580812,0.02178193453113463,0.018712871287128712,0.020131102200863303,0.021090143483332904,0.049347772581836084,0.053267326732673266,0.05123269271688248,0.05008484833626872,0.07740585774058577,0.07613861386138614,0.07676700634846118,0.07714904545917957,547379,0.9526488959203769,0.1483104028470219,0.804338493073355,0.04735110407962308,0.9526488959203769,0.1483104028470219,0.804338493073355,0.04735110407962308,0.9637096774193549,0.8370493358633776,0.6042457305502846,0.9637096774193549,0.8370493358633776,0.6042457305502846,0.8370493358633776,0.12666034155597722,0.036290322580645164,0.9637096774193549,0.8370493358633776,0.6042457305502846,0.12666034155597722,0.9364326375711575,0.9467326732673267,82.24740126991512,10.0,90.38318543524504,roi,5,6.144,13277,31985,14012,-4.0,4.0,0.0,2.35,-2.0,2.0
26,sample_0026,C2_radial_echo,5Cam,0.06917891479721516,0.057841614906832296,0.06656931847702897,0.9308210852027848,1.0728257265996242,0.020228729368038934,0.01118135743769267,0.03032373789821308,0.01570003694126339,9.943479767012278,0.13136179237731027,1.2570976910280354,9049,10304,8890,9049,10304,43.01162697613631,98.61541608606429,87.82081282371004,286.4873512845299,0.02283464566929134,0.020768633540372672,0.021752693674684014,0.02238920123295737,0.05511811023622047,0.057841614906832296,0.0564470301718306,0.05564209807519952,0.08627671541057368,0.07909549689440994,0.08253018546104642,0.08473801292724913,546396,0.9534257205396819,0.12873630114422507,0.8246894193954568,0.046574279460318155,0.9534257205396819,0.12873630114422507,0.8246894193954568,0.046574279460318155,0.9824289976793016,0.9216488009724831,0.6241573654547464,0.9824289976793016,0.9216488009724831,0.6241573654547464,0.9216488009724831,0.06078019670681843,0.01757100232069842,0.9824289976793016,0.9216488009724831,0.6241573654547464,0.06078019670681843,0.9308210852027848,0.9421583850931677,86.29403379304654,10.0,88.71858305822957,roi,5,6.144,13281,31496,13872,-4.0,4.0,0.0,2.35,-2.0,2.0
30,sample_0030,C2_radial_echo,5Cam,0.07230839416058395,0.056966972835645883,0.0686128539273249,0.927691605839416,1.1007071167883211,0.01919306181403698,0.011013567438148443,0.0302312223625787,0.01583046892245593,9.969470784521564,0.13594644401546863,1.3289352249295723,8768,10234,8613,8768,10234,50.249378854378534,268.87729558270627,80.15609890382592,236.43444322719844,0.023104609311505864,0.020226695329294508,0.021570081820531033,0.02246532280846803,0.05898061070474864,0.056966972835645883,0.057956306552549436,0.0585665747575144,0.0864971554626727,0.08334961891733438,0.08489422270825109,0.08584877301308017,546461,0.9566647940109174,0.12143959038247926,0.8352252036284382,0.04333520598908248,0.9566647940109174,0.12143959038247926,0.8352252036284382,0.04333520598908248,0.9823220802919708,0.9031706204379562,0.6237454379562044,0.9823220802919708,0.9031706204379562,0.6237454379562044,0.9031706204379562,0.0791514598540146,0.017677919708029198,0.9823220802919708,0.9031706204379562,0.6237454379562044,0.0791514598540146,0.927691605839416,0.9430330271643541,85.8273480748277,10.0,88.41896274879441,roi,5,6.144,13267,31919,14058,-4.0,4.0,0.0,2.35,-2.0,2.0
34,sample_0034,C2_radial_echo,5Cam,0.07117600091251283,0.05899447834931706,0.06835320745073273,0.9288239990874871,1.1080187065130604,0.020725847557313132,0.011176439430054558,0.03252740311008501,0.016549130230371415,9.832473691310078,0.1447150036301611,1.2796237278618647,8767,10323,8607,8767,10323,47.16990636316938,107.78449573388852,90.5538527307317,240.93049098785747,0.023236900197513653,0.02043979463334302,0.021748782493363913,0.022617866957204427,0.05716277448588358,0.05899447834931706,0.05806418418966609,0.05751995886593834,0.08121296619031021,0.07875617553036908,0.07996570528326069,0.0807094217957236,546702,0.9540298005128938,0.1284612092145264,0.8255685912983673,0.045970199487106324,0.9540298005128938,0.1284612092145264,0.8255685912983673,0.045970199487106324,0.9817497433557659,0.9144519219801528,0.6475419185582297,0.9817497433557659,0.9144519219801528,0.6475419185582297,0.9144519219801528,0.06729782137561309,0.018250256644234058,0.9817497433557659,0.9144519219801528,0.6475419185582297,0.06729782137561309,0.9288239990874871,0.941005521650683,86.51547738218972,10.0,88.66500323780416,roi,5,6.144,13367,31358,13686,-4.0,4.0,0.0,2.35,-2.0,2.0
38,sample_0038,C2_radial_echo,5Cam,0.06138970092196987,0.052346395742622155,0.05933941851684922,0.9386102990780302,1.1011918147065438,0.01820036345311674,0.010191752035723667,0.027943902842953387,0.014796625110187634,10.136225289831435,0.11930340032135356,1.3292592932951643,8894,10335,8737,8894,10335,54.083269937863356,168.15171971365822,77.62087463794126,226.99119263875565,0.020716493075426348,0.01877116594097726,0.019695912035321835,0.02029582637953415,0.04749914158177864,0.052346395742622155,0.04980510755520732,0.048395420689343584,0.07130594025409179,0.07266569908079341,0.07197939845811506,0.07157380560228066,546409,0.9557968481485482,0.1273057361793089,0.8284911119692392,0.04420315185145193,0.9557968481485482,0.1273057361793089,0.8284911119692392,0.04420315185145193,0.9823476501011918,0.9250056217674837,0.6273892511805712,0.9823476501011918,0.9250056217674837,0.6273892511805712,0.9250056217674837,0.05734202833370812,0.017652349898808185,0.9823476501011918,0.9250056217674837,0.6273892511805712,0.05734202833370812,0.9386102990780302,0.9476536042573779,86.55526994852126,10.0,87.32294228636901,roi,5,6.144,13428,32420,14331,-4.0,4.0,0.0,2.35,-2.0,2.0
3,sample_0003,N2_mirrored_support,5Cam,0.1517393042782887,0.12202954399486192,0.14469376914776866,0.8482606957217114,1.0931627349060375,0.029890737181600218,0.02123402900923021,0.04771202036622398,0.03296366473473027,9.041640556883804,0.21966996207330114,1.238340177826271,10004,12456,9039,10004,12456,32.015621664234175,118.11011987015507,81.24038525693565,255.90525622299623,0.0495630047571634,0.03749197174052665,0.04269060422480189,0.04656458851358149,0.14127668989932515,0.12202954399486192,0.13094965349317364,0.136956392402784,0.218276358004204,0.199582530507386,0.2085112897111764,0.21426259194692995,543760,0.9242662203913492,0.1681274827129616,0.7561387376783876,0.07573377960865088,0.9242662203913492,0.1681274827129616,0.7561387376783876,0.07573377960865088,0.9035385845661735,0.68812475009996,0.429828068772491,0.9035385845661735,0.68812475009996,0.429828068772491,0.68812475009996,0.2154138344662135,0.09646141543382647,0.9035385845661735,0.68812475009996,0.429828068772491,0.2154138344662135,0.8482606957217114,0.8779704560051381,71.3364425893612,10.0,93.05932442701658,roi,5,6.144,15468,32786,14343,-4.0,4.0,0.0,2.35,-2.0,2.0
7,sample_0007,N2_mirrored_support,5Cam,0.22779187817258884,0.21092500631259994,0.2242060961357772,0.7722081218274112,0.9914340101522843,0.04670963836279773,0.037539508874301,0.09014468247886988,0.06688116304704025,8.012375548850674,0.3162177410802811,1.174552959853157,9456,11881,8133,9456,11881,25.495097947870484,155.49915358973166,68.73863644862308,241.03941945564617,0.09135620312307881,0.06497769548017844,0.0759415021283562,0.08449577955663388,0.23177179392598057,0.21092500631259994,0.22085755790678366,0.22727916355055394,0.31661133653018564,0.2913896136688831,0.3034773383315046,0.3112236384188816,545118,0.9287053445309089,0.16235200452012225,0.7663533400107867,0.0712946554690911,0.9287053445309089,0.16235200452012225,0.7663533400107867,0.0712946554690911,0.8600888324873096,0.627326565143824,0.36939509306260576,0.8600888324873096,0.627326565143824,0.36939509306260576,0.627326565143824,0.23276226734348562,0.13991116751269037,0.8600888324873096,0.627326565143824,0.36939509306260576,0.23276226734348562,0.7722081218274112,0.7890749936874001,67.32846183650302,10.0,94.05378311280634,roi,5,6.144,15117,33489,14677,-4.0,4.0,0.0,2.35,-2.0,2.0
11,sample_0011,N2_mirrored_support,5Cam,0.20034283265481037,0.18914501978324444,0.19799844156270377,0.7996571673451897,1.0099635740304265,0.04506117487005832,0.03598260181890075,0.06829013842108722,0.04997849726608097,8.462565854904922,0.27522584312052223,1.214824286320569,9334,11626,8140,9334,11626,28.284271668930387,153.05228093079634,75.1664830119324,237.78929994209207,0.08636363636363636,0.06261826939618097,0.07259863431429665,0.08027541571197423,0.20208845208845208,0.18914501978324444,0.195402627926329,0.19935996135981787,0.28292383292383294,0.26492344744538104,0.2736279246732016,0.27913069184811223,546083,0.9288386563947238,0.1672401448131511,0.7615985115815728,0.07116134360527612,0.9288386563947238,0.1672401448131511,0.7615985115815728,0.07116134360527612,0.8720805656738805,0.6603814013284766,0.42329119348617955,0.8720805656738805,0.6603814013284766,0.42329119348617955,0.6603814013284766,0.2116991643454039,0.12791943432611957,0.8720805656738805,0.6603814013284766,0.42329119348617955,0.2116991643454039,0.7996571673451897,0.8108549802167555,69.73314846736872,10.0,93.23707571237364,roi,5,6.144,14913,32657,14655,-4.0,4.0,0.0,2.35,-2.0,2.0
15,sample_0015,N2_mirrored_support,5Cam,0.13545684999448915,0.12383016451581125,0.13296006757802697,0.8645431500055109,0.9802711341342445,0.025497985287851254,0.019786748713596095,0.039694430955824894,0.025989349150164227,9.254653619664785,0.19362409457857221,1.1908945656873018,9073,10151,8168,9073,10151,33.54102016229699,117.6860247130566,66.895441798118,257.2450186320524,0.04407443682664055,0.03674514826125505,0.04007745681853997,0.042383645089431134,0.13173359451518118,0.12383016451581125,0.12765967086198488,0.13007321626475876,0.2120470127326151,0.17958821790956556,0.1944725200909737,0.20464934362845075,546748,0.9274876176959037,0.1644541909618325,0.7630334267340713,0.07251238230409622,0.9274876176959037,0.1644541909618325,0.7630334267340713,0.07251238230409622,0.9002534993938058,0.7287556486277967,0.48726992174583933,0.9002534993938058,0.7287556486277967,0.48726992174583933,0.7287556486277967,0.17149785076600904,0.09974650060619421,0.9002534993938058,0.7287556486277967,0.48726992174583933,0.17149785076600904,0.8645431500055109,0.8761698354841887,73.97729370273589,10.0,92.51906253254786,roi,5,6.144,13591,32459,14325,-4.0,4.0,0.0,2.35,-2.0,2.0
19,sample_0019,N2_mirrored_support,5Cam,0.14466363176530095,0.13864910563317612,0.1434193404772851,0.855336368234699,0.9791603439554881,0.03337316166640573,0.024245950926195324,0.04809382525097996,0.030363834872672548,8.975413472938529,0.22289681610315848,1.2043816341812459,9885,11237,9053,9885,11237,37.41657442528981,103.97113471513978,65.00000096857548,185.4858493224446,0.052468794874627196,0.04449586188484471,0.04815454059301049,0.05065353726980634,0.13708163039876284,0.13864910563317612,0.13786091262110517,0.13739228368584108,0.20103832983541367,0.2016552460621162,0.20134631539884917,0.20116141092654355,544702,0.9259062753579022,0.16093570429335674,0.7649705710645454,0.07409372464209787,0.9259062753579022,0.16093570429335674,0.7649705710645454,0.07409372464209787,0.9158320687910976,0.7389984825493171,0.4563480020232676,0.9158320687910976,0.7389984825493171,0.4563480020232676,0.7389984825493171,0.17683358624178047,0.08416793120890238,0.9158320687910976,0.7389984825493171,0.4563480020232676,0.17683358624178047,0.855336368234699,0.8613508943668239,74.04216962506061,10.0,93.5103398720972,roi,5,6.144,14437,32865,14707,-4.0,4.0,0.0,2.35,-2.0,2.0
23,sample_0023,N2_mirrored_support,5Cam,0.13720238095238096,0.13041448842419717,0.13578885676897173,0.862797619047619,0.9241071428571429,0.02206668992179517,0.019765559860709207,0.03307761516730285,0.02687057197166062,9.341366061968213,0.17821626296101511,1.1235286917973972,10080,10712,8902,10080,10712,30.822070474129514,138.2931689201221,60.621779168245595,268.0018696586869,0.043136373848573356,0.03762135922330097,0.04019055400436883,0.041907701666732376,0.13165580768366658,0.13041448842419717,0.13103220824440975,0.1314056569913661,0.21489552909458548,0.20659073935772965,0.21066131716859762,0.21318158178215968,544553,0.9255885102092909,0.1570113469212363,0.7685771632880546,0.07441148979070908,0.9255885102092909,0.1570113469212363,0.7685771632880546,0.07441148979070908,0.8831349206349206,0.6846230158730159,0.4274801587301587,0.8831349206349206,0.6846230158730159,0.4274801587301587,0.6846230158730159,0.19851190476190475,0.11686507936507937,0.8831349206349206,0.6846230158730159,0.4274801587301587,0.19851190476190475,0.862797619047619,0.8695855115758029,70.95864969427087,10.0,93.16070853737754,roi,5,6.144,13661,33312,14733,-4.0,4.0,0.0,2.35,-2.0,2.0
27,sample_0027,N2_mirrored_support,5Cam,0.10089258850666934,0.07605985037406483,0.09470833425933471,0.8991074114933306,1.1890482398956974,0.022918726978187386,0.015995366244876137,0.03022523279668581,0.017820593292033948,9.7816829373276,0.15907348556781697,1.3724177932345096,9971,12832,9063,9971,12832,39.37003995671836,115.10864604746584,88.31760997931339,213.00821097580854,0.0385082202361249,0.027976932668329176,0.032408495360505746,0.035812089017469774,0.09411894516164625,0.07605985037406483,0.08413119700165488,0.08985217639367316,0.1484056052079885,0.1146352867830424,0.12935265680142857,0.14014836596155153,544006,0.9231111421565203,0.1804980092131337,0.7426131329433866,0.07688885784347967,0.9231111421565203,0.1804980092131337,0.7426131329433866,0.07688885784347967,0.908935914151038,0.7233978537759502,0.48982047939023166,0.908935914151038,0.7233978537759502,0.48982047939023166,0.7233978537759502,0.18553806037508774,0.09106408584896199,0.908935914151038,0.7233978537759502,0.48982047939023166,0.18553806037508774,0.8991074114933306,0.9239401496259352,73.66436116869966,10.0,91.81638952653776,roi,5,6.144,15974,32947,14625,-4.0,4.0,0.0,2.35,-2.0,2.0
31,sample_0031,N2_mirrored_support,5Cam,0.13996591393268001,0.12625,0.13698938387498472,0.86003408606732,1.0423945462292288,0.030759141770582317,0.023718363084878923,0.04541279371051157,0.030871872630780894,9.24497658455307,0.20648928453859794,1.309869430171849,9388,11200,8356,9388,11200,35.70714267479213,115.9741367755813,62.84902638640614,204.5146720143122,0.05373384394447104,0.04258928571428571,0.04751685374811473,0.05106153676550807,0.13331737673528005,0.12625,0.12968747478612874,0.13184130204095407,0.2004547630445189,0.18803571428571428,0.19404673602338715,0.19784142723155013,545987,0.924155703340922,0.1763283741187977,0.7478273292221244,0.07584429665907796,0.924155703340922,0.1763283741187977,0.7478273292221244,0.07584429665907796,0.8900724328930549,0.7117596932253941,0.4696420962931402,0.8900724328930549,0.7117596932253941,0.4696420962931402,0.7117596932253941,0.17831273966766084,0.10992756710694504,0.8900724328930549,0.7117596932253941,0.4696420962931402,0.17831273966766084,0.86003408606732,0.87375,72.56484681835377,10.0,91.62106977320191,roi,5,6.144,14663,33106,14756,-4.0,4.0,0.0,2.35,-2.0,2.0
35,sample_0035,N2_mirrored_support,5Cam,0.1796784701061259,0.17371998187584958,0.17845429565158089,0.8203215298938741,0.958075023641904,0.036094514040679315,0.02909218366631616,0.05327688703400557,0.03924288664878695,8.702899461545913,0.24657689191610066,1.1686683809121503,9517,11035,8629,9517,11035,29.580399356280374,104.52272635934435,52.44044318993106,200.64271824514998,0.06443388573415228,0.052650657000453106,0.057949347330756754,0.06167338239772828,0.17105110673310928,0.17371998187584958,0.17237521441493406,0.17157830119646597,0.2581990960713872,0.2546443135478024,0.256409384792848,0.2574802218267858,545524,0.9263937058681194,0.1660000293295987,0.7603936765385207,0.07360629413188054,0.9263937058681194,0.1660000293295987,0.7603936765385207,0.07360629413188054,0.906693285699275,0.7462435641483661,0.47252285384049597,0.906693285699275,0.7462435641483661,0.47252285384049597,0.7462435641483661,0.1604497215509089,0.09330671430072501,0.906693285699275,0.7462435641483661,0.47252285384049597,0.1604497215509089,0.8203215298938741,0.8262800181241504,74.37268974274723,10.0,92.4651945554039,roi,5,6.144,14316,33017,14873,-4.0,4.0,0.0,2.35,-2.0,2.0
39,sample_0039,N2_mirrored_support,5Cam,0.16086486486486487,0.14795085488444024,0.15810480374177224,0.8391351351351352,1.072108108108108,0.03707202207324554,0.027142646408024784,0.05598755162820756,0.04013086805138672,8.873587605562614,0.2339100991873404,1.2126885976586494,9250,11639,8038,9250,11639,31.622777072899883,121.8605778854035,97.72410288466291,225.887143327511,0.06581239114207514,0.047426754875848444,0.055127016623643915,0.061076928257700766,0.15165464045782534,0.14795085488444024,0.1497798541865558,0.15089912202351324,0.22667330181637224,0.21788813471947763,0.22219391456142065,0.22486004742089855,545610,0.9273125492567952,0.181050567254999,0.7462619820017962,0.07268745074320486,0.9273125492567952,0.181050567254999,0.7462619820017962,0.07268745074320486,0.8689729729729729,0.658918918918919,0.41524324324324324,0.8689729729729729,0.658918918918919,0.41524324324324324,0.658918918918919,0.21005405405405406,0.13102702702702704,0.8689729729729729,0.658918918918919,0.41524324324324324,0.21005405405405406,0.8391351351351352,0.8520491451155597,69.21354170908137,10.0,92.7920143917474,roi,5,6.144,14897,32469,14459,-4.0,4.0,0.0,2.35,-2.0,2.0
