sample_index,layout,rig_id,semantic_id,priority,object_id,semantic_zone,object_region_recall,object_region_precision,object_region_f2,object_presence_success,object_target_surface_voxels,object_prediction_voxels,object_visible_surface_recall,object_visible_1plus,object_visible_2plus,object_visible_3plus,object_mean_view_diversity_deg
0,C1_standard_cath,4CamClassic,patient,P1,Prop_00_patient,table_patient,0.478494623655914,0.6516516516516516,0.5053510217965826,1,744,333,0.45026881720430106,0.45026881720430106,0.08198924731182795,0.0,110.123506537827
0,C1_standard_cath,4CamClassic,doctor_operator,P1,Prop_01_doctor_operator,operator_lane,0.0,1.0,0.0,0,1535,0,0.9986970684039088,0.9986970684039088,0.6084690553745928,0.25928338762214986,115.62576478773892
0,C1_standard_cath,4CamClassic,medical_trolley,P2,Prop_02_medical_trolley,operator_peripheral_equipment,0.0,1.0,0.0,0,878,0,1.0,1.0,0.9988610478359908,0.8906605922551253,96.80183101798531
0,C1_standard_cath,4CamClassic,doctor_anesthesia,P2,Prop_03_doctor_anesthesia,head_anesthesia_corner,0.0,1.0,0.0,0,837,0,0.997610513739546,0.997610513739546,0.5376344086021505,0.0,87.50123177808273
0,C1_standard_cath,4CamClassic,anesthesia_machine,P2,Prop_04_anesthesia_machine,head_anesthesia_corner,0.0,1.0,0.0,0,979,0,1.0,1.0,0.9775280898876404,0.10520939734422881,95.91757089651043
0,C1_standard_cath,4CamClassic,radiation_shield,P1,Prop_05_radiation_shield,operator_lane,0.0,1.0,0.0,0,903,0,0.8527131782945736,0.8527131782945736,0.4739756367663344,0.23034330011074197,100.02932204780397
0,C1_standard_cath,4CamClassic,uhd_tv,P3,Prop_06_uhd_tv,screen_side,0.0,1.0,0.0,0,1706,0,0.9618991793669402,0.9618991793669402,0.7801875732708089,0.4349355216881594,107.7058108601628
0,C1_standard_cath,4CamClassic,waste_bin,P3,Prop_07_waste_bin,waste_corner,0.0,1.0,0.0,0,307,0,0.0,0.0,0.0,0.0,0.0
0,C1_standard_cath,4CamClassic,doctor_ultrasound,P2,Prop_08_doctor_ultrasound,peripheral_support,0.009544008483563097,1.0,0.01190161332980693,0,943,1,0.9978791092258749,0.9978791092258749,0.8154825026511134,0.0,108.14541024656859
0,C1_standard_cath,4CamClassic,ultrasound,P2,Prop_09_ultrasound,peripheral_support,0.0,1.0,0.0,0,890,0,0.8943820224719101,0.8943820224719101,0.5808988764044943,0.04719101123595506,112.17174464052526
0,C1_standard_cath,4CamClassic,ceiling_lamp,P3,Prop_10_ceiling_lamp,ceiling_over_table,0.0,1.0,0.0,0,298,0,1.0,1.0,1.0,0.9932885906040269,106.10443375101568
4,C1_standard_cath,4CamClassic,patient,P1,Prop_00_patient,table_patient,0.43977591036414565,0.6558139534883721,0.47079365214395397,1,714,215,0.3641456582633053,0.3641456582633053,0.0392156862745098,0.0,122.66728043685838
4,C1_standard_cath,4CamClassic,doctor_operator,P1,Prop_01_doctor_operator,operator_lane,0.0,1.0,0.0,0,1406,0,0.9992887624466572,0.9992887624466572,0.5007112375533428,0.2240398293029872,112.85915923706203
4,C1_standard_cath,4CamClassic,medical_trolley,P2,Prop_02_medical_trolley,operator_peripheral_equipment,0.0,1.0,0.0,0,1022,0,1.0,1.0,0.99706457925636,0.8972602739726028,96.92721784152917
4,C1_standard_cath,4CamClassic,doctor_anesthesia,P2,Prop_03_doctor_anesthesia,head_anesthesia_corner,0.004282655246252677,1.0,0.005347593582887701,0,934,1,0.9967880085653105,0.9967880085653105,0.6670235546038544,0.0,90.97223647918224
4,C1_standard_cath,4CamClassic,anesthesia_machine,P2,Prop_04_anesthesia_machine,head_anesthesia_corner,0.0,0.0,0.0,0,1179,2,0.9991518235793045,0.9991518235793045,0.9711620016963528,0.035623409669211195,97.3105278642282
4,C1_standard_cath,4CamClassic,radiation_shield,P1,Prop_05_radiation_shield,operator_lane,0.0,1.0,0.0,0,999,0,0.8368368368368369,0.8368368368368369,0.4184184184184184,0.1981981981981982,96.81650086453307
4,C1_standard_cath,4CamClassic,uhd_tv,P3,Prop_06_uhd_tv,screen_side,0.0,1.0,0.0,0,1659,0,0.9861362266425557,0.9861362266425557,0.7799879445449066,0.42977697408077153,107.10495967932415
4,C1_standard_cath,4CamClassic,waste_bin,P3,Prop_07_waste_bin,waste_corner,0.0,1.0,0.0,0,238,0,0.21008403361344538,0.21008403361344538,0.02100840336134454,0.0,104.3964463724612
4,C1_standard_cath,4CamClassic,doctor_ultrasound,P2,Prop_08_doctor_ultrasound,peripheral_support,0.0,1.0,0.0,0,934,0,0.9593147751605996,0.9593147751605996,0.7451820128479657,0.0,105.1454242634678
4,C1_standard_cath,4CamClassic,ultrasound,P2,Prop_09_ultrasound,peripheral_support,0.0,1.0,0.0,0,897,0,0.8294314381270903,0.8294314381270903,0.4659977703455964,0.010033444816053512,117.42222423370823
4,C1_standard_cath,4CamClassic,ceiling_lamp,P3,Prop_10_ceiling_lamp,ceiling_over_table,0.0,1.0,0.0,0,253,0,1.0,1.0,1.0,0.9920948616600791,106.31629030711
8,C1_standard_cath,4CamClassic,patient,P1,Prop_00_patient,table_patient,0.45755968169761274,0.6253298153034301,0.48350357815709827,1,754,379,0.3978779840848806,0.3978779840848806,0.03713527851458886,0.0,106.1300313443593
8,C1_standard_cath,4CamClassic,doctor_operator,P1,Prop_01_doctor_operator,operator_lane,0.0,1.0,0.0,0,1419,0,0.9978858350951374,0.9978858350951374,0.5517970401691332,0.21634954193093728,113.87298768109376
8,C1_standard_cath,4CamClassic,medical_trolley,P2,Prop_02_medical_trolley,operator_peripheral_equipment,0.0,1.0,0.0,0,946,0,1.0,1.0,0.9978858350951374,0.9059196617336153,96.9612271773485
8,C1_standard_cath,4CamClassic,doctor_anesthesia,P2,Prop_03_doctor_anesthesia,head_anesthesia_corner,0.0,0.0,0.0,0,877,1,0.9977194982896237,0.9977194982896237,0.5849486887115165,0.0,90.05763670451041
8,C1_standard_cath,4CamClassic,anesthesia_machine,P2,Prop_04_anesthesia_machine,head_anesthesia_corner,0.0,1.0,0.0,0,965,0,0.9989637305699481,0.9989637305699481,0.9595854922279793,0.013471502590673576,94.58157603291518
8,C1_standard_cath,4CamClassic,radiation_shield,P1,Prop_05_radiation_shield,operator_lane,0.0,0.0,0.0,0,1004,1,0.8545816733067729,0.8545816733067729,0.48406374501992033,0.21414342629482072,98.53647997026181
8,C1_standard_cath,4CamClassic,uhd_tv,P3,Prop_06_uhd_tv,screen_side,0.0,0.0,0.0,0,1705,1,0.9853372434017595,0.9853372434017595,0.7653958944281525,0.4498533724340176,106.94348597072009
8,C1_standard_cath,4CamClassic,waste_bin,P3,Prop_07_waste_bin,waste_corner,0.0,1.0,0.0,0,314,0,0.2898089171974522,0.2898089171974522,0.022292993630573247,0.0,103.65110477067047
8,C1_standard_cath,4CamClassic,doctor_ultrasound,P2,Prop_08_doctor_ultrasound,peripheral_support,0.0,1.0,0.0,0,887,0,1.0,1.0,0.8511837655016911,0.0,103.55181637433927
8,C1_standard_cath,4CamClassic,ultrasound,P2,Prop_09_ultrasound,peripheral_support,0.0,1.0,0.0,0,1050,0,0.8847619047619047,0.8847619047619047,0.5295238095238095,0.04857142857142857,112.25768858990686
8,C1_standard_cath,4CamClassic,ceiling_lamp,P3,Prop_10_ceiling_lamp,ceiling_over_table,0.0,1.0,0.0,0,302,0,1.0,1.0,0.9966887417218543,0.9536423841059603,106.87197325721938
12,C1_standard_cath,4CamClassic,patient,P1,Prop_00_patient,table_patient,0.4315937940761636,0.6514285714285715,0.4628317597796494,1,709,175,0.4005641748942172,0.4005641748942172,0.014104372355430184,0.0,122.00724015849815
12,C1_standard_cath,4CamClassic,doctor_operator,P1,Prop_01_doctor_operator,operator_lane,0.0,1.0,0.0,0,1394,0,0.9992826398852224,0.9992826398852224,0.599713055954089,0.24031563845050216,112.30822920543461
12,C1_standard_cath,4CamClassic,medical_trolley,P2,Prop_02_medical_trolley,operator_peripheral_equipment,0.0,0.0,0.0,0,1006,1,1.0,1.0,0.9980119284294234,0.9105367793240556,97.78315584676197
12,C1_standard_cath,4CamClassic,doctor_anesthesia,P2,Prop_03_doctor_anesthesia,head_anesthesia_corner,0.0,1.0,0.0,0,942,0,0.9989384288747346,0.9989384288747346,0.7929936305732485,0.0,87.82068188823698
12,C1_standard_cath,4CamClassic,anesthesia_machine,P2,Prop_04_anesthesia_machine,head_anesthesia_corner,0.0,1.0,0.0,0,973,0,1.0,1.0,0.9743062692702981,0.0,100.05926223157596
12,C1_standard_cath,4CamClassic,radiation_shield,P1,Prop_05_radiation_shield,operator_lane,0.009594882729211088,0.5,0.01193633952254642,0,938,2,0.8859275053304904,0.8859275053304904,0.5042643923240938,0.2846481876332623,97.5897694887843
12,C1_standard_cath,4CamClassic,uhd_tv,P3,Prop_06_uhd_tv,screen_side,0.0,0.0,0.0,0,1676,1,0.9886634844868735,0.9886634844868735,0.8221957040572793,0.418854415274463,108.63024895245896
12,C1_standard_cath,4CamClassic,waste_bin,P3,Prop_07_waste_bin,waste_corner,0.0,1.0,0.0,0,242,0,0.01652892561983471,0.01652892561983471,0.0,0.0,0.0
12,C1_standard_cath,4CamClassic,doctor_ultrasound,P2,Prop_08_doctor_ultrasound,peripheral_support,0.0,1.0,0.0,0,934,0,1.0,1.0,0.8394004282655246,0.0,99.65332725736269
12,C1_standard_cath,4CamClassic,ultrasound,P2,Prop_09_ultrasound,peripheral_support,0.0,1.0,0.0,0,1051,0,0.9162702188392008,0.9162702188392008,0.6945765937202664,0.07611798287345385,109.44411238971475
12,C1_standard_cath,4CamClassic,ceiling_lamp,P3,Prop_10_ceiling_lamp,ceiling_over_table,0.0,1.0,0.0,0,295,0,1.0,1.0,1.0,0.9728813559322034,106.70195466201521
16,C1_standard_cath,4CamClassic,patient,P1,Prop_00_patient,table_patient,0.48745046235138706,0.7289156626506024,0.522037124510689,1,757,332,0.4663143989431968,0.4663143989431968,0.011889035667107,0.0,125.16349524677983
16,C1_standard_cath,4CamClassic,doctor_operator,P1,Prop_01_doctor_operator,operator_lane,0.0,1.0,0.0,0,1511,0,0.9980145598941098,0.9980145598941098,0.5731303772336201,0.28391793514228986,114.2108756775649
16,C1_standard_cath,4CamClassic,medical_trolley,P2,Prop_02_medical_trolley,operator_peripheral_equipment,0.0,1.0,0.0,0,1045,0,1.0,1.0,0.999043062200957,0.9033492822966507,97.47821424361534
16,C1_standard_cath,4CamClassic,doctor_anesthesia,P2,Prop_03_doctor_anesthesia,head_anesthesia_corner,0.0,1.0,0.0,0,828,0,0.9963768115942029,0.9963768115942029,0.6992753623188406,0.0,87.53119505422875
16,C1_standard_cath,4CamClassic,anesthesia_machine,P2,Prop_04_anesthesia_machine,head_anesthesia_corner,0.034782608695652174,0.5882352941176471,0.042844901456726654,0,1035,34,0.9971014492753624,0.9971014492753624,0.8222222222222222,0.10434782608695652,99.60475112078184
16,C1_standard_cath,4CamClassic,radiation_shield,P1,Prop_05_radiation_shield,operator_lane,0.0,1.0,0.0,0,780,0,0.8756410256410256,0.8756410256410256,0.4282051282051282,0.23974358974358975,102.52429266266333
16,C1_standard_cath,4CamClassic,uhd_tv,P3,Prop_06_uhd_tv,screen_side,0.0,1.0,0.0,0,1701,0,0.9835390946502057,0.9835390946502057,0.7918871252204586,0.45267489711934156,107.71783850793044
16,C1_standard_cath,4CamClassic,waste_bin,P3,Prop_07_waste_bin,waste_corner,0.0,1.0,0.0,0,289,0,0.10726643598615918,0.10726643598615918,0.006920415224913495,0.0,104.61934628415236
16,C1_standard_cath,4CamClassic,doctor_ultrasound,P2,Prop_08_doctor_ultrasound,peripheral_support,0.0,1.0,0.0,0,1038,0,1.0,1.0,0.802504816955684,0.0,107.24434826883883
16,C1_standard_cath,4CamClassic,ultrasound,P2,Prop_09_ultrasound,peripheral_support,0.0,1.0,0.0,0,985,0,0.9989847715736041,0.9989847715736041,0.86497461928934,0.08020304568527918,111.20522297729048
16,C1_standard_cath,4CamClassic,ceiling_lamp,P3,Prop_10_ceiling_lamp,ceiling_over_table,0.0,1.0,0.0,0,253,0,1.0,1.0,1.0,0.9683794466403162,107.04825719886087
20,C1_standard_cath,4CamClassic,patient,P1,Prop_00_patient,table_patient,0.3865110246433204,0.7785234899328859,0.42979415436184876,1,771,149,0.38780804150453957,0.38780804150453957,0.005188067444876783,0.0,127.59949179488831
20,C1_standard_cath,4CamClassic,doctor_operator,P1,Prop_01_doctor_operator,operator_lane,0.0,1.0,0.0,0,1355,0,0.9985239852398524,0.9985239852398524,0.5527675276752767,0.24575645756457565,112.95338276767653
20,C1_standard_cath,4CamClassic,medical_trolley,P2,Prop_02_medical_trolley,operator_peripheral_equipment,0.0,1.0,0.0,0,879,0,1.0,1.0,0.9977246871444824,0.906712172923777,97.94859202145162
20,C1_standard_cath,4CamClassic,doctor_anesthesia,P2,Prop_03_doctor_anesthesia,head_anesthesia_corner,0.0,1.0,0.0,0,828,0,0.9722222222222222,0.9722222222222222,0.6207729468599034,0.0,87.0387462252654
20,C1_standard_cath,4CamClassic,anesthesia_machine,P2,Prop_04_anesthesia_machine,head_anesthesia_corner,0.0,1.0,0.0,0,1003,0,0.9980059820538385,0.9980059820538385,0.9102691924227319,0.026919242273180457,101.72465672527099
20,C1_standard_cath,4CamClassic,radiation_shield,P1,Prop_05_radiation_shield,operator_lane,0.0,1.0,0.0,0,1006,0,0.9224652087475149,0.9224652087475149,0.5397614314115308,0.15606361829025844,101.65080168998912
20,C1_standard_cath,4CamClassic,uhd_tv,P3,Prop_06_uhd_tv,screen_side,0.012143290831815421,1.0,0.01513317191283293,0,1647,2,0.9726775956284153,0.9726775956284153,0.7741347905282332,0.44687310261080754,107.67875950826156
20,C1_standard_cath,4CamClassic,waste_bin,P3,Prop_07_waste_bin,waste_corner,0.0,1.0,0.0,0,251,0,0.00796812749003984,0.00796812749003984,0.0,0.0,0.0
20,C1_standard_cath,4CamClassic,doctor_ultrasound,P2,Prop_08_doctor_ultrasound,peripheral_support,0.0,1.0,0.0,0,983,0,1.0,1.0,0.7894201424211598,0.0,105.47683385451812
20,C1_standard_cath,4CamClassic,ultrasound,P2,Prop_09_ultrasound,peripheral_support,0.0,1.0,0.0,0,1017,0,1.0,1.0,0.9016715830875123,0.0776794493608653,111.98041353276462
20,C1_standard_cath,4CamClassic,ceiling_lamp,P3,Prop_10_ceiling_lamp,ceiling_over_table,0.0,1.0,0.0,0,274,0,1.0,1.0,0.9963503649635036,0.9562043795620438,107.41112983495525
24,C1_standard_cath,4CamClassic,patient,P1,Prop_00_patient,table_patient,0.49164345403899723,0.84375,0.5364137775776677,1,718,192,0.43175487465181056,0.43175487465181056,0.057103064066852366,0.0,119.31254968344705
24,C1_standard_cath,4CamClassic,doctor_operator,P1,Prop_01_doctor_operator,operator_lane,0.0,1.0,0.0,0,1582,0,0.9974715549936789,0.9974715549936789,0.679519595448799,0.2895069532237674,113.55252027883283
24,C1_standard_cath,4CamClassic,medical_trolley,P2,Prop_02_medical_trolley,operator_peripheral_equipment,0.0,1.0,0.0,0,946,0,1.0,1.0,0.9957716701902748,0.8826638477801269,97.3000261741105
24,C1_standard_cath,4CamClassic,doctor_anesthesia,P2,Prop_03_doctor_anesthesia,head_anesthesia_corner,0.0,1.0,0.0,0,864,0,0.9710648148148148,0.9710648148148148,0.6261574074074074,0.0,88.22251142494687
24,C1_standard_cath,4CamClassic,anesthesia_machine,P2,Prop_04_anesthesia_machine,head_anesthesia_corner,0.0,1.0,0.0,0,965,0,0.9989637305699481,0.9989637305699481,0.950259067357513,0.0,103.44603125005271
24,C1_standard_cath,4CamClassic,radiation_shield,P1,Prop_05_radiation_shield,operator_lane,0.0,1.0,0.0,0,1026,0,0.9161793372319688,0.9161793372319688,0.5594541910331384,0.28654970760233917,101.8908695230167
24,C1_standard_cath,4CamClassic,uhd_tv,P3,Prop_06_uhd_tv,screen_side,0.0,1.0,0.0,0,1709,0,0.9607957870099474,0.9607957870099474,0.7723815096547688,0.4347571679344646,108.6316355098686
24,C1_standard_cath,4CamClassic,waste_bin,P3,Prop_07_waste_bin,waste_corner,0.0,1.0,0.0,0,260,0,0.0,0.0,0.0,0.0,0.0
24,C1_standard_cath,4CamClassic,doctor_ultrasound,P2,Prop_08_doctor_ultrasound,peripheral_support,0.0,0.0,0.0,0,898,1,0.955456570155902,0.955456570155902,0.5746102449888641,0.0,106.59559187878823
24,C1_standard_cath,4CamClassic,ultrasound,P2,Prop_09_ultrasound,peripheral_support,0.0029615004935834156,1.0,0.0036991368680641184,0,1013,1,0.7206317867719645,0.7206317867719645,0.192497532082922,0.004935834155972359,115.70332825720514
24,C1_standard_cath,4CamClassic,ceiling_lamp,P3,Prop_10_ceiling_lamp,ceiling_over_table,0.0,0.0,0.0,0,267,1,1.0,1.0,0.9962546816479401,0.9812734082397003,106.84560079063074
28,C1_standard_cath,4CamClassic,patient,P1,Prop_00_patient,table_patient,0.3933333333333333,0.6901960784313725,0.43035351651539644,1,750,255,0.33466666666666667,0.33466666666666667,0.005333333333333333,0.0,112.81515336090976
28,C1_standard_cath,4CamClassic,doctor_operator,P1,Prop_01_doctor_operator,operator_lane,0.0,0.0,0.0,0,1422,1,0.9978902953586498,0.9978902953586498,0.539381153305204,0.22292545710267228,115.69519043690529
28,C1_standard_cath,4CamClassic,medical_trolley,P2,Prop_02_medical_trolley,operator_peripheral_equipment,0.0,1.0,0.0,0,828,0,1.0,1.0,0.9951690821256038,0.9033816425120773,97.52268381158116
28,C1_standard_cath,4CamClassic,doctor_anesthesia,P2,Prop_03_doctor_anesthesia,head_anesthesia_corner,0.0,0.0,0.0,0,855,1,0.856140350877193,0.856140350877193,0.09707602339181287,0.0,89.64843262901883
28,C1_standard_cath,4CamClassic,anesthesia_machine,P2,Prop_04_anesthesia_machine,head_anesthesia_corner,0.0,0.0,0.0,0,1110,1,0.9945945945945946,0.9945945945945946,0.9225225225225225,0.009009009009009009,104.24653923454346
28,C1_standard_cath,4CamClassic,radiation_shield,P1,Prop_05_radiation_shield,operator_lane,0.0,0.0,0.0,0,919,1,0.8443960826985855,0.8443960826985855,0.455930359085963,0.18607181719260066,105.26029194398636
28,C1_standard_cath,4CamClassic,uhd_tv,P3,Prop_06_uhd_tv,screen_side,0.0,1.0,0.0,0,1656,0,0.9528985507246377,0.9528985507246377,0.7765700483091788,0.4196859903381642,108.45580902289038
28,C1_standard_cath,4CamClassic,waste_bin,P3,Prop_07_waste_bin,waste_corner,0.0,1.0,0.0,0,248,0,0.14919354838709678,0.14919354838709678,0.0,0.0,0.0
28,C1_standard_cath,4CamClassic,doctor_ultrasound,P2,Prop_08_doctor_ultrasound,peripheral_support,0.0,1.0,0.0,0,917,0,1.0,1.0,0.8047982551799345,0.0,100.07058076358663
28,C1_standard_cath,4CamClassic,ultrasound,P2,Prop_09_ultrasound,peripheral_support,0.015706806282722512,1.0,0.01955671447196871,0,955,2,0.8167539267015707,0.8167539267015707,0.38848167539267014,0.025130890052356022,113.0908958040489
28,C1_standard_cath,4CamClassic,ceiling_lamp,P3,Prop_10_ceiling_lamp,ceiling_over_table,0.0,1.0,0.0,0,302,0,1.0,1.0,1.0,0.9834437086092715,106.61713203198394
32,C1_standard_cath,4CamClassic,patient,P1,Prop_00_patient,table_patient,0.458950201884253,0.6019417475728155,0.4818425886675144,1,743,309,0.4468371467025572,0.4468371467025572,0.02557200538358008,0.0,118.93076761271047
32,C1_standard_cath,4CamClassic,doctor_operator,P1,Prop_01_doctor_operator,operator_lane,0.0,1.0,0.0,0,1589,0,0.9962240402769037,0.9962240402769037,0.5701699181875394,0.263687853996224,113.5969085491928
32,C1_standard_cath,4CamClassic,medical_trolley,P2,Prop_02_medical_trolley,operator_peripheral_equipment,0.0,1.0,0.0,0,832,0,1.0,1.0,0.9987980769230769,0.9110576923076923,97.85090735595506
32,C1_standard_cath,4CamClassic,doctor_anesthesia,P2,Prop_03_doctor_anesthesia,head_anesthesia_corner,0.0,1.0,0.0,0,871,0,0.9908151549942594,0.9908151549942594,0.6371986222732492,0.0,84.14387955846676
32,C1_standard_cath,4CamClassic,anesthesia_machine,P2,Prop_04_anesthesia_machine,head_anesthesia_corner,0.0,1.0,0.0,0,959,0,1.0,1.0,0.8832116788321168,0.01251303441084463,101.51881425045427
32,C1_standard_cath,4CamClassic,radiation_shield,P1,Prop_05_radiation_shield,operator_lane,0.005673758865248227,1.0,0.007082152974504251,0,705,1,0.9304964539007092,0.9304964539007092,0.5702127659574469,0.25390070921985813,99.36040388352424
32,C1_standard_cath,4CamClassic,uhd_tv,P3,Prop_06_uhd_tv,screen_side,0.005306603773584905,1.0,0.006624466362431914,0,1696,1,0.9628537735849056,0.9628537735849056,0.7623820754716981,0.4369103773584906,108.03804622871343
32,C1_standard_cath,4CamClassic,waste_bin,P3,Prop_07_waste_bin,waste_corner,0.0,1.0,0.0,0,257,0,0.0,0.0,0.0,0.0,0.0
32,C1_standard_cath,4CamClassic,doctor_ultrasound,P2,Prop_08_doctor_ultrasound,peripheral_support,0.0,1.0,0.0,0,953,0,1.0,1.0,0.8195173137460651,0.0,103.48811161098025
32,C1_standard_cath,4CamClassic,ultrasound,P2,Prop_09_ultrasound,peripheral_support,0.0018298261665141812,1.0,0.0022862368541380885,0,1093,1,0.8435498627630376,0.8435498627630376,0.4254345837145471,0.053979871912168347,111.01234171036482
32,C1_standard_cath,4CamClassic,ceiling_lamp,P3,Prop_10_ceiling_lamp,ceiling_over_table,0.0,1.0,0.0,0,256,0,1.0,1.0,1.0,0.98046875,106.1659807768974
36,C1_standard_cath,4CamClassic,patient,P1,Prop_00_patient,table_patient,0.43741588156123823,0.6826923076923077,0.4712800026142509,1,743,208,0.4387617765814266,0.4387617765814266,0.009421265141318977,0.0,63.20175018651328
36,C1_standard_cath,4CamClassic,doctor_operator,P1,Prop_01_doctor_operator,operator_lane,0.0,1.0,0.0,0,1366,0,0.9978038067349927,0.9978038067349927,0.6120058565153733,0.2445095168374817,110.06626490357024
36,C1_standard_cath,4CamClassic,medical_trolley,P2,Prop_02_medical_trolley,operator_peripheral_equipment,0.0,1.0,0.0,0,947,0,1.0,1.0,0.996832101372756,0.925026399155227,98.4186887472342
36,C1_standard_cath,4CamClassic,doctor_anesthesia,P2,Prop_03_doctor_anesthesia,head_anesthesia_corner,0.0,0.0,0.0,0,836,1,0.9988038277511961,0.9988038277511961,0.7918660287081339,0.0,84.5725984215696
36,C1_standard_cath,4CamClassic,anesthesia_machine,P2,Prop_04_anesthesia_machine,head_anesthesia_corner,0.0,1.0,0.0,0,1049,0,1.0,1.0,0.9685414680648237,0.015252621544327931,98.27237449192987
36,C1_standard_cath,4CamClassic,radiation_shield,P1,Prop_05_radiation_shield,operator_lane,0.0,1.0,0.0,0,1052,0,0.8583650190114068,0.8583650190114068,0.4790874524714829,0.07699619771863118,108.76336053733193
36,C1_standard_cath,4CamClassic,uhd_tv,P3,Prop_06_uhd_tv,screen_side,0.007281553398058253,1.0,0.009085402786190189,0,1648,1,0.9769417475728155,0.9769417475728155,0.7924757281553398,0.44599514563106796,107.94502549401663
36,C1_standard_cath,4CamClassic,waste_bin,P3,Prop_07_waste_bin,waste_corner,0.0,1.0,0.0,0,266,0,0.03759398496240601,0.03759398496240601,0.0,0.0,0.0
36,C1_standard_cath,4CamClassic,doctor_ultrasound,P2,Prop_08_doctor_ultrasound,peripheral_support,0.0,1.0,0.0,0,991,0,1.0,1.0,0.8244197780020182,0.0,107.27341303279542
36,C1_standard_cath,4CamClassic,ultrasound,P2,Prop_09_ultrasound,peripheral_support,0.0,1.0,0.0,0,1021,0,0.9471106758080313,0.9471106758080313,0.6620959843290891,0.04603330068560235,114.08098542622875
36,C1_standard_cath,4CamClassic,ceiling_lamp,P3,Prop_10_ceiling_lamp,ceiling_over_table,0.0,1.0,0.0,0,331,0,1.0,1.0,1.0,0.9788519637462235,106.41977919071148
1,N1_mirrored_head,4CamClassic,patient,P1,Prop_00_patient,table_patient,0.3991825613079019,0.48830409356725146,0.4143057451254661,1,734,342,0.4564032697547684,0.4564032697547684,0.04087193460490463,0.0,97.42404167629049
1,N1_mirrored_head,4CamClassic,doctor_operator,P1,Prop_01_doctor_operator,operator_lane,0.0,0.0,0.0,0,872,196,0.9621559633027523,0.9621559633027523,0.625,0.12041284403669725,126.44634241700966
1,N1_mirrored_head,4CamClassic,medical_trolley,P2,Prop_02_medical_trolley,operator_peripheral_equipment,0.0,1.0,0.0,0,863,0,1.0,1.0,1.0,0.8146002317497103,94.58648943451068
1,N1_mirrored_head,4CamClassic,doctor_anesthesia,P2,Prop_03_doctor_anesthesia,head_anesthesia_corner,0.0,0.0,0.0,0,989,311,0.9989888776541962,0.9989888776541962,0.7694641051567239,0.0,94.40811719236402
1,N1_mirrored_head,4CamClassic,anesthesia_machine,P2,Prop_04_anesthesia_machine,head_anesthesia_corner,0.0,1.0,0.0,0,1116,0,0.9991039426523297,0.9991039426523297,0.9417562724014337,0.0,100.51430601010802
1,N1_mirrored_head,4CamClassic,radiation_shield,P1,Prop_05_radiation_shield,operator_lane,0.004624277456647399,0.5,0.0057670126874279125,0,865,2,0.861271676300578,0.861271676300578,0.5398843930635838,0.23121387283236994,103.02063069255954
1,N1_mirrored_head,4CamClassic,uhd_tv,P3,Prop_06_uhd_tv,screen_side,0.005681818181818182,1.0,0.007092198581560284,0,1584,1,0.6452020202020202,0.6452020202020202,0.47664141414141414,0.2809343434343434,94.98525232875242
1,N1_mirrored_head,4CamClassic,waste_bin,P3,Prop_07_waste_bin,waste_corner,0.0,1.0,0.0,0,263,0,0.4600760456273764,0.4600760456273764,0.0,0.0,0.0
1,N1_mirrored_head,4CamClassic,doctor_ultrasound,P2,Prop_08_doctor_ultrasound,peripheral_support,0.0,1.0,0.0,0,932,0,1.0,1.0,0.8379828326180258,0.0,108.9021729314901
1,N1_mirrored_head,4CamClassic,ultrasound,P2,Prop_09_ultrasound,peripheral_support,0.0,1.0,0.0,0,851,0,0.9294947121034077,0.9294947121034077,0.7097532314923619,0.041128084606345476,115.28951388058714
1,N1_mirrored_head,4CamClassic,ceiling_lamp,P3,Prop_10_ceiling_lamp,ceiling_over_table,0.0,1.0,0.0,0,302,0,1.0,1.0,1.0,0.9602649006622517,105.82050311644068
5,N1_mirrored_head,4CamClassic,patient,P1,Prop_00_patient,table_patient,0.5422163588390502,0.5968992248062015,0.5523364388113781,1,758,516,0.5,0.5,0.03825857519788918,0.0013192612137203166,103.42028852617038
5,N1_mirrored_head,4CamClassic,doctor_operator,P1,Prop_01_doctor_operator,operator_lane,0.0,0.0,0.0,0,1028,157,0.9727626459143969,0.9727626459143969,0.6488326848249028,0.09533073929961089,135.75976325966917
5,N1_mirrored_head,4CamClassic,medical_trolley,P2,Prop_02_medical_trolley,operator_peripheral_equipment,0.01053864168618267,1.0,0.01313868613138686,0,854,1,1.0,1.0,0.9988290398126464,0.8489461358313818,95.09318568177413
5,N1_mirrored_head,4CamClassic,doctor_anesthesia,P2,Prop_03_doctor_anesthesia,head_anesthesia_corner,0.0,0.0,0.0,0,1006,92,1.0,1.0,0.7306163021868787,0.0,96.2087306876746
5,N1_mirrored_head,4CamClassic,anesthesia_machine,P2,Prop_04_anesthesia_machine,head_anesthesia_corner,0.009057971014492754,1.0,0.011296882060551287,0,1104,1,1.0,1.0,0.9393115942028986,0.004528985507246377,99.89918720717407
5,N1_mirrored_head,4CamClassic,radiation_shield,P1,Prop_05_radiation_shield,operator_lane,0.0,1.0,0.0,0,991,0,0.8779011099899092,0.8779011099899092,0.4934409687184662,0.1977800201816347,102.39985921425077
5,N1_mirrored_head,4CamClassic,uhd_tv,P3,Prop_06_uhd_tv,screen_side,0.005681818181818182,1.0,0.007092198581560284,0,1584,1,0.7430555555555556,0.7430555555555556,0.48169191919191917,0.273989898989899,97.06842574249895
5,N1_mirrored_head,4CamClassic,waste_bin,P3,Prop_07_waste_bin,waste_corner,0.0,1.0,0.0,0,241,0,0.04149377593360996,0.04149377593360996,0.0,0.0,0.0
5,N1_mirrored_head,4CamClassic,doctor_ultrasound,P2,Prop_08_doctor_ultrasound,peripheral_support,0.0,1.0,0.0,0,956,0,1.0,1.0,0.8472803347280334,0.0,108.10440805091612
5,N1_mirrored_head,4CamClassic,ultrasound,P2,Prop_09_ultrasound,peripheral_support,0.0,1.0,0.0,0,971,0,0.917610710607621,0.917610710607621,0.7106076210092688,0.07826982492276004,109.04417681611264
5,N1_mirrored_head,4CamClassic,ceiling_lamp,P3,Prop_10_ceiling_lamp,ceiling_over_table,0.0,1.0,0.0,0,296,0,1.0,1.0,1.0,0.9797297297297297,105.7045924919703
9,N1_mirrored_head,4CamClassic,patient,P1,Prop_00_patient,table_patient,0.2813333333333333,0.5213270142180095,0.30986246432109277,1,750,211,0.3333333333333333,0.3333333333333333,0.0026666666666666666,0.0,81.88572092504432
9,N1_mirrored_head,4CamClassic,doctor_operator,P1,Prop_01_doctor_operator,operator_lane,0.05075593952483801,0.1484593837535014,0.05844920714624269,1,926,357,0.9676025917926566,0.9676025917926566,0.5604751619870411,0.07667386609071274,129.09400070457932
9,N1_mirrored_head,4CamClassic,medical_trolley,P2,Prop_02_medical_trolley,operator_peripheral_equipment,0.0,1.0,0.0,0,936,0,1.0,1.0,0.9957264957264957,0.8664529914529915,95.48432034029379
9,N1_mirrored_head,4CamClassic,doctor_anesthesia,P2,Prop_03_doctor_anesthesia,head_anesthesia_corner,0.0465587044534413,0.066815144766147,0.04956398063413163,0,988,449,1.0,1.0,0.8238866396761133,0.0,93.481737880661
9,N1_mirrored_head,4CamClassic,anesthesia_machine,P2,Prop_04_anesthesia_machine,head_anesthesia_corner,0.0,1.0,0.0,0,1127,0,1.0,1.0,0.9316770186335404,0.0,96.35003778712411
9,N1_mirrored_head,4CamClassic,radiation_shield,P1,Prop_05_radiation_shield,operator_lane,0.0,0.0,0.0,0,876,2,0.815068493150685,0.815068493150685,0.4474885844748858,0.1815068493150685,104.02961763608525
9,N1_mirrored_head,4CamClassic,uhd_tv,P3,Prop_06_uhd_tv,screen_side,0.0,0.0,0.0,0,1584,2,0.7683080808080808,0.7683080808080808,0.48358585858585856,0.2840909090909091,96.20971927814395
9,N1_mirrored_head,4CamClassic,waste_bin,P3,Prop_07_waste_bin,waste_corner,0.0,1.0,0.0,0,316,0,0.18670886075949367,0.18670886075949367,0.0,0.0,0.0
9,N1_mirrored_head,4CamClassic,doctor_ultrasound,P2,Prop_08_doctor_ultrasound,peripheral_support,0.0,1.0,0.0,0,908,0,1.0,1.0,0.8105726872246696,0.0,106.54522404326534
9,N1_mirrored_head,4CamClassic,ultrasound,P2,Prop_09_ultrasound,peripheral_support,0.010344827586206896,1.0,0.012897678417884782,0,870,1,1.0,1.0,0.8379310344827586,0.11149425287356322,107.28054086810369
9,N1_mirrored_head,4CamClassic,ceiling_lamp,P3,Prop_10_ceiling_lamp,ceiling_over_table,0.0,1.0,0.0,0,250,0,1.0,1.0,1.0,0.952,105.85313543312277
13,N1_mirrored_head,4CamClassic,patient,P1,Prop_00_patient,table_patient,0.4501347708894879,0.6,0.47380366937771895,1,742,385,0.49056603773584906,0.49056603773584906,0.025606469002695417,0.005390835579514825,120.40643476801436
13,N1_mirrored_head,4CamClassic,doctor_operator,P1,Prop_01_doctor_operator,operator_lane,0.14715359828141783,0.30718954248366015,0.1642694232839598,1,931,459,0.8109559613319012,0.8109559613319012,0.4371643394199785,0.04296455424274973,131.74017039291573
13,N1_mirrored_head,4CamClassic,medical_trolley,P2,Prop_02_medical_trolley,operator_peripheral_equipment,0.0,1.0,0.0,0,835,0,1.0,1.0,0.9964071856287425,0.837125748502994,95.46087387612037
13,N1_mirrored_head,4CamClassic,doctor_anesthesia,P2,Prop_03_doctor_anesthesia,head_anesthesia_corner,0.1511627906976744,0.21694480102695765,0.16092172919443914,1,860,779,0.9883720930232558,0.9883720930232558,0.7430232558139535,0.0,88.2040811149431
13,N1_mirrored_head,4CamClassic,anesthesia_machine,P2,Prop_04_anesthesia_machine,head_anesthesia_corner,0.0,1.0,0.0,0,1012,0,1.0,1.0,0.8764822134387352,0.0,100.33952869710792
13,N1_mirrored_head,4CamClassic,radiation_shield,P1,Prop_05_radiation_shield,operator_lane,0.0,0.0,0.0,0,1067,1,0.8191190253045924,0.8191190253045924,0.42549203373945643,0.10121836925960637,93.80189547410674
13,N1_mirrored_head,4CamClassic,uhd_tv,P3,Prop_06_uhd_tv,screen_side,0.011363636363636364,0.4,0.014104372355430182,0,1584,5,0.6862373737373737,0.6862373737373737,0.4438131313131313,0.2796717171717172,95.87761458476525
13,N1_mirrored_head,4CamClassic,waste_bin,P3,Prop_07_waste_bin,waste_corner,0.0,1.0,0.0,0,259,0,0.42084942084942084,0.42084942084942084,0.003861003861003861,0.0,100.65669411371343
13,N1_mirrored_head,4CamClassic,doctor_ultrasound,P2,Prop_08_doctor_ultrasound,peripheral_support,0.0,1.0,0.0,0,917,0,1.0,1.0,0.8451472191930207,0.0,106.53582758834715
13,N1_mirrored_head,4CamClassic,ultrasound,P2,Prop_09_ultrasound,peripheral_support,0.011739594450373533,1.0,0.014631550944400107,0,937,1,1.0,1.0,0.8858057630736392,0.10992529348986126,109.38534033407153
13,N1_mirrored_head,4CamClassic,ceiling_lamp,P3,Prop_10_ceiling_lamp,ceiling_over_table,0.0,1.0,0.0,0,270,0,1.0,1.0,1.0,0.9333333333333333,106.61424159504244
17,N1_mirrored_head,4CamClassic,patient,P1,Prop_00_patient,table_patient,0.48408488063660476,0.5247747747747747,0.49171010698575834,1,754,444,0.4920424403183024,0.4920424403183024,0.08090185676392574,0.006631299734748011,102.4880930727572
17,N1_mirrored_head,4CamClassic,doctor_operator,P1,Prop_01_doctor_operator,operator_lane,0.0,0.0,0.0,0,978,330,0.9897750511247444,0.9897750511247444,0.5858895705521472,0.0869120654396728,132.59263068660002
17,N1_mirrored_head,4CamClassic,medical_trolley,P2,Prop_02_medical_trolley,operator_peripheral_equipment,0.0,1.0,0.0,0,868,0,1.0,1.0,0.9953917050691244,0.8064516129032258,93.77024026055115
17,N1_mirrored_head,4CamClassic,doctor_anesthesia,P2,Prop_03_doctor_anesthesia,head_anesthesia_corner,0.004826254826254826,0.0025380710659898475,0.0040889761203794575,0,1036,394,1.0,1.0,0.8397683397683398,0.0,89.5796924984534
17,N1_mirrored_head,4CamClassic,anesthesia_machine,P2,Prop_04_anesthesia_machine,head_anesthesia_corner,0.0,1.0,0.0,0,1078,0,1.0,1.0,0.9833024118738405,0.029684601113172542,95.55339349837813
17,N1_mirrored_head,4CamClassic,radiation_shield,P1,Prop_05_radiation_shield,operator_lane,0.0,1.0,0.0,0,731,0,0.7934336525307798,0.7934336525307798,0.23803009575923392,0.004103967168262654,139.49585061248064
17,N1_mirrored_head,4CamClassic,uhd_tv,P3,Prop_06_uhd_tv,screen_side,0.0,0.0,0.0,0,1584,1,0.7241161616161617,0.7241161616161617,0.4772727272727273,0.27335858585858586,95.51883976362507
17,N1_mirrored_head,4CamClassic,waste_bin,P3,Prop_07_waste_bin,waste_corner,0.0,1.0,0.0,0,262,0,0.40458015267175573,0.40458015267175573,0.0,0.0,0.0
17,N1_mirrored_head,4CamClassic,doctor_ultrasound,P2,Prop_08_doctor_ultrasound,peripheral_support,0.0,0.0,0.0,0,869,1,0.9677790563866513,0.9677790563866513,0.5995397008055235,0.0,108.22415597637226
17,N1_mirrored_head,4CamClassic,ultrasound,P2,Prop_09_ultrasound,peripheral_support,0.0,1.0,0.0,0,945,0,0.7534391534391535,0.7534391534391535,0.5587301587301587,0.01164021164021164,119.13604540383322
17,N1_mirrored_head,4CamClassic,ceiling_lamp,P3,Prop_10_ceiling_lamp,ceiling_over_table,0.0,1.0,0.0,0,330,0,1.0,1.0,1.0,0.9606060606060606,106.92097285655356
21,N1_mirrored_head,4CamClassic,patient,P1,Prop_00_patient,table_patient,0.5430555555555555,0.5857142857142857,0.5510828463389481,1,720,490,0.7513888888888889,0.7513888888888889,0.17083333333333334,0.008333333333333333,91.44545711940269
21,N1_mirrored_head,4CamClassic,doctor_operator,P1,Prop_01_doctor_operator,operator_lane,0.015730337078651686,0.02564102564102564,0.017048222113979543,0,890,195,0.903370786516854,0.903370786516854,0.549438202247191,0.14831460674157304,122.70801778072496
21,N1_mirrored_head,4CamClassic,medical_trolley,P2,Prop_02_medical_trolley,operator_peripheral_equipment,0.0,1.0,0.0,0,937,0,1.0,1.0,0.9925293489861259,0.8388473852721452,95.61156000680573
21,N1_mirrored_head,4CamClassic,doctor_anesthesia,P2,Prop_03_doctor_anesthesia,head_anesthesia_corner,0.0,0.0,0.0,0,885,382,0.9988700564971752,0.9988700564971752,0.7163841807909604,0.0,91.46602678408624
21,N1_mirrored_head,4CamClassic,anesthesia_machine,P2,Prop_04_anesthesia_machine,head_anesthesia_corner,0.0,0.0,0.0,0,992,1,1.0,1.0,0.9838709677419355,0.0,97.06125663869442
21,N1_mirrored_head,4CamClassic,radiation_shield,P1,Prop_05_radiation_shield,operator_lane,0.009814612868047983,1.0,0.012238237693772096,0,917,1,0.8625954198473282,0.8625954198473282,0.4983642311886587,0.20065430752453653,111.272470265794
21,N1_mirrored_head,4CamClassic,uhd_tv,P3,Prop_06_uhd_tv,screen_side,0.013888888888888888,0.11764705882352941,0.016863406408094438,0,1584,17,0.7058080808080808,0.7058080808080808,0.4311868686868687,0.25315656565656564,91.41486728185453
21,N1_mirrored_head,4CamClassic,waste_bin,P3,Prop_07_waste_bin,waste_corner,0.0,1.0,0.0,0,260,0,0.49230769230769234,0.49230769230769234,0.019230769230769232,0.0,99.69764558400917
21,N1_mirrored_head,4CamClassic,doctor_ultrasound,P2,Prop_08_doctor_ultrasound,peripheral_support,0.0,1.0,0.0,0,912,0,1.0,1.0,0.875,0.0,118.53739001361411
21,N1_mirrored_head,4CamClassic,ultrasound,P2,Prop_09_ultrasound,peripheral_support,0.0,1.0,0.0,0,881,0,0.8842224744608399,0.8842224744608399,0.6606129398410897,0.04767309875141884,112.01453897066484
21,N1_mirrored_head,4CamClassic,ceiling_lamp,P3,Prop_10_ceiling_lamp,ceiling_over_table,0.0,1.0,0.0,0,291,0,1.0,1.0,1.0,0.9725085910652921,106.60720869667404
25,N1_mirrored_head,4CamClassic,patient,P1,Prop_00_patient,table_patient,0.521680216802168,0.621676891615542,0.5390204969636345,1,738,489,0.7479674796747967,0.7479674796747967,0.2777777777777778,0.013550135501355014,82.76826555569663
25,N1_mirrored_head,4CamClassic,doctor_operator,P1,Prop_01_doctor_operator,operator_lane,0.10515021459227468,0.346875,0.12217859325018869,1,932,320,0.8583690987124464,0.8583690987124464,0.4699570815450644,0.08583690987124463,121.63028134687285
25,N1_mirrored_head,4CamClassic,medical_trolley,P2,Prop_02_medical_trolley,operator_peripheral_equipment,0.0,1.0,0.0,0,873,0,1.0,1.0,0.9965635738831615,0.7983963344788088,94.12884417652839
25,N1_mirrored_head,4CamClassic,doctor_anesthesia,P2,Prop_03_doctor_anesthesia,head_anesthesia_corner,0.09408033826638477,0.1592356687898089,0.10246562220809961,1,946,628,0.9968287526427061,0.9968287526427061,0.7367864693446089,0.0010570824524312897,90.17005554847383
25,N1_mirrored_head,4CamClassic,anesthesia_machine,P2,Prop_04_anesthesia_machine,head_anesthesia_corner,0.0,0.0,0.0,0,1094,1,1.0,1.0,0.9780621572212066,0.024680073126142597,94.28585237918286
25,N1_mirrored_head,4CamClassic,radiation_shield,P1,Prop_05_radiation_shield,operator_lane,0.0,1.0,0.0,0,937,0,0.887940234791889,0.887940234791889,0.4813233724653148,0.11846318036286019,104.40676089524517
25,N1_mirrored_head,4CamClassic,uhd_tv,P3,Prop_06_uhd_tv,screen_side,0.005681818181818182,1.0,0.007092198581560284,0,1584,1,0.821969696969697,0.821969696969697,0.5025252525252525,0.2569444444444444,90.26837154224211
25,N1_mirrored_head,4CamClassic,waste_bin,P3,Prop_07_waste_bin,waste_corner,0.0,1.0,0.0,0,250,0,0.256,0.256,0.0,0.0,0.0
25,N1_mirrored_head,4CamClassic,doctor_ultrasound,P2,Prop_08_doctor_ultrasound,peripheral_support,0.0,1.0,0.0,0,943,0,1.0,1.0,0.8366914103923648,0.0,118.93991429882303
25,N1_mirrored_head,4CamClassic,ultrasound,P2,Prop_09_ultrasound,peripheral_support,0.012084592145015106,1.0,0.01506024096385542,0,993,1,0.8610271903323263,0.8610271903323263,0.6505538771399798,0.06143001007049345,109.6970632278992
25,N1_mirrored_head,4CamClassic,ceiling_lamp,P3,Prop_10_ceiling_lamp,ceiling_over_table,0.0,1.0,0.0,0,250,0,1.0,1.0,1.0,0.964,105.19100724094321
29,N1_mirrored_head,4CamClassic,patient,P1,Prop_00_patient,table_patient,0.5091863517060368,0.587890625,0.5231949710779641,1,762,512,0.547244094488189,0.547244094488189,0.07349081364829396,0.007874015748031496,99.69498169422312
29,N1_mirrored_head,4CamClassic,doctor_operator,P1,Prop_01_doctor_operator,operator_lane,0.14329268292682926,0.301498127340824,0.16009393644480174,1,984,534,0.8882113821138211,0.8882113821138211,0.5528455284552846,0.056910569105691054,129.51112320599285
29,N1_mirrored_head,4CamClassic,medical_trolley,P2,Prop_02_medical_trolley,operator_peripheral_equipment,0.0,0.0,0.0,0,1033,1,1.0,1.0,0.9970958373668926,0.8412391093901258,95.22762799579458
29,N1_mirrored_head,4CamClassic,doctor_anesthesia,P2,Prop_03_doctor_anesthesia,head_anesthesia_corner,0.13844621513944222,0.14129520605550883,0.13900678485497506,1,1004,1189,0.9970119521912351,0.9970119521912351,0.8356573705179283,0.00199203187250996,89.45224345710295
29,N1_mirrored_head,4CamClassic,anesthesia_machine,P2,Prop_04_anesthesia_machine,head_anesthesia_corner,0.010869565217391304,1.0,0.013550135501355013,0,1104,1,1.0,1.0,0.9855072463768116,0.006340579710144928,97.76241809467292
29,N1_mirrored_head,4CamClassic,radiation_shield,P1,Prop_05_radiation_shield,operator_lane,0.11183496199782844,0.44761904761904764,0.13157537113441287,1,921,105,0.8208469055374593,0.8208469055374593,0.4364820846905538,0.11617806731813246,118.07561828270283
29,N1_mirrored_head,4CamClassic,uhd_tv,P3,Prop_06_uhd_tv,screen_side,0.0,0.0,0.0,0,1584,14,0.7664141414141414,0.7664141414141414,0.48295454545454547,0.29545454545454547,95.9508743763124
29,N1_mirrored_head,4CamClassic,waste_bin,P3,Prop_07_waste_bin,waste_corner,0.0,1.0,0.0,0,270,0,0.2518518518518518,0.2518518518518518,0.0,0.0,0.0
29,N1_mirrored_head,4CamClassic,doctor_ultrasound,P2,Prop_08_doctor_ultrasound,peripheral_support,0.0,1.0,0.0,0,905,0,1.0,1.0,0.8629834254143647,0.0,112.63766672986053
29,N1_mirrored_head,4CamClassic,ultrasound,P2,Prop_09_ultrasound,peripheral_support,0.0,1.0,0.0,0,1048,0,0.9265267175572519,0.9265267175572519,0.7366412213740458,0.05916030534351145,111.6376404835502
29,N1_mirrored_head,4CamClassic,ceiling_lamp,P3,Prop_10_ceiling_lamp,ceiling_over_table,0.0,1.0,0.0,0,334,0,1.0,1.0,1.0,0.9461077844311377,106.71229915544863
33,N1_mirrored_head,4CamClassic,patient,P1,Prop_00_patient,table_patient,0.5581081081081081,0.6172344689378757,0.5690094626160909,1,740,499,0.672972972972973,0.672972972972973,0.11756756756756757,0.00945945945945946,92.05526800151267
33,N1_mirrored_head,4CamClassic,doctor_operator,P1,Prop_01_doctor_operator,operator_lane,0.008676789587852495,0.015873015873015872,0.009541984732824428,0,922,63,0.9934924078091106,0.9934924078091106,0.6681127982646421,0.09869848156182212,129.95013972102294
33,N1_mirrored_head,4CamClassic,medical_trolley,P2,Prop_02_medical_trolley,operator_peripheral_equipment,0.0,1.0,0.0,0,998,0,1.0,1.0,0.9939879759519038,0.8336673346693386,94.22163652938747
33,N1_mirrored_head,4CamClassic,doctor_anesthesia,P2,Prop_03_doctor_anesthesia,head_anesthesia_corner,0.0,0.0,0.0,0,1085,23,0.9990783410138249,0.9990783410138249,0.8129032258064516,0.0,94.28557952717908
33,N1_mirrored_head,4CamClassic,anesthesia_machine,P2,Prop_04_anesthesia_machine,head_anesthesia_corner,0.0,1.0,0.0,0,1143,0,1.0,1.0,0.9781277340332458,0.022747156605424323,97.73690290439605
33,N1_mirrored_head,4CamClassic,radiation_shield,P1,Prop_05_radiation_shield,operator_lane,0.01053864168618267,1.0,0.01313868613138686,0,854,1,0.832552693208431,0.832552693208431,0.42505854800936765,0.16393442622950818,98.37360693581083
33,N1_mirrored_head,4CamClassic,uhd_tv,P3,Prop_06_uhd_tv,screen_side,0.0,1.0,0.0,0,1584,0,0.7323232323232324,0.7323232323232324,0.46085858585858586,0.26830808080808083,92.88393259003567
33,N1_mirrored_head,4CamClassic,waste_bin,P3,Prop_07_waste_bin,waste_corner,0.0,1.0,0.0,0,255,0,0.3764705882352941,0.3764705882352941,0.0,0.0,0.0
33,N1_mirrored_head,4CamClassic,doctor_ultrasound,P2,Prop_08_doctor_ultrasound,peripheral_support,0.0,1.0,0.0,0,935,0,1.0,1.0,0.9005347593582887,0.0,113.27138998751767
33,N1_mirrored_head,4CamClassic,ultrasound,P2,Prop_09_ultrasound,peripheral_support,0.010440835266821345,1.0,0.013017066820943014,0,862,1,1.0,1.0,0.8851508120649652,0.09164733178654293,111.36751643411529
33,N1_mirrored_head,4CamClassic,ceiling_lamp,P3,Prop_10_ceiling_lamp,ceiling_over_table,0.0,1.0,0.0,0,296,0,1.0,1.0,0.9966216216216216,0.9358108108108109,106.7029611553479
37,N1_mirrored_head,4CamClassic,patient,P1,Prop_00_patient,table_patient,0.5306666666666666,0.5902004454342984,0.5415928076557304,1,750,449,0.6613333333333333,0.6613333333333333,0.10133333333333333,0.004,76.57270935561974
37,N1_mirrored_head,4CamClassic,doctor_operator,P1,Prop_01_doctor_operator,operator_lane,0.01794616151545364,0.0058309037900874635,0.012677841949570364,0,1003,343,0.9551345962113659,0.9551345962113659,0.650049850448654,0.1575274177467597,126.55024693844987
37,N1_mirrored_head,4CamClassic,medical_trolley,P2,Prop_02_medical_trolley,operator_peripheral_equipment,0.0,1.0,0.0,0,916,0,1.0,1.0,0.9989082969432315,0.8165938864628821,94.81252893988366
37,N1_mirrored_head,4CamClassic,doctor_anesthesia,P2,Prop_03_doctor_anesthesia,head_anesthesia_corner,0.0,0.0,0.0,0,987,141,0.9989868287740629,0.9989868287740629,0.7578520770010132,0.0,96.76148727222771
37,N1_mirrored_head,4CamClassic,anesthesia_machine,P2,Prop_04_anesthesia_machine,head_anesthesia_corner,0.0,1.0,0.0,0,1071,0,1.0,1.0,0.965452847805789,0.02427637721755369,101.27179165768807
37,N1_mirrored_head,4CamClassic,radiation_shield,P1,Prop_05_radiation_shield,operator_lane,0.0,1.0,0.0,0,1045,0,0.8622009569377991,0.8622009569377991,0.5215311004784688,0.18373205741626794,112.88021458889138
37,N1_mirrored_head,4CamClassic,uhd_tv,P3,Prop_06_uhd_tv,screen_side,0.003787878787878788,0.030303030303030304,0.004591368227731864,0,1584,33,0.7758838383838383,0.7758838383838383,0.5012626262626263,0.2859848484848485,96.0508713396798
37,N1_mirrored_head,4CamClassic,waste_bin,P3,Prop_07_waste_bin,waste_corner,0.0,1.0,0.0,0,248,0,0.29435483870967744,0.29435483870967744,0.0,0.0,0.0
37,N1_mirrored_head,4CamClassic,doctor_ultrasound,P2,Prop_08_doctor_ultrasound,peripheral_support,0.0,1.0,0.0,0,908,0,1.0,1.0,0.802863436123348,0.0,110.45313106807471
37,N1_mirrored_head,4CamClassic,ultrasound,P2,Prop_09_ultrasound,peripheral_support,0.0,1.0,0.0,0,969,0,1.0,1.0,0.8947368421052632,0.07946336429308566,111.76018968852017
37,N1_mirrored_head,4CamClassic,ceiling_lamp,P3,Prop_10_ceiling_lamp,ceiling_over_table,0.0,1.0,0.0,0,259,0,1.0,1.0,1.0,0.9961389961389961,105.0435836324502
2,C2_radial_echo,4CamClassic,patient,P1,Prop_00_patient,table_patient,0.44850948509485095,0.7156862745098039,0.4846985854014716,1,738,204,0.4254742547425474,0.4254742547425474,0.016260162601626018,0.0,115.92319155159606
2,C2_radial_echo,4CamClassic,doctor_operator,P1,Prop_01_doctor_operator,operator_lane,0.02628361858190709,0.8727272727272727,0.03260900476179943,0,1636,55,0.886919315403423,0.886919315403423,0.5189486552567237,0.18581907090464547,106.47508086945422
2,C2_radial_echo,4CamClassic,medical_trolley,P2,Prop_02_medical_trolley,operator_peripheral_equipment,0.0,1.0,0.0,0,1048,0,1.0,1.0,0.9990458015267175,0.9188931297709924,96.30937251738321
2,C2_radial_echo,4CamClassic,doctor_anesthesia,P2,Prop_03_doctor_anesthesia,head_anesthesia_corner,0.06924882629107981,0.208955223880597,0.07993806251814574,1,852,268,0.9929577464788732,0.9929577464788732,0.6690140845070423,0.0011737089201877935,85.0754830315959
2,C2_radial_echo,4CamClassic,anesthesia_machine,P2,Prop_04_anesthesia_machine,head_anesthesia_corner,0.0,1.0,0.0,0,1108,0,1.0,1.0,0.9792418772563177,0.04422382671480144,96.9548070307933
2,C2_radial_echo,4CamClassic,radiation_shield,P1,Prop_05_radiation_shield,operator_lane,0.0,0.0,0.0,0,914,1,0.8588621444201313,0.8588621444201313,0.47045951859956237,0.10284463894967177,113.2882989154236
2,C2_radial_echo,4CamClassic,uhd_tv,P3,Prop_06_uhd_tv,screen_side,0.0,1.0,0.0,0,1734,0,0.8979238754325259,0.8979238754325259,0.6955017301038062,0.4031141868512111,109.16337385650594
2,C2_radial_echo,4CamClassic,waste_bin,P3,Prop_07_waste_bin,waste_corner,0.0,1.0,0.0,0,270,0,0.0,0.0,0.0,0.0,0.0
2,C2_radial_echo,4CamClassic,doctor_ultrasound,P2,Prop_08_doctor_ultrasound,peripheral_support,0.0,1.0,0.0,0,1038,0,1.0,1.0,0.8497109826589595,0.0,106.64319788568758
2,C2_radial_echo,4CamClassic,ultrasound,P2,Prop_09_ultrasound,peripheral_support,0.0,1.0,0.0,0,947,0,0.9503695881731784,0.9503695881731784,0.6800422386483632,0.08447729672650475,100.68903429615898
2,C2_radial_echo,4CamClassic,ceiling_lamp,P3,Prop_10_ceiling_lamp,ceiling_over_table,0.0,1.0,0.0,0,332,0,1.0,1.0,0.9969879518072289,0.963855421686747,105.36961885156715
6,C2_radial_echo,4CamClassic,patient,P1,Prop_00_patient,table_patient,0.3764705882352941,0.7,0.41481481481481486,1,765,160,0.3934640522875817,0.3934640522875817,0.009150326797385621,0.0,127.6828813310689
6,C2_radial_echo,4CamClassic,doctor_operator,P1,Prop_01_doctor_operator,operator_lane,0.0,1.0,0.0,0,1466,0,0.9406548431105047,0.9406548431105047,0.5156889495225102,0.19167803547066847,103.19895976145703
6,C2_radial_echo,4CamClassic,medical_trolley,P2,Prop_02_medical_trolley,operator_peripheral_equipment,0.0,1.0,0.0,0,997,0,1.0,1.0,0.995987963891675,0.9077231695085256,96.406495258443
6,C2_radial_echo,4CamClassic,doctor_anesthesia,P2,Prop_03_doctor_anesthesia,head_anesthesia_corner,0.0,0.0,0.0,0,854,66,0.9414519906323185,0.9414519906323185,0.41569086651053866,0.0,84.99992411083696
6,C2_radial_echo,4CamClassic,anesthesia_machine,P2,Prop_04_anesthesia_machine,head_anesthesia_corner,0.0,0.0,0.0,0,1099,1,1.0,1.0,0.9854413102820746,0.01637852593266606,102.02610890617287
6,C2_radial_echo,4CamClassic,radiation_shield,P1,Prop_05_radiation_shield,operator_lane,0.010775862068965518,1.0,0.013433637829124129,0,928,2,0.8060344827586207,0.8060344827586207,0.5161637931034483,0.0894396551724138,99.4065075909995
6,C2_radial_echo,4CamClassic,uhd_tv,P3,Prop_06_uhd_tv,screen_side,0.005253940455341506,1.0,0.006558810668998688,0,1713,1,0.87215411558669,0.87215411558669,0.6870986573263281,0.38295388207822534,109.94614723420926
6,C2_radial_echo,4CamClassic,waste_bin,P3,Prop_07_waste_bin,waste_corner,0.0,1.0,0.0,0,243,0,0.27983539094650206,0.27983539094650206,0.024691358024691357,0.0,104.3100779364773
6,C2_radial_echo,4CamClassic,doctor_ultrasound,P2,Prop_08_doctor_ultrasound,peripheral_support,0.0,1.0,0.0,0,1041,0,1.0,1.0,0.861671469740634,0.03554274735830932,107.47207046380973
6,C2_radial_echo,4CamClassic,ultrasound,P2,Prop_09_ultrasound,peripheral_support,0.0,1.0,0.0,0,928,0,0.8879310344827587,0.8879310344827587,0.6594827586206896,0.07866379310344827,103.07801485888578
6,C2_radial_echo,4CamClassic,ceiling_lamp,P3,Prop_10_ceiling_lamp,ceiling_over_table,0.0,1.0,0.0,0,277,0,1.0,1.0,1.0,0.9855595667870036,105.3356764555145
10,C2_radial_echo,4CamClassic,patient,P1,Prop_00_patient,table_patient,0.4881889763779528,0.7220338983050848,0.5220010435277563,1,762,295,0.4356955380577428,0.4356955380577428,0.007874015748031496,0.0,122.68440045987138
10,C2_radial_echo,4CamClassic,doctor_operator,P1,Prop_01_doctor_operator,operator_lane,0.0,1.0,0.0,0,1455,0,0.9649484536082474,0.9649484536082474,0.5271477663230241,0.19243986254295534,106.93667686436667
10,C2_radial_echo,4CamClassic,medical_trolley,P2,Prop_02_medical_trolley,operator_peripheral_equipment,0.0,1.0,0.0,0,947,0,1.0,1.0,1.0,0.925026399155227,96.22110353191725
10,C2_radial_echo,4CamClassic,doctor_anesthesia,P2,Prop_03_doctor_anesthesia,head_anesthesia_corner,0.003436426116838488,0.007518796992481203,0.003855050115651503,0,873,133,0.9988545246277205,0.9988545246277205,0.7869415807560137,0.0,86.16007948958642
10,C2_radial_echo,4CamClassic,anesthesia_machine,P2,Prop_04_anesthesia_machine,head_anesthesia_corner,0.012750455373406194,1.0,0.015887426236949616,0,1098,1,1.0,1.0,0.9890710382513661,0.026411657559198543,98.46427099844803
10,C2_radial_echo,4CamClassic,radiation_shield,P1,Prop_05_radiation_shield,operator_lane,0.014008620689655173,0.11764705882352941,0.017004578155657292,0,928,17,0.7316810344827587,0.7316810344827587,0.3900862068965517,0.09913793103448276,115.96574471556013
10,C2_radial_echo,4CamClassic,uhd_tv,P3,Prop_06_uhd_tv,screen_side,0.0,1.0,0.0,0,1721,0,0.9116792562463684,0.9116792562463684,0.7094712376525276,0.39395700174317255,109.44491648400303
10,C2_radial_echo,4CamClassic,waste_bin,P3,Prop_07_waste_bin,waste_corner,0.0,1.0,0.0,0,272,0,0.003676470588235294,0.003676470588235294,0.0,0.0,0.0
10,C2_radial_echo,4CamClassic,doctor_ultrasound,P2,Prop_08_doctor_ultrasound,peripheral_support,0.0,1.0,0.0,0,1058,0,0.999054820415879,0.999054820415879,0.8610586011342155,0.02835538752362949,108.89692992059285
10,C2_radial_echo,4CamClassic,ultrasound,P2,Prop_09_ultrasound,peripheral_support,0.0,1.0,0.0,0,830,0,0.9987951807228915,0.9987951807228915,0.8614457831325302,0.13373493975903614,103.02527057348082
10,C2_radial_echo,4CamClassic,ceiling_lamp,P3,Prop_10_ceiling_lamp,ceiling_over_table,0.0,1.0,0.0,0,306,0,1.0,1.0,1.0,0.9673202614379085,105.38715272579746
14,C2_radial_echo,4CamClassic,patient,P1,Prop_00_patient,table_patient,0.415014164305949,0.7218543046357616,0.45357454290332017,1,706,151,0.386685552407932,0.386685552407932,0.0056657223796034,0.0,118.4381938627536
14,C2_radial_echo,4CamClassic,doctor_operator,P1,Prop_01_doctor_operator,operator_lane,0.014447236180904523,1.0,0.017994054138632448,0,1592,5,0.9528894472361809,0.9528894472361809,0.5445979899497487,0.18592964824120603,105.10887151324326
14,C2_radial_echo,4CamClassic,medical_trolley,P2,Prop_02_medical_trolley,operator_peripheral_equipment,0.0,1.0,0.0,0,1011,0,1.0,1.0,0.9980217606330366,0.9376854599406528,97.16208784521949
14,C2_radial_echo,4CamClassic,doctor_anesthesia,P2,Prop_03_doctor_anesthesia,head_anesthesia_corner,0.038506417736289385,0.24050632911392406,0.046280576920237966,0,857,79,0.9918319719953326,0.9918319719953326,0.5775962660443408,0.0,84.90248896660215
14,C2_radial_echo,4CamClassic,anesthesia_machine,P2,Prop_04_anesthesia_machine,head_anesthesia_corner,0.01651376146788991,0.7142857142857143,0.020523579312232056,0,1090,7,0.9944954128440368,0.9944954128440368,0.818348623853211,0.03302752293577982,99.2531060114301
14,C2_radial_echo,4CamClassic,radiation_shield,P1,Prop_05_radiation_shield,operator_lane,0.0,1.0,0.0,0,923,0,0.8342361863488624,0.8342361863488624,0.48645720476706394,0.11484290357529794,97.72937420146064
14,C2_radial_echo,4CamClassic,uhd_tv,P3,Prop_06_uhd_tv,screen_side,0.0,1.0,0.0,0,1720,0,0.9546511627906977,0.9546511627906977,0.772093023255814,0.4197674418604651,108.77827478863233
14,C2_radial_echo,4CamClassic,waste_bin,P3,Prop_07_waste_bin,waste_corner,0.0,1.0,0.0,0,281,0,0.06405693950177936,0.06405693950177936,0.0,0.0,0.0
14,C2_radial_echo,4CamClassic,doctor_ultrasound,P2,Prop_08_doctor_ultrasound,peripheral_support,0.0,1.0,0.0,0,1075,0,0.9990697674418605,0.9990697674418605,0.8167441860465117,0.0065116279069767444,111.57366608774089
14,C2_radial_echo,4CamClassic,ultrasound,P2,Prop_09_ultrasound,peripheral_support,0.0,1.0,0.0,0,949,0,0.7565858798735511,0.7565858798735511,0.512118018967334,0.045310853530031614,108.35252129143385
14,C2_radial_echo,4CamClassic,ceiling_lamp,P3,Prop_10_ceiling_lamp,ceiling_over_table,0.0,1.0,0.0,0,296,0,1.0,1.0,1.0,1.0,104.15230067233249
18,C2_radial_echo,4CamClassic,patient,P1,Prop_00_patient,table_patient,0.48262032085561496,0.6404109589041096,0.5076355509568127,1,748,292,0.4532085561497326,0.4532085561497326,0.012032085561497326,0.0,67.42090637302454
18,C2_radial_echo,4CamClassic,doctor_operator,P1,Prop_01_doctor_operator,operator_lane,0.029054054054054056,1.0,0.0360556766728157,0,1480,23,0.9891891891891892,0.9891891891891892,0.6614864864864864,0.2087837837837838,111.21462639564236
18,C2_radial_echo,4CamClassic,medical_trolley,P2,Prop_02_medical_trolley,operator_peripheral_equipment,0.0,1.0,0.0,0,854,0,1.0,1.0,1.0,0.9379391100702577,96.02513556657243
18,C2_radial_echo,4CamClassic,doctor_anesthesia,P2,Prop_03_doctor_anesthesia,head_anesthesia_corner,0.0,0.0,0.0,0,862,63,0.9953596287703016,0.9953596287703016,0.8051044083526682,0.0,84.93029310698648
18,C2_radial_echo,4CamClassic,anesthesia_machine,P2,Prop_04_anesthesia_machine,head_anesthesia_corner,0.008144796380090498,1.0,0.010160307067058026,0,1105,1,1.0,1.0,0.9402714932126697,0.09411764705882353,100.32686623164592
18,C2_radial_echo,4CamClassic,radiation_shield,P1,Prop_05_radiation_shield,operator_lane,0.0,1.0,0.0,0,632,0,0.8481012658227848,0.8481012658227848,0.439873417721519,0.028481012658227847,130.708339657194
18,C2_radial_echo,4CamClassic,uhd_tv,P3,Prop_06_uhd_tv,screen_side,0.0034924330616996507,1.0,0.004361733061936609,0,1718,1,0.9674039580908033,0.9674039580908033,0.789871944121071,0.41734575087310827,109.6356917254843
18,C2_radial_echo,4CamClassic,waste_bin,P3,Prop_07_waste_bin,waste_corner,0.0,1.0,0.0,0,265,0,0.1169811320754717,0.1169811320754717,0.011320754716981131,0.0,105.57881516633249
18,C2_radial_echo,4CamClassic,doctor_ultrasound,P2,Prop_08_doctor_ultrasound,peripheral_support,0.0,1.0,0.0,0,1099,0,0.9881710646041856,0.9881710646041856,0.7916287534121929,0.0,111.94408777413429
18,C2_radial_echo,4CamClassic,ultrasound,P2,Prop_09_ultrasound,peripheral_support,0.0,1.0,0.0,0,835,0,0.6227544910179641,0.6227544910179641,0.3772455089820359,0.037125748502994015,104.87003926876801
18,C2_radial_echo,4CamClassic,ceiling_lamp,P3,Prop_10_ceiling_lamp,ceiling_over_table,0.0,1.0,0.0,0,330,0,1.0,1.0,1.0,0.9696969696969697,105.75628739757724
22,C2_radial_echo,4CamClassic,patient,P1,Prop_00_patient,table_patient,0.4281729428172943,0.7213114754098361,0.46605345054823727,1,717,183,0.4295676429567643,0.4295676429567643,0.03347280334728033,0.0,141.6293871200813
22,C2_radial_echo,4CamClassic,doctor_operator,P1,Prop_01_doctor_operator,operator_lane,0.009703196347031963,1.0,0.012099644128113879,0,1752,2,0.9697488584474886,0.9697488584474886,0.6381278538812786,0.2534246575342466,107.75440914100676
22,C2_radial_echo,4CamClassic,medical_trolley,P2,Prop_02_medical_trolley,operator_peripheral_equipment,0.0,1.0,0.0,0,882,0,1.0,1.0,1.0,0.9693877551020408,97.38524394646055
22,C2_radial_echo,4CamClassic,doctor_anesthesia,P2,Prop_03_doctor_anesthesia,head_anesthesia_corner,0.010856453558504222,0.022222222222222223,0.012093523246439131,0,829,45,0.9831121833534379,0.9831121833534379,0.6743063932448733,0.0,87.35901112262988
22,C2_radial_echo,4CamClassic,anesthesia_machine,P2,Prop_04_anesthesia_machine,head_anesthesia_corner,0.0,1.0,0.0,0,1094,0,0.9981718464351006,0.9981718464351006,0.9195612431444241,0.0923217550274223,98.29892466714212
22,C2_radial_echo,4CamClassic,radiation_shield,P1,Prop_05_radiation_shield,operator_lane,0.00861244019138756,0.5,0.010719390185802763,0,1045,2,0.8679425837320575,0.8679425837320575,0.5741626794258373,0.13492822966507176,101.80235097495459
22,C2_radial_echo,4CamClassic,uhd_tv,P3,Prop_06_uhd_tv,screen_side,0.00975889781859931,1.0,0.012168933428775947,0,1742,2,0.9477611940298507,0.9477611940298507,0.7198622273249139,0.38346727898966704,108.65627512202128
22,C2_radial_echo,4CamClassic,waste_bin,P3,Prop_07_waste_bin,waste_corner,0.0,1.0,0.0,0,304,0,0.019736842105263157,0.019736842105263157,0.0,0.0,0.0
22,C2_radial_echo,4CamClassic,doctor_ultrasound,P2,Prop_08_doctor_ultrasound,peripheral_support,0.0,1.0,0.0,0,1045,0,0.9942583732057416,0.9942583732057416,0.8363636363636363,0.0,109.49727866107396
22,C2_radial_echo,4CamClassic,ultrasound,P2,Prop_09_ultrasound,peripheral_support,0.0,1.0,0.0,0,791,0,0.7838179519595448,0.7838179519595448,0.5006321112515802,0.04424778761061947,103.03158418073815
22,C2_radial_echo,4CamClassic,ceiling_lamp,P3,Prop_10_ceiling_lamp,ceiling_over_table,0.0,1.0,0.0,0,253,0,1.0,1.0,1.0,0.9723320158102767,105.67297183222652
26,C2_radial_echo,4CamClassic,patient,P1,Prop_00_patient,table_patient,0.46994535519125685,0.656140350877193,0.4982217430635587,1,732,285,0.43989071038251365,0.43989071038251365,0.02459016393442623,0.0,155.37787111357653
26,C2_radial_echo,4CamClassic,doctor_operator,P1,Prop_01_doctor_operator,operator_lane,0.0,1.0,0.0,0,1661,0,0.9849488260084287,0.9849488260084287,0.5900060204695966,0.22636965683323299,110.74771023253082
26,C2_radial_echo,4CamClassic,medical_trolley,P2,Prop_02_medical_trolley,operator_peripheral_equipment,0.0,1.0,0.0,0,870,0,1.0,1.0,0.9988505747126437,0.9229885057471264,96.82315387410553
26,C2_radial_echo,4CamClassic,doctor_anesthesia,P2,Prop_03_doctor_anesthesia,head_anesthesia_corner,0.0,0.0,0.0,0,851,40,0.8425381903642774,0.8425381903642774,0.20211515863689777,0.0,90.11966400953156
26,C2_radial_echo,4CamClassic,anesthesia_machine,P2,Prop_04_anesthesia_machine,head_anesthesia_corner,0.009149130832570906,0.5,0.01138433515482696,0,1093,2,0.9972552607502287,0.9972552607502287,0.9258920402561757,0.022872827081427266,103.30318190775748
26,C2_radial_echo,4CamClassic,radiation_shield,P1,Prop_05_radiation_shield,operator_lane,0.0,1.0,0.0,0,1068,0,0.8567415730337079,0.8567415730337079,0.45880149812734083,0.14232209737827714,113.66057324177454
26,C2_radial_echo,4CamClassic,uhd_tv,P3,Prop_06_uhd_tv,screen_side,0.0,1.0,0.0,0,1711,0,0.9415546464056107,0.9415546464056107,0.7539450613676213,0.41379310344827586,109.70259607487289
26,C2_radial_echo,4CamClassic,waste_bin,P3,Prop_07_waste_bin,waste_corner,0.0,1.0,0.0,0,245,0,0.4857142857142857,0.4857142857142857,0.1469387755102041,0.0,107.00577633649624
26,C2_radial_echo,4CamClassic,doctor_ultrasound,P2,Prop_08_doctor_ultrasound,peripheral_support,0.0,1.0,0.0,0,1011,0,0.9990108803165183,0.9990108803165183,0.8496538081107814,0.004945598417408506,108.89149241815883
26,C2_radial_echo,4CamClassic,ultrasound,P2,Prop_09_ultrasound,peripheral_support,0.002190580503833516,1.0,0.0027367268746579096,0,913,1,0.9989047097480832,0.9989047097480832,0.7590361445783133,0.10843373493975904,102.35177255235378
26,C2_radial_echo,4CamClassic,ceiling_lamp,P3,Prop_10_ceiling_lamp,ceiling_over_table,0.0,1.0,0.0,0,297,0,1.0,1.0,0.9966329966329966,0.9629629629629629,106.70904250936584
30,C2_radial_echo,4CamClassic,patient,P1,Prop_00_patient,table_patient,0.44718792866941015,0.6829268292682927,0.48035026417159576,1,729,205,0.41426611796982166,0.41426611796982166,0.010973936899862825,0.0,101.63984103529829
30,C2_radial_echo,4CamClassic,doctor_operator,P1,Prop_01_doctor_operator,operator_lane,0.012374779021803181,1.0,0.015420766632398296,0,1697,7,0.9911608721272834,0.9911608721272834,0.5604007071302298,0.17206835592221567,103.05442257475796
30,C2_radial_echo,4CamClassic,medical_trolley,P2,Prop_02_medical_trolley,operator_peripheral_equipment,0.0,1.0,0.0,0,842,0,1.0,1.0,0.998812351543943,0.9204275534441805,96.4368731038553
30,C2_radial_echo,4CamClassic,doctor_anesthesia,P2,Prop_03_doctor_anesthesia,head_anesthesia_corner,0.0,0.0,0.0,0,851,12,1.0,1.0,0.7802585193889542,0.0,87.21327868166313
30,C2_radial_echo,4CamClassic,anesthesia_machine,P2,Prop_04_anesthesia_machine,head_anesthesia_corner,0.038077969174977334,0.48214285714285715,0.046675886594882934,0,1103,56,0.99909338168631,0.99909338168631,0.8694469628286491,0.05439709882139619,98.9074651221016
30,C2_radial_echo,4CamClassic,radiation_shield,P1,Prop_05_radiation_shield,operator_lane,0.01680672268907563,1.0,0.02092050209205021,0,1071,2,0.8300653594771242,0.8300653594771242,0.480859010270775,0.06442577030812324,103.28898041496308
30,C2_radial_echo,4CamClassic,uhd_tv,P3,Prop_06_uhd_tv,screen_side,0.0,1.0,0.0,0,1711,0,0.9853886616014027,0.9853886616014027,0.7761542957334892,0.4097019286966686,108.76605104512127
30,C2_radial_echo,4CamClassic,waste_bin,P3,Prop_07_waste_bin,waste_corner,0.0,1.0,0.0,0,296,0,0.4594594594594595,0.4594594594594595,0.0945945945945946,0.0,105.21648045180545
30,C2_radial_echo,4CamClassic,doctor_ultrasound,P2,Prop_08_doctor_ultrasound,peripheral_support,0.0,1.0,0.0,0,1086,0,0.9990791896869244,0.9990791896869244,0.858195211786372,0.016574585635359115,110.00241699092561
30,C2_radial_echo,4CamClassic,ultrasound,P2,Prop_09_ultrasound,peripheral_support,0.0,1.0,0.0,0,866,0,0.9757505773672055,0.9757505773672055,0.7182448036951501,0.11778290993071594,104.55063905321371
30,C2_radial_echo,4CamClassic,ceiling_lamp,P3,Prop_10_ceiling_lamp,ceiling_over_table,0.0,1.0,0.0,0,330,0,1.0,1.0,1.0,0.9757575757575757,105.83419755892929
34,C2_radial_echo,4CamClassic,patient,P1,Prop_00_patient,table_patient,0.44638069705093836,0.7959183673469388,0.4893626641947955,1,746,196,0.4008042895442359,0.4008042895442359,0.010723860589812333,0.0,119.72957364518032
34,C2_radial_echo,4CamClassic,doctor_operator,P1,Prop_01_doctor_operator,operator_lane,0.008787346221441126,1.0,0.010960105217010085,0,1707,1,0.9783245459871119,0.9783245459871119,0.533684827182191,0.18980667838312829,103.83148713173932
34,C2_radial_echo,4CamClassic,medical_trolley,P2,Prop_02_medical_trolley,operator_peripheral_equipment,0.0,1.0,0.0,0,921,0,1.0,1.0,0.997828447339848,0.9098805646036916,96.75127837010311
34,C2_radial_echo,4CamClassic,doctor_anesthesia,P2,Prop_03_doctor_anesthesia,head_anesthesia_corner,0.0,0.0,0.0,0,861,17,0.9895470383275261,0.9895470383275261,0.6840882694541232,0.0,88.48735790271168
34,C2_radial_echo,4CamClassic,anesthesia_machine,P2,Prop_04_anesthesia_machine,head_anesthesia_corner,0.0,1.0,0.0,0,1087,0,0.9990800367985281,0.9990800367985281,0.9613615455381784,0.03863845446182153,99.37905425613552
34,C2_radial_echo,4CamClassic,radiation_shield,P1,Prop_05_radiation_shield,operator_lane,0.009656652360515022,1.0,0.012041744715012044,0,932,1,0.7414163090128756,0.7414163090128756,0.37124463519313305,0.05472103004291846,113.60819973309853
34,C2_radial_echo,4CamClassic,uhd_tv,P3,Prop_06_uhd_tv,screen_side,0.008635578583765112,1.0,0.01077121930202499,0,1737,1,0.973517559009787,0.973517559009787,0.7524467472654001,0.4012665515256189,109.53556308266009
34,C2_radial_echo,4CamClassic,waste_bin,P3,Prop_07_waste_bin,waste_corner,0.0,1.0,0.0,0,237,0,0.046413502109704644,0.046413502109704644,0.0,0.0,0.0
34,C2_radial_echo,4CamClassic,doctor_ultrasound,P2,Prop_08_doctor_ultrasound,peripheral_support,0.0,1.0,0.0,0,1033,0,1.0,1.0,0.8557599225556631,0.018393030009680542,106.13751256800893
34,C2_radial_echo,4CamClassic,ultrasound,P2,Prop_09_ultrasound,peripheral_support,0.0,1.0,0.0,0,838,0,0.9964200477326969,0.9964200477326969,0.837708830548926,0.12171837708830549,101.48501333251279
34,C2_radial_echo,4CamClassic,ceiling_lamp,P3,Prop_10_ceiling_lamp,ceiling_over_table,0.0,1.0,0.0,0,297,0,1.0,1.0,1.0,0.9797979797979798,105.9086406424944
38,C2_radial_echo,4CamClassic,patient,P1,Prop_00_patient,table_patient,0.43007915567282323,0.7259615384615384,0.4682482307282551,1,758,208,0.4419525065963061,0.4419525065963061,0.01978891820580475,0.0,88.94142363455074
38,C2_radial_echo,4CamClassic,doctor_operator,P1,Prop_01_doctor_operator,operator_lane,0.0,1.0,0.0,0,1514,0,0.9947159841479525,0.9947159841479525,0.6730515191545574,0.25561426684280053,109.61375584049856
38,C2_radial_echo,4CamClassic,medical_trolley,P2,Prop_02_medical_trolley,operator_peripheral_equipment,0.0,1.0,0.0,0,876,0,1.0,1.0,1.0,0.9474885844748858,97.52995490785273
38,C2_radial_echo,4CamClassic,doctor_anesthesia,P2,Prop_03_doctor_anesthesia,head_anesthesia_corner,0.006772009029345372,0.05,0.00818777292576419,0,886,20,0.9954853273137697,0.9954853273137697,0.7674943566591422,0.0,87.35710476927616
38,C2_radial_echo,4CamClassic,anesthesia_machine,P2,Prop_04_anesthesia_machine,head_anesthesia_corner,0.0078397212543554,0.3333333333333333,0.009742368478025546,0,1148,3,0.9991289198606271,0.9991289198606271,0.9303135888501742,0.0975609756097561,94.88348789750853
38,C2_radial_echo,4CamClassic,radiation_shield,P1,Prop_05_radiation_shield,operator_lane,0.0,0.0,0.0,0,941,1,0.8108395324123273,0.8108395324123273,0.35600425079702447,0.036131774707757705,122.22071600188791
38,C2_radial_echo,4CamClassic,uhd_tv,P3,Prop_06_uhd_tv,screen_side,0.0,1.0,0.0,0,1718,0,0.9738067520372526,0.9738067520372526,0.7863795110593713,0.41036088474970894,109.11841353812557
38,C2_radial_echo,4CamClassic,waste_bin,P3,Prop_07_waste_bin,waste_corner,0.0,1.0,0.0,0,315,0,0.4380952380952381,0.4380952380952381,0.06666666666666667,0.0,107.10928674998884
38,C2_radial_echo,4CamClassic,doctor_ultrasound,P2,Prop_08_doctor_ultrasound,peripheral_support,0.0,1.0,0.0,0,1055,0,0.9962085308056872,0.9962085308056872,0.8464454976303317,0.0,108.28720260025116
38,C2_radial_echo,4CamClassic,ultrasound,P2,Prop_09_ultrasound,peripheral_support,0.0,1.0,0.0,0,906,0,0.7339955849889624,0.7339955849889624,0.48123620309050774,0.04083885209713024,103.65835433771029
38,C2_radial_echo,4CamClassic,ceiling_lamp,P3,Prop_10_ceiling_lamp,ceiling_over_table,0.0,1.0,0.0,0,330,0,1.0,1.0,1.0,0.9545454545454546,106.4380343046555
3,N2_mirrored_support,4CamClassic,patient,P1,Prop_00_patient,table_patient,0.5166002656042497,0.6335078534031413,0.5363976378401416,1,753,382,0.4953519256308101,0.4953519256308101,0.03718459495351926,0.0013280212483399733,106.5378161199257
3,N2_mirrored_support,4CamClassic,doctor_operator,P1,Prop_01_doctor_operator,operator_lane,0.1837782340862423,0.5964285714285714,0.21329229170947786,1,974,280,0.8018480492813141,0.8018480492813141,0.35728952772073924,0.054414784394250515,117.32065047138651
3,N2_mirrored_support,4CamClassic,medical_trolley,P2,Prop_02_medical_trolley,operator_peripheral_equipment,0.0,1.0,0.0,0,867,0,1.0,1.0,0.9953863898500577,0.8881199538638985,94.99187929079125
3,N2_mirrored_support,4CamClassic,doctor_anesthesia,P2,Prop_03_doctor_anesthesia,head_anesthesia_corner,0.2775800711743772,0.2210796915167095,0.2640820118734548,1,843,1167,0.9513641755634639,0.9513641755634639,0.6548042704626335,0.0011862396204033216,92.61376218953954
3,N2_mirrored_support,4CamClassic,anesthesia_machine,P2,Prop_04_anesthesia_machine,head_anesthesia_corner,0.0,1.0,0.0,0,1103,0,1.0,1.0,0.9310970081595649,0.02357207615593835,101.25355987782682
3,N2_mirrored_support,4CamClassic,radiation_shield,P1,Prop_05_radiation_shield,operator_lane,0.32591414944356123,0.609375,0.3593452231131567,1,629,320,0.8839427662957074,0.8839427662957074,0.5278219395866455,0.24483306836248012,109.11361185303636
3,N2_mirrored_support,4CamClassic,uhd_tv,P3,Prop_06_uhd_tv,screen_side,0.0,0.0,0.0,0,1584,1,0.8787878787878788,0.8787878787878788,0.5877525252525253,0.2708333333333333,94.83334131243497
3,N2_mirrored_support,4CamClassic,waste_bin,P3,Prop_07_waste_bin,waste_corner,0.0,1.0,0.0,0,243,0,0.32098765432098764,0.32098765432098764,0.0,0.0,0.0
3,N2_mirrored_support,4CamClassic,doctor_ultrasound,P2,Prop_08_doctor_ultrasound,peripheral_support,0.0,1.0,0.0,0,948,0,1.0,1.0,0.8111814345991561,0.0,96.49429494143406
3,N2_mirrored_support,4CamClassic,ultrasound,P2,Prop_09_ultrasound,peripheral_support,0.02127659574468085,1.0,0.026455026455026457,0,940,2,0.997872340425532,0.997872340425532,0.9202127659574468,0.15212765957446808,97.5692320333613
3,N2_mirrored_support,4CamClassic,ceiling_lamp,P3,Prop_10_ceiling_lamp,ceiling_over_table,0.0,1.0,0.0,0,264,0,1.0,1.0,0.9962121212121212,0.9772727272727273,104.15277233509025
7,N2_mirrored_support,4CamClassic,patient,P1,Prop_00_patient,table_patient,0.48456375838926175,0.6282420749279539,0.5077899670541111,1,745,347,0.42953020134228187,0.42953020134228187,0.010738255033557046,0.0,119.31590295635252
7,N2_mirrored_support,4CamClassic,doctor_operator,P1,Prop_01_doctor_operator,operator_lane,0.3194291986827662,0.6831275720164609,0.35749544490443547,1,911,486,0.8562019758507134,0.8562019758507134,0.4456641053787047,0.06695938529088913,107.2470114995495
7,N2_mirrored_support,4CamClassic,medical_trolley,P2,Prop_02_medical_trolley,operator_peripheral_equipment,0.0,1.0,0.0,0,888,0,1.0,1.0,0.9932432432432432,0.8648648648648649,94.39850409761776
7,N2_mirrored_support,4CamClassic,doctor_anesthesia,P2,Prop_03_doctor_anesthesia,head_anesthesia_corner,0.6201923076923077,0.49443352979698757,0.590170431064676,1,832,1527,0.8629807692307693,0.8629807692307693,0.5745192307692307,0.026442307692307692,99.24146563448402
7,N2_mirrored_support,4CamClassic,anesthesia_machine,P2,Prop_04_anesthesia_machine,head_anesthesia_corner,0.0,1.0,0.0,0,1096,0,0.9981751824817519,0.9981751824817519,0.8841240875912408,0.01824817518248175,96.7987328634894
7,N2_mirrored_support,4CamClassic,radiation_shield,P1,Prop_05_radiation_shield,operator_lane,0.19728915662650603,0.38782051282051283,0.2187865771515647,1,664,312,0.9051204819277109,0.9051204819277109,0.47289156626506024,0.14457831325301204,122.00780375153232
7,N2_mirrored_support,4CamClassic,uhd_tv,P3,Prop_06_uhd_tv,screen_side,0.0,1.0,0.0,0,1584,0,0.8535353535353535,0.8535353535353535,0.4476010101010101,0.2619949494949495,95.69466085876451
7,N2_mirrored_support,4CamClassic,waste_bin,P3,Prop_07_waste_bin,waste_corner,0.0,1.0,0.0,0,263,0,0.07984790874524715,0.07984790874524715,0.0,0.0,0.0
7,N2_mirrored_support,4CamClassic,doctor_ultrasound,P2,Prop_08_doctor_ultrasound,peripheral_support,0.0,1.0,0.0,0,949,0,1.0,1.0,0.8682824025289779,0.0,94.2786027555534
7,N2_mirrored_support,4CamClassic,ultrasound,P2,Prop_09_ultrasound,peripheral_support,0.0,1.0,0.0,0,996,0,0.9518072289156626,0.9518072289156626,0.7479919678714859,0.08132530120481928,103.50556478634647
7,N2_mirrored_support,4CamClassic,ceiling_lamp,P3,Prop_10_ceiling_lamp,ceiling_over_table,0.0,1.0,0.0,0,291,0,1.0,1.0,1.0,0.9553264604810997,105.81194622953545
11,N2_mirrored_support,4CamClassic,patient,P1,Prop_00_patient,table_patient,0.5192878338278932,0.5942028985507246,0.5327205500200466,1,674,345,0.5029673590504451,0.5029673590504451,0.010385756676557863,0.0,129.37323285207952
11,N2_mirrored_support,4CamClassic,doctor_operator,P1,Prop_01_doctor_operator,operator_lane,0.3317214700193424,0.6077348066298343,0.364863270559702,1,1034,724,0.8172147001934236,0.8172147001934236,0.46518375241779497,0.09864603481624758,113.22625400907731
11,N2_mirrored_support,4CamClassic,medical_trolley,P2,Prop_02_medical_trolley,operator_peripheral_equipment,0.0,1.0,0.0,0,887,0,1.0,1.0,0.9988726042841037,0.8962795941375423,95.23243538039705
11,N2_mirrored_support,4CamClassic,doctor_anesthesia,P2,Prop_03_doctor_anesthesia,head_anesthesia_corner,0.41037735849056606,0.35685483870967744,0.3984258569299553,1,848,1488,0.9339622641509434,0.9339622641509434,0.7051886792452831,0.02122641509433962,94.59132268731882
11,N2_mirrored_support,4CamClassic,anesthesia_machine,P2,Prop_04_anesthesia_machine,head_anesthesia_corner,0.0,0.0,0.0,0,971,1,0.9989701338825953,0.9989701338825953,0.8918640576725025,0.0020597322348094747,100.3645801292522
11,N2_mirrored_support,4CamClassic,radiation_shield,P1,Prop_05_radiation_shield,operator_lane,0.2222222222222222,0.7575757575757576,0.25879917184265006,1,1044,264,0.8563218390804598,0.8563218390804598,0.4952107279693487,0.1781609195402299,111.02253849069726
11,N2_mirrored_support,4CamClassic,uhd_tv,P3,Prop_06_uhd_tv,screen_side,0.0,0.0,0.0,0,1584,1,0.7626262626262627,0.7626262626262627,0.4318181818181818,0.25946969696969696,95.10242094655673
11,N2_mirrored_support,4CamClassic,waste_bin,P3,Prop_07_waste_bin,waste_corner,0.0,1.0,0.0,0,247,0,0.2388663967611336,0.2388663967611336,0.0,0.0,0.0
11,N2_mirrored_support,4CamClassic,doctor_ultrasound,P2,Prop_08_doctor_ultrasound,peripheral_support,0.0,1.0,0.0,0,986,0,1.0,1.0,0.8620689655172413,0.0,93.50265419084482
11,N2_mirrored_support,4CamClassic,ultrasound,P2,Prop_09_ultrasound,peripheral_support,0.005747126436781609,1.0,0.007173601147776184,0,1044,1,0.8563218390804598,0.8563218390804598,0.6159003831417624,0.05938697318007663,101.62092022554472
11,N2_mirrored_support,4CamClassic,ceiling_lamp,P3,Prop_10_ceiling_lamp,ceiling_over_table,0.0,1.0,0.0,0,333,0,1.0,1.0,1.0,0.9669669669669669,104.84534743258821
15,N2_mirrored_support,4CamClassic,patient,P1,Prop_00_patient,table_patient,0.3498542274052478,0.6714975845410628,0.38692077866646873,1,686,207,0.36005830903790087,0.36005830903790087,0.016034985422740525,0.0,87.55893506261117
15,N2_mirrored_support,4CamClassic,doctor_operator,P1,Prop_01_doctor_operator,operator_lane,0.20638297872340425,0.44299674267100975,0.2310664578801159,1,940,614,0.851063829787234,0.851063829787234,0.5074468085106383,0.047872340425531915,134.23159913579428
15,N2_mirrored_support,4CamClassic,medical_trolley,P2,Prop_02_medical_trolley,operator_peripheral_equipment,0.0,1.0,0.0,0,866,0,1.0,1.0,0.9976905311778291,0.8868360277136259,94.41323532635874
15,N2_mirrored_support,4CamClassic,doctor_anesthesia,P2,Prop_03_doctor_anesthesia,head_anesthesia_corner,0.19261477045908185,0.20595333869670152,0.1951424506713156,1,1002,1243,0.9890219560878244,0.9890219560878244,0.8173652694610778,0.000998003992015968,94.36013544323403
15,N2_mirrored_support,4CamClassic,anesthesia_machine,P2,Prop_04_anesthesia_machine,head_anesthesia_corner,0.0,1.0,0.0,0,1122,0,1.0,1.0,0.982174688057041,0.0570409982174688,100.60033786497206
15,N2_mirrored_support,4CamClassic,radiation_shield,P1,Prop_05_radiation_shield,operator_lane,0.10344827586206896,0.7283950617283951,0.12487653449978835,1,928,81,0.8211206896551724,0.8211206896551724,0.3922413793103448,0.11099137931034483,119.59978233980262
15,N2_mirrored_support,4CamClassic,uhd_tv,P3,Prop_06_uhd_tv,screen_side,0.0,1.0,0.0,0,1584,0,0.7840909090909091,0.7840909090909091,0.4457070707070707,0.2784090909090909,96.26303323239594
15,N2_mirrored_support,4CamClassic,waste_bin,P3,Prop_07_waste_bin,waste_corner,0.0,1.0,0.0,0,282,0,0.14184397163120568,0.14184397163120568,0.0,0.0,0.0
15,N2_mirrored_support,4CamClassic,doctor_ultrasound,P2,Prop_08_doctor_ultrasound,peripheral_support,0.0,1.0,0.0,0,981,0,1.0,1.0,0.8644240570846076,0.0,93.07697146687636
15,N2_mirrored_support,4CamClassic,ultrasound,P2,Prop_09_ultrasound,peripheral_support,0.0,1.0,0.0,0,951,0,0.953732912723449,0.953732912723449,0.7255520504731862,0.07570977917981073,98.8907530978131
15,N2_mirrored_support,4CamClassic,ceiling_lamp,P3,Prop_10_ceiling_lamp,ceiling_over_table,0.0,1.0,0.0,0,259,0,1.0,1.0,0.9961389961389961,0.7915057915057915,103.90886709543871
19,N2_mirrored_support,4CamClassic,patient,P1,Prop_00_patient,table_patient,0.2931258106355383,0.5990566037735849,0.3264707220528687,1,771,212,0.28664072632944226,0.28664072632944226,0.0,0.0,0.0
19,N2_mirrored_support,4CamClassic,doctor_operator,P1,Prop_01_doctor_operator,operator_lane,0.2196969696969697,0.4200680272108844,0.24286624894892453,1,924,588,0.8192640692640693,0.8192640692640693,0.4805194805194805,0.11147186147186147,112.41511329415124
19,N2_mirrored_support,4CamClassic,medical_trolley,P2,Prop_02_medical_trolley,operator_peripheral_equipment,0.0,1.0,0.0,0,939,0,1.0,1.0,0.9978700745473909,0.9073482428115016,95.43736703252485
19,N2_mirrored_support,4CamClassic,doctor_anesthesia,P2,Prop_03_doctor_anesthesia,head_anesthesia_corner,0.20907297830374755,0.21105141980046047,0.20946569361528444,1,1014,1303,0.9842209072978304,0.9842209072978304,0.7593688362919132,0.0039447731755424065,94.88700136785386
19,N2_mirrored_support,4CamClassic,anesthesia_machine,P2,Prop_04_anesthesia_machine,head_anesthesia_corner,0.0,1.0,0.0,0,1073,0,1.0,1.0,0.9692451071761417,0.034482758620689655,97.97611621229015
19,N2_mirrored_support,4CamClassic,radiation_shield,P1,Prop_05_radiation_shield,operator_lane,0.1316062176165803,0.8066666666666666,0.15806093271070334,1,965,150,0.8497409326424871,0.8497409326424871,0.47564766839378236,0.10569948186528498,128.18377385468366
19,N2_mirrored_support,4CamClassic,uhd_tv,P3,Prop_06_uhd_tv,screen_side,0.0,1.0,0.0,0,1584,0,0.8396464646464646,0.8396464646464646,0.5928030303030303,0.31565656565656564,102.16807349672986
19,N2_mirrored_support,4CamClassic,waste_bin,P3,Prop_07_waste_bin,waste_corner,0.0,1.0,0.0,0,234,0,0.26495726495726496,0.26495726495726496,0.0,0.0,0.0
19,N2_mirrored_support,4CamClassic,doctor_ultrasound,P2,Prop_08_doctor_ultrasound,peripheral_support,0.0,1.0,0.0,0,982,0,1.0,1.0,0.8177189409368636,0.0,89.8253188312495
19,N2_mirrored_support,4CamClassic,ultrasound,P2,Prop_09_ultrasound,peripheral_support,0.010466222645099905,1.0,0.013048635824436536,0,1051,1,0.9961941008563273,0.9961941008563273,0.8886774500475737,0.13891531874405327,95.98057009172659
19,N2_mirrored_support,4CamClassic,ceiling_lamp,P3,Prop_10_ceiling_lamp,ceiling_over_table,0.0,1.0,0.0,0,302,0,1.0,1.0,1.0,0.9834437086092715,104.81847932367677
23,N2_mirrored_support,4CamClassic,patient,P1,Prop_00_patient,table_patient,0.19436997319034852,0.525974025974026,0.22241453752168286,1,746,154,0.2640750670241287,0.2640750670241287,0.0,0.0,0.0
23,N2_mirrored_support,4CamClassic,doctor_operator,P1,Prop_01_doctor_operator,operator_lane,0.26943556975505856,0.5116279069767442,0.29761204564168914,1,939,559,0.7997870074547391,0.7997870074547391,0.4291799787007455,0.07135250266240682,122.69507640633283
23,N2_mirrored_support,4CamClassic,medical_trolley,P2,Prop_02_medical_trolley,operator_peripheral_equipment,0.0,1.0,0.0,0,919,0,1.0,1.0,0.9978237214363439,0.8454842219804135,93.90062487629915
23,N2_mirrored_support,4CamClassic,doctor_anesthesia,P2,Prop_03_doctor_anesthesia,head_anesthesia_corner,0.2077798861480076,0.20921726408193123,0.20806577953411923,1,1054,1367,0.976280834914611,0.976280834914611,0.7409867172675522,0.004743833017077799,97.26661282247773
23,N2_mirrored_support,4CamClassic,anesthesia_machine,P2,Prop_04_anesthesia_machine,head_anesthesia_corner,0.0,1.0,0.0,0,1231,0,1.0,1.0,0.9886271324126726,0.09179528838342811,99.50551998784604
23,N2_mirrored_support,4CamClassic,radiation_shield,P1,Prop_05_radiation_shield,operator_lane,0.23969631236442515,0.8867924528301887,0.2806553939767305,1,922,212,0.8362255965292842,0.8362255965292842,0.43817787418655096,0.2299349240780911,109.42744293032048
23,N2_mirrored_support,4CamClassic,uhd_tv,P3,Prop_06_uhd_tv,screen_side,0.0,1.0,0.0,0,1584,0,0.8465909090909091,0.8465909090909091,0.4981060606060606,0.2878787878787879,97.93242653039516
23,N2_mirrored_support,4CamClassic,waste_bin,P3,Prop_07_waste_bin,waste_corner,0.0,1.0,0.0,0,324,0,0.39197530864197533,0.39197530864197533,0.027777777777777776,0.0,101.71210450027226
23,N2_mirrored_support,4CamClassic,doctor_ultrasound,P2,Prop_08_doctor_ultrasound,peripheral_support,0.0,1.0,0.0,0,967,0,1.0,1.0,0.8376421923474664,0.0,90.98941838861961
23,N2_mirrored_support,4CamClassic,ultrasound,P2,Prop_09_ultrasound,peripheral_support,0.0,1.0,0.0,0,1021,0,1.0,1.0,0.9000979431929481,0.13614103819784526,101.35802168623957
23,N2_mirrored_support,4CamClassic,ceiling_lamp,P3,Prop_10_ceiling_lamp,ceiling_over_table,0.0,1.0,0.0,0,302,0,1.0,1.0,0.9966887417218543,0.9536423841059603,104.95796930426305
27,N2_mirrored_support,4CamClassic,patient,P1,Prop_00_patient,table_patient,0.45670391061452514,0.5319767441860465,0.4700047125353439,1,716,344,0.4622905027932961,0.4622905027932961,0.05446927374301676,0.0,86.78217046480991
27,N2_mirrored_support,4CamClassic,doctor_operator,P1,Prop_01_doctor_operator,operator_lane,0.06334371754932502,0.23423423423423423,0.0741655209823892,1,963,333,0.8504672897196262,0.8504672897196262,0.48078920041536866,0.08515057113187954,119.16249909531186
27,N2_mirrored_support,4CamClassic,medical_trolley,P2,Prop_02_medical_trolley,operator_peripheral_equipment,0.0,1.0,0.0,0,995,0,1.0,1.0,0.9959798994974874,0.8683417085427135,94.75636642932949
27,N2_mirrored_support,4CamClassic,doctor_anesthesia,P2,Prop_03_doctor_anesthesia,head_anesthesia_corner,0.08129285014691479,0.07403936269915651,0.07973064005817163,1,1021,1067,0.9990205680705191,0.9990205680705191,0.8178256611165524,0.002938295788442703,96.53470315543971
27,N2_mirrored_support,4CamClassic,anesthesia_machine,P2,Prop_04_anesthesia_machine,head_anesthesia_corner,0.0,1.0,0.0,0,1146,0,1.0,1.0,0.9694589877835951,0.011343804537521814,94.53565561508553
27,N2_mirrored_support,4CamClassic,radiation_shield,P1,Prop_05_radiation_shield,operator_lane,0.19816272965879264,0.7853107344632768,0.23300451377556344,1,762,177,0.8727034120734908,0.8727034120734908,0.526246719160105,0.14304461942257218,119.80933148685544
27,N2_mirrored_support,4CamClassic,uhd_tv,P3,Prop_06_uhd_tv,screen_side,0.011363636363636364,0.4,0.014104372355430182,0,1584,5,0.9185606060606061,0.9185606060606061,0.6502525252525253,0.3263888888888889,103.2461662454628
27,N2_mirrored_support,4CamClassic,waste_bin,P3,Prop_07_waste_bin,waste_corner,0.0,1.0,0.0,0,234,0,0.07692307692307693,0.07692307692307693,0.0,0.0,0.0
27,N2_mirrored_support,4CamClassic,doctor_ultrasound,P2,Prop_08_doctor_ultrasound,peripheral_support,0.0,1.0,0.0,0,975,0,1.0,1.0,0.884102564102564,0.0,90.04577353273669
27,N2_mirrored_support,4CamClassic,ultrasound,P2,Prop_09_ultrasound,peripheral_support,0.015053763440860216,0.6666666666666666,0.01871157444533547,0,930,3,1.0,1.0,0.953763440860215,0.17311827956989248,100.08323640240692
27,N2_mirrored_support,4CamClassic,ceiling_lamp,P3,Prop_10_ceiling_lamp,ceiling_over_table,0.0,1.0,0.0,0,334,0,1.0,1.0,0.9940119760479041,0.9041916167664671,104.10440195191114
31,N2_mirrored_support,4CamClassic,patient,P1,Prop_00_patient,table_patient,0.4166666666666667,0.48375451263537905,0.4285531533836511,1,732,277,0.366120218579235,0.366120218579235,0.00819672131147541,0.0,113.58351950042322
31,N2_mirrored_support,4CamClassic,doctor_operator,P1,Prop_01_doctor_operator,operator_lane,0.21645445641527913,0.37925925925925924,0.23678326981557388,1,1021,675,0.8521057786483839,0.8521057786483839,0.5504407443682664,0.07639569049951028,128.494596422902
31,N2_mirrored_support,4CamClassic,medical_trolley,P2,Prop_02_medical_trolley,operator_peripheral_equipment,0.0,1.0,0.0,0,1042,0,1.0,1.0,0.9971209213051824,0.8809980806142035,94.5215284755257
31,N2_mirrored_support,4CamClassic,doctor_anesthesia,P2,Prop_03_doctor_anesthesia,head_anesthesia_corner,0.19088016967126192,0.1748148148148148,0.1874351389702716,1,943,1350,0.9872746553552492,0.9872746553552492,0.8080593849416755,0.0,94.60077901516746
31,N2_mirrored_support,4CamClassic,anesthesia_machine,P2,Prop_04_anesthesia_machine,head_anesthesia_corner,0.0,1.0,0.0,0,1261,0,1.0,1.0,0.9801744647105471,0.10150674068199841,98.7530377086483
31,N2_mirrored_support,4CamClassic,radiation_shield,P1,Prop_05_radiation_shield,operator_lane,0.1702755905511811,0.8333333333333334,0.20250023410431692,1,1016,186,0.8405511811023622,0.8405511811023622,0.3139763779527559,0.027559055118110236,138.5062807304436
31,N2_mirrored_support,4CamClassic,uhd_tv,P3,Prop_06_uhd_tv,screen_side,0.00946969696969697,1.0,0.011809163911195086,0,1584,2,0.8465909090909091,0.8465909090909091,0.4602272727272727,0.2840909090909091,99.18578025790853
31,N2_mirrored_support,4CamClassic,waste_bin,P3,Prop_07_waste_bin,waste_corner,0.0,1.0,0.0,0,317,0,0.29652996845425866,0.29652996845425866,0.0,0.0,0.0
31,N2_mirrored_support,4CamClassic,doctor_ultrasound,P2,Prop_08_doctor_ultrasound,peripheral_support,0.0,1.0,0.0,0,910,0,0.9989010989010989,0.9989010989010989,0.8362637362637363,0.0,89.61871911049855
31,N2_mirrored_support,4CamClassic,ultrasound,P2,Prop_09_ultrasound,peripheral_support,0.0,1.0,0.0,0,1031,0,0.9311348205625606,0.9311348205625606,0.7381183317167799,0.07759456838021339,101.1500789408956
31,N2_mirrored_support,4CamClassic,ceiling_lamp,P3,Prop_10_ceiling_lamp,ceiling_over_table,0.0,1.0,0.0,0,250,0,1.0,1.0,0.992,0.736,102.72472453318359
35,N2_mirrored_support,4CamClassic,patient,P1,Prop_00_patient,table_patient,0.2886740331491713,0.5488372093023256,0.3189081965432431,1,724,215,0.31353591160220995,0.31353591160220995,0.04419889502762431,0.0,79.89763843266216
35,N2_mirrored_support,4CamClassic,doctor_operator,P1,Prop_01_doctor_operator,operator_lane,0.34085510688836107,0.6302186878727635,0.37532064319229846,1,842,503,0.8218527315914489,0.8218527315914489,0.4750593824228028,0.10451306413301663,104.55232000530088
35,N2_mirrored_support,4CamClassic,medical_trolley,P2,Prop_02_medical_trolley,operator_peripheral_equipment,0.0,1.0,0.0,0,912,0,1.0,1.0,0.9978070175438597,0.9078947368421053,95.12725740603608
35,N2_mirrored_support,4CamClassic,doctor_anesthesia,P2,Prop_03_doctor_anesthesia,head_anesthesia_corner,0.33811475409836067,0.28906773977196515,0.3270175393418907,1,976,1491,0.9620901639344263,0.9620901639344263,0.7038934426229508,0.011270491803278689,93.83996459077287
35,N2_mirrored_support,4CamClassic,anesthesia_machine,P2,Prop_04_anesthesia_machine,head_anesthesia_corner,0.005449591280653951,1.0,0.006802721088435374,0,1101,1,1.0,1.0,0.9845594913714805,0.051771117166212535,95.86108316094713
35,N2_mirrored_support,4CamClassic,radiation_shield,P1,Prop_05_radiation_shield,operator_lane,0.1829145728643216,0.8862275449101796,0.2174242937907832,1,995,167,0.75678391959799,0.75678391959799,0.2994974874371859,0.053266331658291456,130.6535988933726
35,N2_mirrored_support,4CamClassic,uhd_tv,P3,Prop_06_uhd_tv,screen_side,0.001893939393939394,0.3333333333333333,0.002364066193853428,0,1584,3,0.8554292929292929,0.8554292929292929,0.5814393939393939,0.30176767676767674,99.58215070838158
35,N2_mirrored_support,4CamClassic,waste_bin,P3,Prop_07_waste_bin,waste_corner,0.0,1.0,0.0,0,251,0,0.44621513944223107,0.44621513944223107,0.02390438247011952,0.0,99.85748700562654
35,N2_mirrored_support,4CamClassic,doctor_ultrasound,P2,Prop_08_doctor_ultrasound,peripheral_support,0.0,1.0,0.0,0,863,0,1.0,1.0,0.8342989571263036,0.0,87.2060272539037
35,N2_mirrored_support,4CamClassic,ultrasound,P2,Prop_09_ultrasound,peripheral_support,0.0,1.0,0.0,0,1013,0,0.8687068114511353,0.8687068114511353,0.6130306021717671,0.05133267522211254,99.65393067170713
35,N2_mirrored_support,4CamClassic,ceiling_lamp,P3,Prop_10_ceiling_lamp,ceiling_over_table,0.0,1.0,0.0,0,294,0,1.0,1.0,1.0,0.7993197278911565,103.62479007947759
39,N2_mirrored_support,4CamClassic,patient,P1,Prop_00_patient,table_patient,0.40884718498659517,0.5352112676056338,0.4291098654542493,1,746,284,0.4343163538873995,0.4343163538873995,0.00938337801608579,0.0,121.81525974196386
39,N2_mirrored_support,4CamClassic,doctor_operator,P1,Prop_01_doctor_operator,operator_lane,0.15851272015655576,0.2972508591065292,0.17483293990827292,1,1022,582,0.7299412915851272,0.7299412915851272,0.3698630136986301,0.04207436399217221,122.9420136575089
39,N2_mirrored_support,4CamClassic,medical_trolley,P2,Prop_02_medical_trolley,operator_peripheral_equipment,0.0,1.0,0.0,0,949,0,1.0,1.0,0.9926238145416227,0.8598524762908325,94.59947186750753
39,N2_mirrored_support,4CamClassic,doctor_anesthesia,P2,Prop_03_doctor_anesthesia,head_anesthesia_corner,0.31715976331360946,0.28061638280616386,0.3091089948557394,1,845,1233,0.9491124260355029,0.9491124260355029,0.6816568047337278,0.01775147928994083,93.22135513565168
39,N2_mirrored_support,4CamClassic,anesthesia_machine,P2,Prop_04_anesthesia_machine,head_anesthesia_corner,0.0,1.0,0.0,0,1066,0,0.99906191369606,0.99906191369606,0.8921200750469043,0.010318949343339587,99.75743716232081
39,N2_mirrored_support,4CamClassic,radiation_shield,P1,Prop_05_radiation_shield,operator_lane,0.21281216069489686,0.5571428571428572,0.24282700958092962,1,921,350,0.8588490770901195,0.8588490770901195,0.44299674267100975,0.10966340933767643,120.6863840229901
39,N2_mirrored_support,4CamClassic,uhd_tv,P3,Prop_06_uhd_tv,screen_side,0.003787878787878788,0.4,0.004723665564478035,0,1584,5,0.8156565656565656,0.8156565656565656,0.5258838383838383,0.2922979797979798,101.43672000678339
39,N2_mirrored_support,4CamClassic,waste_bin,P3,Prop_07_waste_bin,waste_corner,0.0,1.0,0.0,0,299,0,0.2140468227424749,0.2140468227424749,0.0,0.0,0.0
39,N2_mirrored_support,4CamClassic,doctor_ultrasound,P2,Prop_08_doctor_ultrasound,peripheral_support,0.0,1.0,0.0,0,937,0,1.0,1.0,0.8292422625400213,0.0,96.1580407253053
39,N2_mirrored_support,4CamClassic,ultrasound,P2,Prop_09_ultrasound,peripheral_support,0.0,1.0,0.0,0,888,0,0.954954954954955,0.954954954954955,0.75,0.08558558558558559,101.27915310618648
39,N2_mirrored_support,4CamClassic,ceiling_lamp,P3,Prop_10_ceiling_lamp,ceiling_over_table,0.0,1.0,0.0,0,331,0,1.0,1.0,1.0,0.9879154078549849,104.4762016500184
0,C1_standard_cath,3Cam,patient,P1,Prop_00_patient,table_patient,0.5806451612903226,0.6447761194029851,0.5924300603400987,1,744,670,0.7634408602150538,0.7634408602150538,0.40591397849462363,0.03494623655913978,124.3044082312301
0,C1_standard_cath,3Cam,doctor_operator,P1,Prop_01_doctor_operator,operator_lane,0.0,1.0,0.0,0,1535,0,0.9980456026058632,0.9980456026058632,0.9127035830618893,0.20195439739413681,103.60626506627767
0,C1_standard_cath,3Cam,medical_trolley,P2,Prop_02_medical_trolley,operator_peripheral_equipment,0.0,1.0,0.0,0,878,0,0.9954441913439636,0.9954441913439636,0.8815489749430524,0.0,88.94495905475567
0,C1_standard_cath,3Cam,doctor_anesthesia,P2,Prop_03_doctor_anesthesia,head_anesthesia_corner,0.0,0.0,0.0,0,837,1,0.997610513739546,0.997610513739546,0.20430107526881722,0.0,133.49474833003654
0,C1_standard_cath,3Cam,anesthesia_machine,P2,Prop_04_anesthesia_machine,head_anesthesia_corner,0.0,1.0,0.0,0,979,0,0.9887640449438202,0.9887640449438202,0.6118488253319714,0.0,76.18022121797034
0,C1_standard_cath,3Cam,radiation_shield,P1,Prop_05_radiation_shield,operator_lane,0.0,1.0,0.0,0,903,0,1.0,1.0,0.9712070874861573,0.3610188261351052,92.8049609675357
0,C1_standard_cath,3Cam,uhd_tv,P3,Prop_06_uhd_tv,screen_side,0.0,1.0,0.0,0,1706,0,1.0,1.0,0.9407971864009379,0.22098475967174677,93.15558604230709
0,C1_standard_cath,3Cam,waste_bin,P3,Prop_07_waste_bin,waste_corner,0.0,1.0,0.0,0,307,0,0.07166123778501629,0.07166123778501629,0.0,0.0,0.0
0,C1_standard_cath,3Cam,doctor_ultrasound,P2,Prop_08_doctor_ultrasound,peripheral_support,0.0,1.0,0.0,0,943,0,0.975609756097561,0.975609756097561,0.4241781548250265,0.0,133.77995315400375
0,C1_standard_cath,3Cam,ultrasound,P2,Prop_09_ultrasound,peripheral_support,0.0,1.0,0.0,0,890,0,0.9685393258426966,0.9685393258426966,0.0022471910112359553,0.0,120.30882722388634
0,C1_standard_cath,3Cam,ceiling_lamp,P3,Prop_10_ceiling_lamp,ceiling_over_table,0.0,1.0,0.0,0,298,0,1.0,1.0,0.9832214765100671,0.3187919463087248,118.73723899525235
4,C1_standard_cath,3Cam,patient,P1,Prop_00_patient,table_patient,0.5210084033613446,0.6594982078853047,0.5438492782364944,1,714,558,0.7675070028011205,0.7675070028011205,0.28431372549019607,0.004201680672268907,127.54986783007635
4,C1_standard_cath,3Cam,doctor_operator,P1,Prop_01_doctor_operator,operator_lane,0.0,1.0,0.0,0,1406,0,0.9921763869132291,0.9921763869132291,0.5718349928876245,0.11877667140825035,98.74009938218191
4,C1_standard_cath,3Cam,medical_trolley,P2,Prop_02_medical_trolley,operator_peripheral_equipment,0.009784735812133072,1.0,0.012201073694485115,0,1022,1,0.9931506849315068,0.9931506849315068,0.8062622309197651,0.09686888454011741,85.12720814671485
4,C1_standard_cath,3Cam,doctor_anesthesia,P2,Prop_03_doctor_anesthesia,head_anesthesia_corner,0.0,0.0,0.0,0,934,1,0.943254817987152,0.943254817987152,0.17987152034261242,0.0,126.9106657408111
4,C1_standard_cath,3Cam,anesthesia_machine,P2,Prop_04_anesthesia_machine,head_anesthesia_corner,0.0,1.0,0.0,0,1179,0,0.9550466497031382,0.9550466497031382,0.4342663273960984,0.0,77.84419178133011
4,C1_standard_cath,3Cam,radiation_shield,P1,Prop_05_radiation_shield,operator_lane,0.0,1.0,0.0,0,999,0,1.0,1.0,0.9099099099099099,0.27127127127127126,91.5390832140716
4,C1_standard_cath,3Cam,uhd_tv,P3,Prop_06_uhd_tv,screen_side,0.0,1.0,0.0,0,1659,0,0.9957805907172996,0.9957805907172996,0.8432790837854129,0.056660638939119955,95.22798535137599
4,C1_standard_cath,3Cam,waste_bin,P3,Prop_07_waste_bin,waste_corner,0.0,1.0,0.0,0,238,0,0.16806722689075632,0.16806722689075632,0.0,0.0,0.0
4,C1_standard_cath,3Cam,doctor_ultrasound,P2,Prop_08_doctor_ultrasound,peripheral_support,0.0,1.0,0.0,0,934,0,0.9710920770877944,0.9710920770877944,0.1670235546038544,0.0,131.63793741715594
4,C1_standard_cath,3Cam,ultrasound,P2,Prop_09_ultrasound,peripheral_support,0.0,1.0,0.0,0,897,0,0.9821627647714605,0.9821627647714605,0.0,0.0,0.0
4,C1_standard_cath,3Cam,ceiling_lamp,P3,Prop_10_ceiling_lamp,ceiling_over_table,0.0,1.0,0.0,0,253,0,1.0,1.0,0.9565217391304348,0.30039525691699603,118.5029714065707
8,C1_standard_cath,3Cam,patient,P1,Prop_00_patient,table_patient,0.5583554376657824,0.6268174474959612,0.5708247164013035,1,754,619,0.7559681697612732,0.7559681697612732,0.22546419098143236,0.015915119363395226,120.4553131670944
8,C1_standard_cath,3Cam,doctor_operator,P1,Prop_01_doctor_operator,operator_lane,0.0,1.0,0.0,0,1419,0,0.9922480620155039,0.9922480620155039,0.34954193093727975,0.0028188865398167725,93.01383659390237
8,C1_standard_cath,3Cam,medical_trolley,P2,Prop_02_medical_trolley,operator_peripheral_equipment,0.0,1.0,0.0,0,946,0,0.9968287526427061,0.9968287526427061,0.8879492600422833,0.26955602536997886,84.2189598614569
8,C1_standard_cath,3Cam,doctor_anesthesia,P2,Prop_03_doctor_anesthesia,head_anesthesia_corner,0.0,0.0,0.0,0,877,1,0.9144811858608894,0.9144811858608894,0.13683010262257697,0.0,131.6604382268171
8,C1_standard_cath,3Cam,anesthesia_machine,P2,Prop_04_anesthesia_machine,head_anesthesia_corner,0.0,1.0,0.0,0,965,0,0.9948186528497409,0.9948186528497409,0.6269430051813472,0.0,75.81707704614848
8,C1_standard_cath,3Cam,radiation_shield,P1,Prop_05_radiation_shield,operator_lane,0.0,1.0,0.0,0,1004,0,1.0,1.0,0.8794820717131474,0.00199203187250996,96.17391365346386
8,C1_standard_cath,3Cam,uhd_tv,P3,Prop_06_uhd_tv,screen_side,0.0,1.0,0.0,0,1705,0,0.9970674486803519,0.9970674486803519,0.6398826979472141,0.0,94.34262096177305
8,C1_standard_cath,3Cam,waste_bin,P3,Prop_07_waste_bin,waste_corner,0.0,1.0,0.0,0,314,0,0.10191082802547771,0.10191082802547771,0.0,0.0,0.0
8,C1_standard_cath,3Cam,doctor_ultrasound,P2,Prop_08_doctor_ultrasound,peripheral_support,0.0,1.0,0.0,0,887,0,0.9673055242390078,0.9673055242390078,0.09131905298759865,0.0,130.0288544137081
8,C1_standard_cath,3Cam,ultrasound,P2,Prop_09_ultrasound,peripheral_support,0.0,1.0,0.0,0,1050,0,0.9371428571428572,0.9371428571428572,0.0,0.0,0.0
8,C1_standard_cath,3Cam,ceiling_lamp,P3,Prop_10_ceiling_lamp,ceiling_over_table,0.0,1.0,0.0,0,302,0,1.0,1.0,0.956953642384106,0.25496688741721857,123.43874335848614
12,C1_standard_cath,3Cam,patient,P1,Prop_00_patient,table_patient,0.5148095909732017,0.6143667296786389,0.5320532658763797,1,709,529,0.7503526093088858,0.7503526093088858,0.29760225669957685,0.031029619181946404,114.77696149663603
12,C1_standard_cath,3Cam,doctor_operator,P1,Prop_01_doctor_operator,operator_lane,0.0,1.0,0.0,0,1394,0,0.9921090387374462,0.9921090387374462,0.34074605451936874,0.009325681492109038,91.60791607146567
12,C1_standard_cath,3Cam,medical_trolley,P2,Prop_02_medical_trolley,operator_peripheral_equipment,0.0,1.0,0.0,0,1006,0,1.0,1.0,0.9870775347912525,0.6361829025844931,83.73783582956956
12,C1_standard_cath,3Cam,doctor_anesthesia,P2,Prop_03_doctor_anesthesia,head_anesthesia_corner,0.0,1.0,0.0,0,942,0,1.0,1.0,0.058386411889596604,0.0,132.80136145523647
12,C1_standard_cath,3Cam,anesthesia_machine,P2,Prop_04_anesthesia_machine,head_anesthesia_corner,0.0,1.0,0.0,0,973,0,0.9496402877697842,0.9496402877697842,0.4224049331963001,0.0,76.73379352648485
12,C1_standard_cath,3Cam,radiation_shield,P1,Prop_05_radiation_shield,operator_lane,0.0,1.0,0.0,0,938,0,0.9989339019189766,0.9989339019189766,0.8422174840085288,0.01279317697228145,95.01196584563651
12,C1_standard_cath,3Cam,uhd_tv,P3,Prop_06_uhd_tv,screen_side,0.0,1.0,0.0,0,1676,0,0.9952267303102625,0.9952267303102625,0.6503579952267303,0.0,94.2824631665492
12,C1_standard_cath,3Cam,waste_bin,P3,Prop_07_waste_bin,waste_corner,0.0,1.0,0.0,0,242,0,0.049586776859504134,0.049586776859504134,0.0,0.0,0.0
12,C1_standard_cath,3Cam,doctor_ultrasound,P2,Prop_08_doctor_ultrasound,peripheral_support,0.009635974304068522,1.0,0.012016021361815754,0,934,1,0.911134903640257,0.911134903640257,0.08565310492505353,0.0,126.66247858086972
12,C1_standard_cath,3Cam,ultrasound,P2,Prop_09_ultrasound,peripheral_support,0.0,1.0,0.0,0,1051,0,0.8534728829686014,0.8534728829686014,0.019029495718363463,0.0,120.21219318753947
12,C1_standard_cath,3Cam,ceiling_lamp,P3,Prop_10_ceiling_lamp,ceiling_over_table,0.0,1.0,0.0,0,295,0,1.0,1.0,0.9864406779661017,0.3559322033898305,115.76013136753389
16,C1_standard_cath,3Cam,patient,P1,Prop_00_patient,table_patient,0.5865257595772787,0.6582278481012658,0.5995886398105249,1,757,632,0.7476882430647291,0.7476882430647291,0.27080581241743723,0.002642007926023778,124.47517050273568
16,C1_standard_cath,3Cam,doctor_operator,P1,Prop_01_doctor_operator,operator_lane,0.0,1.0,0.0,0,1511,0,0.9907346128391793,0.9907346128391793,0.399735274652548,0.0,93.41501537762325
16,C1_standard_cath,3Cam,medical_trolley,P2,Prop_02_medical_trolley,operator_peripheral_equipment,0.0,1.0,0.0,0,1045,0,1.0,1.0,0.9942583732057416,0.8028708133971292,80.49280683555119
16,C1_standard_cath,3Cam,doctor_anesthesia,P2,Prop_03_doctor_anesthesia,head_anesthesia_corner,0.0,0.0,0.0,0,828,1,1.0,1.0,0.20772946859903382,0.0,128.43785914817695
16,C1_standard_cath,3Cam,anesthesia_machine,P2,Prop_04_anesthesia_machine,head_anesthesia_corner,0.018357487922705314,0.6774193548387096,0.022792445932205325,0,1035,31,0.9951690821256038,0.9951690821256038,0.6830917874396135,0.0,72.59833542342389
16,C1_standard_cath,3Cam,radiation_shield,P1,Prop_05_radiation_shield,operator_lane,0.0,1.0,0.0,0,780,0,0.9987179487179487,0.9987179487179487,0.8653846153846154,0.0,96.25163295441344
16,C1_standard_cath,3Cam,uhd_tv,P3,Prop_06_uhd_tv,screen_side,0.0,1.0,0.0,0,1701,0,0.9923574368018813,0.9923574368018813,0.6213991769547325,0.0,93.77963607960876
16,C1_standard_cath,3Cam,waste_bin,P3,Prop_07_waste_bin,waste_corner,0.0,1.0,0.0,0,289,0,0.02768166089965398,0.02768166089965398,0.0,0.0,0.0
16,C1_standard_cath,3Cam,doctor_ultrasound,P2,Prop_08_doctor_ultrasound,peripheral_support,0.0,1.0,0.0,0,1038,0,1.0,1.0,0.9267822736030829,0.0,133.28443379303775
16,C1_standard_cath,3Cam,ultrasound,P2,Prop_09_ultrasound,peripheral_support,0.0,1.0,0.0,0,985,0,0.9756345177664975,0.9756345177664975,0.03248730964467005,0.0,120.67889596414864
16,C1_standard_cath,3Cam,ceiling_lamp,P3,Prop_10_ceiling_lamp,ceiling_over_table,0.0,1.0,0.0,0,253,0,1.0,1.0,0.9565217391304348,0.2450592885375494,123.90090088930053
20,C1_standard_cath,3Cam,patient,P1,Prop_00_patient,table_patient,0.5019455252918288,0.632295719844358,0.5235311159173439,1,771,514,0.7626459143968871,0.7626459143968871,0.22568093385214008,0.0,125.93195136463582
20,C1_standard_cath,3Cam,doctor_operator,P1,Prop_01_doctor_operator,operator_lane,0.0,1.0,0.0,0,1355,0,0.9874538745387453,0.9874538745387453,0.35129151291512917,0.0014760147601476014,93.54366740144086
20,C1_standard_cath,3Cam,medical_trolley,P2,Prop_02_medical_trolley,operator_peripheral_equipment,0.0,1.0,0.0,0,879,0,1.0,1.0,0.9977246871444824,0.9419795221843004,82.91808743872568
20,C1_standard_cath,3Cam,doctor_anesthesia,P2,Prop_03_doctor_anesthesia,head_anesthesia_corner,0.0,1.0,0.0,0,828,0,1.0,1.0,0.26811594202898553,0.0,129.66717164698574
20,C1_standard_cath,3Cam,anesthesia_machine,P2,Prop_04_anesthesia_machine,head_anesthesia_corner,0.0,0.0,0.0,0,1003,1,0.9770687936191426,0.9770687936191426,0.5633100697906281,0.0,73.63093725359651
20,C1_standard_cath,3Cam,radiation_shield,P1,Prop_05_radiation_shield,operator_lane,0.008946322067594433,1.0,0.01115794693776345,0,1006,1,0.9960238568588469,0.9960238568588469,0.8429423459244533,0.0,95.13209781643896
20,C1_standard_cath,3Cam,uhd_tv,P3,Prop_06_uhd_tv,screen_side,0.0,1.0,0.0,0,1647,0,0.9957498482088646,0.9957498482088646,0.6435944140862173,0.0,93.80993156188833
20,C1_standard_cath,3Cam,waste_bin,P3,Prop_07_waste_bin,waste_corner,0.0,1.0,0.0,0,251,0,0.0398406374501992,0.0398406374501992,0.0,0.0,0.0
20,C1_standard_cath,3Cam,doctor_ultrasound,P2,Prop_08_doctor_ultrasound,peripheral_support,0.0,0.0,0.0,0,983,1,1.0,1.0,0.9501525940996948,0.0,131.93954602054407
20,C1_standard_cath,3Cam,ultrasound,P2,Prop_09_ultrasound,peripheral_support,0.0,1.0,0.0,0,1017,0,0.9665683382497542,0.9665683382497542,0.03736479842674533,0.0,120.26107202781776
20,C1_standard_cath,3Cam,ceiling_lamp,P3,Prop_10_ceiling_lamp,ceiling_over_table,0.0,1.0,0.0,0,274,0,1.0,1.0,0.9525547445255474,0.3029197080291971,118.28813659771987
24,C1_standard_cath,3Cam,patient,P1,Prop_00_patient,table_patient,0.584958217270195,0.6542056074766355,0.5976095617529881,1,718,535,0.7534818941504178,0.7534818941504178,0.22701949860724233,0.012534818941504178,120.80988492275259
24,C1_standard_cath,3Cam,doctor_operator,P1,Prop_01_doctor_operator,operator_lane,0.0,1.0,0.0,0,1582,0,0.9917825537294563,0.9917825537294563,0.2895069532237674,0.004424778761061947,90.02503663839003
24,C1_standard_cath,3Cam,medical_trolley,P2,Prop_02_medical_trolley,operator_peripheral_equipment,0.0,1.0,0.0,0,946,0,1.0,1.0,0.9904862579281184,0.7674418604651163,80.85614062926741
24,C1_standard_cath,3Cam,doctor_anesthesia,P2,Prop_03_doctor_anesthesia,head_anesthesia_corner,0.0,1.0,0.0,0,864,0,0.9988425925925926,0.9988425925925926,0.10185185185185185,0.0,136.47121183357322
24,C1_standard_cath,3Cam,anesthesia_machine,P2,Prop_04_anesthesia_machine,head_anesthesia_corner,0.0,1.0,0.0,0,965,0,0.9481865284974094,0.9481865284974094,0.44559585492227977,0.0,74.81762756900022
24,C1_standard_cath,3Cam,radiation_shield,P1,Prop_05_radiation_shield,operator_lane,0.0,1.0,0.0,0,1026,0,0.9990253411306043,0.9990253411306043,0.804093567251462,0.0,95.60462259484146
24,C1_standard_cath,3Cam,uhd_tv,P3,Prop_06_uhd_tv,screen_side,0.0,0.0,0.0,0,1709,1,0.9953188999414863,0.9953188999414863,0.6138092451726156,0.0,93.870581475096
24,C1_standard_cath,3Cam,waste_bin,P3,Prop_07_waste_bin,waste_corner,0.0,1.0,0.0,0,260,0,0.0,0.0,0.0,0.0,0.0
24,C1_standard_cath,3Cam,doctor_ultrasound,P2,Prop_08_doctor_ultrasound,peripheral_support,0.0,1.0,0.0,0,898,0,1.0,1.0,0.9298440979955457,0.0,134.53017446042233
24,C1_standard_cath,3Cam,ultrasound,P2,Prop_09_ultrasound,peripheral_support,0.0,1.0,0.0,0,1013,0,0.9792694965449161,0.9792694965449161,0.0,0.0,0.0
24,C1_standard_cath,3Cam,ceiling_lamp,P3,Prop_10_ceiling_lamp,ceiling_over_table,0.0,1.0,0.0,0,267,0,1.0,1.0,0.9588014981273408,0.33707865168539325,119.48918516475526
28,C1_standard_cath,3Cam,patient,P1,Prop_00_patient,table_patient,0.5373333333333333,0.6337760910815939,0.5542000410085468,1,750,527,0.728,0.728,0.18133333333333335,0.0,126.13873337375475
28,C1_standard_cath,3Cam,doctor_operator,P1,Prop_01_doctor_operator,operator_lane,0.0,1.0,0.0,0,1422,0,0.9873417721518988,0.9873417721518988,0.35372714486638535,0.0,94.49379125936551
28,C1_standard_cath,3Cam,medical_trolley,P2,Prop_02_medical_trolley,operator_peripheral_equipment,0.0,1.0,0.0,0,828,0,1.0,1.0,0.9951690821256038,0.8611111111111112,82.74112768991554
28,C1_standard_cath,3Cam,doctor_anesthesia,P2,Prop_03_doctor_anesthesia,head_anesthesia_corner,0.0,0.0,0.0,0,855,1,1.0,1.0,0.13099415204678364,0.0,129.563396290891
28,C1_standard_cath,3Cam,anesthesia_machine,P2,Prop_04_anesthesia_machine,head_anesthesia_corner,0.0,1.0,0.0,0,1110,0,0.9612612612612612,0.9612612612612612,0.45225225225225224,0.0,74.5712956841676
28,C1_standard_cath,3Cam,radiation_shield,P1,Prop_05_radiation_shield,operator_lane,0.0,1.0,0.0,0,919,0,0.9956474428726877,0.9956474428726877,0.7986942328618063,0.0,96.65999985783775
28,C1_standard_cath,3Cam,uhd_tv,P3,Prop_06_uhd_tv,screen_side,0.0,1.0,0.0,0,1656,0,0.9957729468599034,0.9957729468599034,0.6352657004830918,0.0,94.08073153938783
28,C1_standard_cath,3Cam,waste_bin,P3,Prop_07_waste_bin,waste_corner,0.0,1.0,0.0,0,248,0,0.0,0.0,0.0,0.0,0.0
28,C1_standard_cath,3Cam,doctor_ultrasound,P2,Prop_08_doctor_ultrasound,peripheral_support,0.0,1.0,0.0,0,917,0,0.9967284623773174,0.9967284623773174,0.8418756815703381,0.0,130.99061205138162
28,C1_standard_cath,3Cam,ultrasound,P2,Prop_09_ultrasound,peripheral_support,0.0,1.0,0.0,0,955,0,0.9780104712041885,0.9780104712041885,0.0,0.0,0.0
28,C1_standard_cath,3Cam,ceiling_lamp,P3,Prop_10_ceiling_lamp,ceiling_over_table,0.0,1.0,0.0,0,302,0,1.0,1.0,0.9470198675496688,0.38741721854304634,113.50256113440128
32,C1_standard_cath,3Cam,patient,P1,Prop_00_patient,table_patient,0.5262449528936743,0.6009693053311793,0.5396653193461327,1,743,619,0.7388963660834454,0.7388963660834454,0.288021534320323,0.018842530282637954,115.90010785956939
32,C1_standard_cath,3Cam,doctor_operator,P1,Prop_01_doctor_operator,operator_lane,0.0,1.0,0.0,0,1589,0,0.9830081812460667,0.9830081812460667,0.35934550031466334,0.0006293266205160479,92.92993146209936
32,C1_standard_cath,3Cam,medical_trolley,P2,Prop_02_medical_trolley,operator_peripheral_equipment,0.002403846153846154,0.5,0.003001200480192077,0,832,2,0.9987980769230769,0.9987980769230769,0.9783653846153846,0.4098557692307692,82.0234484638016
32,C1_standard_cath,3Cam,doctor_anesthesia,P2,Prop_03_doctor_anesthesia,head_anesthesia_corner,0.010332950631458095,0.3333333333333333,0.012816861293078895,0,871,3,0.9954075774971297,0.9954075774971297,0.2020665901262916,0.0,132.3166017489074
32,C1_standard_cath,3Cam,anesthesia_machine,P2,Prop_04_anesthesia_machine,head_anesthesia_corner,0.0,1.0,0.0,0,959,0,0.9770594369134515,0.9770594369134515,0.5651720542231491,0.0,73.42417113420684
32,C1_standard_cath,3Cam,radiation_shield,P1,Prop_05_radiation_shield,operator_lane,0.0,1.0,0.0,0,705,0,0.9957446808510638,0.9957446808510638,0.6950354609929078,0.01702127659574468,94.15685858600202
32,C1_standard_cath,3Cam,uhd_tv,P3,Prop_06_uhd_tv,screen_side,0.0,1.0,0.0,0,1696,0,0.995872641509434,0.995872641509434,0.6497641509433962,0.0,94.19579653350424
32,C1_standard_cath,3Cam,waste_bin,P3,Prop_07_waste_bin,waste_corner,0.0,1.0,0.0,0,257,0,0.04669260700389105,0.04669260700389105,0.0,0.0,0.0
32,C1_standard_cath,3Cam,doctor_ultrasound,P2,Prop_08_doctor_ultrasound,peripheral_support,0.0,1.0,0.0,0,953,0,0.9989506820566632,0.9989506820566632,0.8405036726128017,0.0,131.00405150002433
32,C1_standard_cath,3Cam,ultrasound,P2,Prop_09_ultrasound,peripheral_support,0.0,1.0,0.0,0,1093,0,0.9743824336688015,0.9743824336688015,0.0018298261665141812,0.0,120.57880864965203
32,C1_standard_cath,3Cam,ceiling_lamp,P3,Prop_10_ceiling_lamp,ceiling_over_table,0.0,1.0,0.0,0,256,0,1.0,1.0,0.96484375,0.44140625,111.16929863596769
36,C1_standard_cath,3Cam,patient,P1,Prop_00_patient,table_patient,0.5383580080753702,0.6537037037037037,0.5580515936878515,1,743,540,0.7402422611036339,0.7402422611036339,0.25841184387617766,0.02557200538358008,114.62412378515788
36,C1_standard_cath,3Cam,doctor_operator,P1,Prop_01_doctor_operator,operator_lane,0.0,1.0,0.0,0,1366,0,0.9941434846266471,0.9941434846266471,0.4128843338213763,0.005124450951683748,93.05355775403075
36,C1_standard_cath,3Cam,medical_trolley,P2,Prop_02_medical_trolley,operator_peripheral_equipment,0.0,1.0,0.0,0,947,0,1.0,1.0,0.9957761351636748,0.8046462513199577,82.81854967329231
36,C1_standard_cath,3Cam,doctor_anesthesia,P2,Prop_03_doctor_anesthesia,head_anesthesia_corner,0.0,1.0,0.0,0,836,0,0.9976076555023924,0.9976076555023924,0.13636363636363635,0.0,131.51925117572225
36,C1_standard_cath,3Cam,anesthesia_machine,P2,Prop_04_anesthesia_machine,head_anesthesia_corner,0.0,1.0,0.0,0,1049,0,0.9771210676835081,0.9771210676835081,0.5328884652049571,0.0,75.89763378817776
36,C1_standard_cath,3Cam,radiation_shield,P1,Prop_05_radiation_shield,operator_lane,0.015209125475285171,1.0,0.01893939393939394,0,1052,1,0.9876425855513308,0.9876425855513308,0.5237642585551331,0.0,96.1700057728211
36,C1_standard_cath,3Cam,uhd_tv,P3,Prop_06_uhd_tv,screen_side,0.0,1.0,0.0,0,1648,0,0.995752427184466,0.995752427184466,0.6535194174757282,0.0,94.43035085342312
36,C1_standard_cath,3Cam,waste_bin,P3,Prop_07_waste_bin,waste_corner,0.0,1.0,0.0,0,266,0,0.08270676691729323,0.08270676691729323,0.0,0.0,0.0
36,C1_standard_cath,3Cam,doctor_ultrasound,P2,Prop_08_doctor_ultrasound,peripheral_support,0.0,1.0,0.0,0,991,0,0.9979818365287588,0.9979818365287588,0.8254288597376388,0.0,131.36769874623243
36,C1_standard_cath,3Cam,ultrasound,P2,Prop_09_ultrasound,peripheral_support,0.0,1.0,0.0,0,1021,0,0.9715964740450539,0.9715964740450539,0.007835455435847209,0.0,120.4339111424767
36,C1_standard_cath,3Cam,ceiling_lamp,P3,Prop_10_ceiling_lamp,ceiling_over_table,0.0,1.0,0.0,0,331,0,0.9969788519637462,0.9969788519637462,0.9697885196374623,0.4350453172205438,113.83754444579144
1,N1_mirrored_head,3Cam,patient,P1,Prop_00_patient,table_patient,0.26430517711171664,0.4828897338403042,0.2906151066068404,1,734,263,0.5463215258855586,0.5463215258855586,0.2506811989100817,0.021798365122615803,125.97511879165368
1,N1_mirrored_head,3Cam,doctor_operator,P1,Prop_01_doctor_operator,operator_lane,0.0,0.0,0.0,0,872,183,0.9954128440366973,0.9954128440366973,0.5974770642201835,0.22935779816513763,110.45528202100226
1,N1_mirrored_head,3Cam,medical_trolley,P2,Prop_02_medical_trolley,operator_peripheral_equipment,0.0,1.0,0.0,0,863,0,0.9698725376593279,0.9698725376593279,0.17844727694090382,0.0011587485515643105,93.73746875055528
1,N1_mirrored_head,3Cam,doctor_anesthesia,P2,Prop_03_doctor_anesthesia,head_anesthesia_corner,0.0,0.0,0.0,0,989,250,0.9979777553083923,0.9979777553083923,0.8321536905965622,0.0,106.83289569259306
1,N1_mirrored_head,3Cam,anesthesia_machine,P2,Prop_04_anesthesia_machine,head_anesthesia_corner,0.008064516129032258,1.0,0.01006036217303823,0,1116,1,0.5412186379928315,0.5412186379928315,0.07795698924731183,0.0,92.59730700450984
1,N1_mirrored_head,3Cam,radiation_shield,P1,Prop_05_radiation_shield,operator_lane,0.0,1.0,0.0,0,865,0,0.9930635838150289,0.9930635838150289,0.7572254335260116,0.292485549132948,83.30237765906536
1,N1_mirrored_head,3Cam,uhd_tv,P3,Prop_06_uhd_tv,screen_side,0.006944444444444444,1.0,0.008665511265164644,0,1584,1,1.0,1.0,0.9873737373737373,0.3851010101010101,93.43970368190111
1,N1_mirrored_head,3Cam,waste_bin,P3,Prop_07_waste_bin,waste_corner,0.0,1.0,0.0,0,263,0,0.9961977186311787,0.9961977186311787,0.9657794676806084,0.0,50.830440740440814
1,N1_mirrored_head,3Cam,doctor_ultrasound,P2,Prop_08_doctor_ultrasound,peripheral_support,0.0,1.0,0.0,0,932,0,0.9871244635193133,0.9871244635193133,0.30579399141630903,0.0,98.22718992563927
1,N1_mirrored_head,3Cam,ultrasound,P2,Prop_09_ultrasound,peripheral_support,0.0,1.0,0.0,0,851,0,0.7673325499412456,0.7673325499412456,0.0,0.0,0.0
1,N1_mirrored_head,3Cam,ceiling_lamp,P3,Prop_10_ceiling_lamp,ceiling_over_table,0.029801324503311258,1.0,0.03697617091207888,0,302,1,0.9966887417218543,0.9966887417218543,0.8675496688741722,0.5165562913907285,106.16989198672688
5,N1_mirrored_head,3Cam,patient,P1,Prop_00_patient,table_patient,0.47493403693931396,0.6254681647940075,0.4989509746640463,1,758,534,0.5910290237467019,0.5910290237467019,0.2757255936675462,0.0633245382585752,115.90470032571065
5,N1_mirrored_head,3Cam,doctor_operator,P1,Prop_01_doctor_operator,operator_lane,0.0,0.0,0.0,0,1028,146,1.0,1.0,0.6391050583657587,0.28891050583657585,108.13832482134015
5,N1_mirrored_head,3Cam,medical_trolley,P2,Prop_02_medical_trolley,operator_peripheral_equipment,0.0,1.0,0.0,0,854,0,0.9882903981264637,0.9882903981264637,0.13114754098360656,0.0,54.08698963878948
5,N1_mirrored_head,3Cam,doctor_anesthesia,P2,Prop_03_doctor_anesthesia,head_anesthesia_corner,0.0,0.0,0.0,0,1006,82,0.9990059642147118,0.9990059642147118,0.6908548707753479,0.0,107.04884513210021
5,N1_mirrored_head,3Cam,anesthesia_machine,P2,Prop_04_anesthesia_machine,head_anesthesia_corner,0.0,1.0,0.0,0,1104,0,0.4855072463768116,0.4855072463768116,0.06159420289855073,0.0,90.46787851869287
5,N1_mirrored_head,3Cam,radiation_shield,P1,Prop_05_radiation_shield,operator_lane,0.009081735620585268,1.0,0.0113264535615404,0,991,1,0.9959636730575177,0.9959636730575177,0.8668012108980827,0.33703329969727547,80.46573607209992
5,N1_mirrored_head,3Cam,uhd_tv,P3,Prop_06_uhd_tv,screen_side,0.0,1.0,0.0,0,1584,0,1.0,1.0,0.9734848484848485,0.052398989898989896,111.5930223514202
5,N1_mirrored_head,3Cam,waste_bin,P3,Prop_07_waste_bin,waste_corner,0.0,1.0,0.0,0,241,0,1.0,1.0,0.9626556016597511,0.0,51.087241681735854
5,N1_mirrored_head,3Cam,doctor_ultrasound,P2,Prop_08_doctor_ultrasound,peripheral_support,0.006276150627615063,1.0,0.007832898172323759,0,956,1,0.9696652719665272,0.9696652719665272,0.20815899581589958,0.0,96.74376879424787
5,N1_mirrored_head,3Cam,ultrasound,P2,Prop_09_ultrasound,peripheral_support,0.0,1.0,0.0,0,971,0,0.39340885684860966,0.39340885684860966,0.003089598352214212,0.0,89.14321735680544
5,N1_mirrored_head,3Cam,ceiling_lamp,P3,Prop_10_ceiling_lamp,ceiling_over_table,0.0,1.0,0.0,0,296,0,0.9966216216216216,0.9966216216216216,0.8209459459459459,0.24662162162162163,89.94484290708547
9,N1_mirrored_head,3Cam,patient,P1,Prop_00_patient,table_patient,0.20266666666666666,0.4808510638297872,0.22918445772843724,1,750,235,0.588,0.588,0.28,0.0013333333333333333,134.7756086427952
9,N1_mirrored_head,3Cam,doctor_operator,P1,Prop_01_doctor_operator,operator_lane,0.04859611231101512,0.13864306784660768,0.055851021690793964,0,926,339,0.9989200863930886,0.9989200863930886,0.6263498920086393,0.24190064794816415,107.39539921215275
9,N1_mirrored_head,3Cam,medical_trolley,P2,Prop_02_medical_trolley,operator_peripheral_equipment,0.0,1.0,0.0,0,936,0,0.9829059829059829,0.9829059829059829,0.27564102564102566,0.016025641025641024,87.74164506295126
9,N1_mirrored_head,3Cam,doctor_anesthesia,P2,Prop_03_doctor_anesthesia,head_anesthesia_corner,0.032388663967611336,0.06042296072507553,0.03570153516601214,0,988,331,0.9989878542510121,0.9989878542510121,0.6518218623481782,0.0,104.46605833809849
9,N1_mirrored_head,3Cam,anesthesia_machine,P2,Prop_04_anesthesia_machine,head_anesthesia_corner,0.0,1.0,0.0,0,1127,0,0.6051464063886424,0.6051464063886424,0.06388642413487133,0.0,93.03301846111074
9,N1_mirrored_head,3Cam,radiation_shield,P1,Prop_05_radiation_shield,operator_lane,0.017123287671232876,0.6666666666666666,0.021267545725223307,0,876,3,0.9954337899543378,0.9954337899543378,0.8253424657534246,0.1815068493150685,77.73488161115641
9,N1_mirrored_head,3Cam,uhd_tv,P3,Prop_06_uhd_tv,screen_side,0.0,1.0,0.0,0,1584,0,1.0,1.0,0.9974747474747475,0.380050505050505,93.52277539290395
9,N1_mirrored_head,3Cam,waste_bin,P3,Prop_07_waste_bin,waste_corner,0.0,1.0,0.0,0,316,0,1.0,1.0,0.9715189873417721,0.0,51.9292238971369
9,N1_mirrored_head,3Cam,doctor_ultrasound,P2,Prop_08_doctor_ultrasound,peripheral_support,0.0,1.0,0.0,0,908,0,0.9019823788546255,0.9019823788546255,0.1288546255506608,0.0,94.30674453085625
9,N1_mirrored_head,3Cam,ultrasound,P2,Prop_09_ultrasound,peripheral_support,0.0,1.0,0.0,0,870,0,0.5091954022988506,0.5091954022988506,0.009195402298850575,0.0,89.39852817835524
9,N1_mirrored_head,3Cam,ceiling_lamp,P3,Prop_10_ceiling_lamp,ceiling_over_table,0.0,1.0,0.0,0,250,0,1.0,1.0,0.864,0.368,96.49773793717883
13,N1_mirrored_head,3Cam,patient,P1,Prop_00_patient,table_patient,0.4029649595687331,0.5756756756756757,0.4286873968449706,1,742,370,0.6442048517520216,0.6442048517520216,0.24663072776280323,0.0,135.21618884736094
13,N1_mirrored_head,3Cam,doctor_operator,P1,Prop_01_doctor_operator,operator_lane,0.15037593984962405,0.30886075949367087,0.16757321026317235,1,931,395,0.9022556390977443,0.9022556390977443,0.4178302900107411,0.19763694951664876,106.3064254026117
13,N1_mirrored_head,3Cam,medical_trolley,P2,Prop_02_medical_trolley,operator_peripheral_equipment,0.0,1.0,0.0,0,835,0,0.9796407185628743,0.9796407185628743,0.11377245508982035,0.008383233532934131,77.75414569915735
13,N1_mirrored_head,3Cam,doctor_anesthesia,P2,Prop_03_doctor_anesthesia,head_anesthesia_corner,0.13372093023255813,0.20676691729323307,0.1438873470130579,1,860,532,0.986046511627907,0.986046511627907,0.7988372093023256,0.0,110.41169881594614
13,N1_mirrored_head,3Cam,anesthesia_machine,P2,Prop_04_anesthesia_machine,head_anesthesia_corner,0.0,1.0,0.0,0,1012,0,0.49703557312252966,0.49703557312252966,0.029644268774703556,0.0,91.62625280159612
13,N1_mirrored_head,3Cam,radiation_shield,P1,Prop_05_radiation_shield,operator_lane,0.0,1.0,0.0,0,1067,0,0.9915651358950328,0.9915651358950328,0.8556701030927835,0.2530459231490159,79.40279948792828
13,N1_mirrored_head,3Cam,uhd_tv,P3,Prop_06_uhd_tv,screen_side,0.0,0.0,0.0,0,1584,7,1.0,1.0,0.9936868686868687,0.3838383838383838,93.55570923066134
13,N1_mirrored_head,3Cam,waste_bin,P3,Prop_07_waste_bin,waste_corner,0.0,1.0,0.0,0,259,0,1.0,1.0,0.9652509652509652,0.0,52.81159465274514
13,N1_mirrored_head,3Cam,doctor_ultrasound,P2,Prop_08_doctor_ultrasound,peripheral_support,0.0,1.0,0.0,0,917,0,0.9661941112322792,0.9661941112322792,0.2420937840785169,0.0,96.7782480284837
13,N1_mirrored_head,3Cam,ultrasound,P2,Prop_09_ultrasound,peripheral_support,0.0,1.0,0.0,0,937,0,0.7022411953041622,0.7022411953041622,0.023479188900747065,0.0,91.31677660395387
13,N1_mirrored_head,3Cam,ceiling_lamp,P3,Prop_10_ceiling_lamp,ceiling_over_table,0.0,1.0,0.0,0,270,0,0.9962962962962963,0.9962962962962963,0.9037037037037037,0.21481481481481482,87.55527918397661
17,N1_mirrored_head,3Cam,patient,P1,Prop_00_patient,table_patient,0.4336870026525199,0.6116504854368932,0.4604830814210802,1,754,412,0.629973474801061,0.629973474801061,0.2546419098143236,0.034482758620689655,118.99970494213538
17,N1_mirrored_head,3Cam,doctor_operator,P1,Prop_01_doctor_operator,operator_lane,0.0,0.0,0.0,0,978,302,0.9989775051124744,0.9989775051124744,0.6451942740286298,0.34662576687116564,105.82071580973884
17,N1_mirrored_head,3Cam,medical_trolley,P2,Prop_02_medical_trolley,operator_peripheral_equipment,0.0,1.0,0.0,0,868,0,0.978110599078341,0.978110599078341,0.14746543778801843,0.0,114.03042445287842
17,N1_mirrored_head,3Cam,doctor_anesthesia,P2,Prop_03_doctor_anesthesia,head_anesthesia_corner,0.0,0.0,0.0,0,1036,292,0.999034749034749,0.999034749034749,0.7586872586872587,0.0,106.3807083464898
17,N1_mirrored_head,3Cam,anesthesia_machine,P2,Prop_04_anesthesia_machine,head_anesthesia_corner,0.0,1.0,0.0,0,1078,0,0.5816326530612245,0.5816326530612245,0.15862708719851576,0.0,94.11996312463064
17,N1_mirrored_head,3Cam,radiation_shield,P1,Prop_05_radiation_shield,operator_lane,0.0,1.0,0.0,0,731,0,0.9917920656634747,0.9917920656634747,0.8495212038303693,0.24897400820793433,80.05435591935095
17,N1_mirrored_head,3Cam,uhd_tv,P3,Prop_06_uhd_tv,screen_side,0.005681818181818182,1.0,0.007092198581560284,0,1584,1,0.9962121212121212,0.9962121212121212,0.6477272727272727,0.2196969696969697,90.9460326798102
17,N1_mirrored_head,3Cam,waste_bin,P3,Prop_07_waste_bin,waste_corner,0.0,1.0,0.0,0,262,0,0.9961832061068703,0.9961832061068703,0.9618320610687023,0.0,48.6940822116122
17,N1_mirrored_head,3Cam,doctor_ultrasound,P2,Prop_08_doctor_ultrasound,peripheral_support,0.0,1.0,0.0,0,869,0,1.0,1.0,0.2508630609896433,0.0,98.69480283005737
17,N1_mirrored_head,3Cam,ultrasound,P2,Prop_09_ultrasound,peripheral_support,0.0,1.0,0.0,0,945,0,0.7206349206349206,0.7206349206349206,0.0,0.0,0.0
17,N1_mirrored_head,3Cam,ceiling_lamp,P3,Prop_10_ceiling_lamp,ceiling_over_table,0.02727272727272727,1.0,0.03386004514672686,0,330,1,0.9939393939393939,0.9939393939393939,0.8272727272727273,0.3151515151515151,98.18668793223193
21,N1_mirrored_head,3Cam,patient,P1,Prop_00_patient,table_patient,0.4791666666666667,0.6746987951807228,0.5086486059552958,1,720,415,0.6430555555555556,0.6430555555555556,0.3,0.04861111111111111,120.05916683575482
21,N1_mirrored_head,3Cam,doctor_operator,P1,Prop_01_doctor_operator,operator_lane,0.02359550561797753,0.022099447513812154,0.023280305969735602,0,890,181,0.9921348314606742,0.9921348314606742,0.6067415730337079,0.25617977528089886,108.21307926434115
21,N1_mirrored_head,3Cam,medical_trolley,P2,Prop_02_medical_trolley,operator_peripheral_equipment,0.0,1.0,0.0,0,937,0,0.9765208110992529,0.9765208110992529,0.24439701173959444,0.008537886872998933,81.52017451039816
21,N1_mirrored_head,3Cam,doctor_anesthesia,P2,Prop_03_doctor_anesthesia,head_anesthesia_corner,0.0,0.0,0.0,0,885,295,0.9977401129943503,0.9977401129943503,0.8112994350282486,0.0,111.05851460118184
21,N1_mirrored_head,3Cam,anesthesia_machine,P2,Prop_04_anesthesia_machine,head_anesthesia_corner,0.0,1.0,0.0,0,992,0,0.5332661290322581,0.5332661290322581,0.08870967741935484,0.0,93.3675682095538
21,N1_mirrored_head,3Cam,radiation_shield,P1,Prop_05_radiation_shield,operator_lane,0.009814612868047983,1.0,0.012238237693772096,0,917,1,0.9945474372955289,0.9945474372955289,0.6706652126499455,0.2748091603053435,87.48900183779963
21,N1_mirrored_head,3Cam,uhd_tv,P3,Prop_06_uhd_tv,screen_side,0.005681818181818182,0.058823529411764705,0.00693481276005548,0,1584,17,1.0,1.0,0.9734848484848485,0.369949494949495,93.69982122905714
21,N1_mirrored_head,3Cam,waste_bin,P3,Prop_07_waste_bin,waste_corner,0.0,1.0,0.0,0,260,0,1.0,1.0,0.9846153846153847,0.0,52.4707694627103
21,N1_mirrored_head,3Cam,doctor_ultrasound,P2,Prop_08_doctor_ultrasound,peripheral_support,0.0,1.0,0.0,0,912,0,0.8103070175438597,0.8103070175438597,0.23355263157894737,0.0,95.97252713028907
21,N1_mirrored_head,3Cam,ultrasound,P2,Prop_09_ultrasound,peripheral_support,0.0,1.0,0.0,0,881,0,0.5788876276958003,0.5788876276958003,0.0,0.0,0.0
21,N1_mirrored_head,3Cam,ceiling_lamp,P3,Prop_10_ceiling_lamp,ceiling_over_table,0.0,0.0,0.0,0,291,1,0.9965635738831615,0.9965635738831615,0.9243986254295533,0.2508591065292096,90.49308298310996
25,N1_mirrored_head,3Cam,patient,P1,Prop_00_patient,table_patient,0.470189701897019,0.6293279022403259,0.49523576387124785,1,738,491,0.6951219512195121,0.6951219512195121,0.3875338753387534,0.07994579945799458,116.26154672155934
25,N1_mirrored_head,3Cam,doctor_operator,P1,Prop_01_doctor_operator,operator_lane,0.10085836909871244,0.32684824902723736,0.11704366902849012,1,932,257,0.9420600858369099,0.9420600858369099,0.4560085836909871,0.20815450643776823,105.35147425337826
25,N1_mirrored_head,3Cam,medical_trolley,P2,Prop_02_medical_trolley,operator_peripheral_equipment,0.0,1.0,0.0,0,873,0,0.9759450171821306,0.9759450171821306,0.17411225658648338,0.010309278350515464,75.8285995451508
25,N1_mirrored_head,3Cam,doctor_anesthesia,P2,Prop_03_doctor_anesthesia,head_anesthesia_corner,0.08773784355179703,0.1872146118721461,0.09817044674332596,1,946,438,0.9936575052854123,0.9936575052854123,0.7769556025369979,0.0,109.86070655062962
25,N1_mirrored_head,3Cam,anesthesia_machine,P2,Prop_04_anesthesia_machine,head_anesthesia_corner,0.0,1.0,0.0,0,1094,0,0.6407678244972578,0.6407678244972578,0.0740402193784278,0.0,93.33752375655817
25,N1_mirrored_head,3Cam,radiation_shield,P1,Prop_05_radiation_shield,operator_lane,0.0,0.0,0.0,0,937,1,0.9935965848452508,0.9935965848452508,0.8868729989327642,0.31803628601921025,78.675935779647
25,N1_mirrored_head,3Cam,uhd_tv,P3,Prop_06_uhd_tv,screen_side,0.006313131313131313,1.0,0.00787897888433659,0,1584,1,0.9987373737373737,0.9987373737373737,0.7190656565656566,0.008207070707070708,115.48157701362439
25,N1_mirrored_head,3Cam,waste_bin,P3,Prop_07_waste_bin,waste_corner,0.0,1.0,0.0,0,250,0,1.0,1.0,0.984,0.0,51.19264546785823
25,N1_mirrored_head,3Cam,doctor_ultrasound,P2,Prop_08_doctor_ultrasound,peripheral_support,0.0,1.0,0.0,0,943,0,0.809119830328738,0.809119830328738,0.0,0.0,0.0
25,N1_mirrored_head,3Cam,ultrasound,P2,Prop_09_ultrasound,peripheral_support,0.012084592145015106,1.0,0.01506024096385542,0,993,1,0.18126888217522658,0.18126888217522658,0.0,0.0,0.0
25,N1_mirrored_head,3Cam,ceiling_lamp,P3,Prop_10_ceiling_lamp,ceiling_over_table,0.036,1.0,0.0445986124876115,0,250,1,0.992,0.992,0.776,0.364,98.25617169164676
29,N1_mirrored_head,3Cam,patient,P1,Prop_00_patient,table_patient,0.4868766404199475,0.6524064171122995,0.5129036132836846,1,762,561,0.6509186351706037,0.6509186351706037,0.2440944881889764,0.03674540682414698,116.50483393610148
29,N1_mirrored_head,3Cam,doctor_operator,P1,Prop_01_doctor_operator,operator_lane,0.13821138211382114,0.3062645011600928,0.15524899337216866,1,984,431,0.8882113821138211,0.8882113821138211,0.44613821138211385,0.21747967479674796,106.87370891121208
29,N1_mirrored_head,3Cam,medical_trolley,P2,Prop_02_medical_trolley,operator_peripheral_equipment,0.0,1.0,0.0,0,1033,0,0.9825750242013552,0.9825750242013552,0.28654404646660214,0.008712487899322363,91.20046383981285
29,N1_mirrored_head,3Cam,doctor_anesthesia,P2,Prop_03_doctor_anesthesia,head_anesthesia_corner,0.1145418326693227,0.11261261261261261,0.11415071865322006,1,1004,888,0.9641434262948207,0.9641434262948207,0.6593625498007968,0.0,109.02411644767514
29,N1_mirrored_head,3Cam,anesthesia_machine,P2,Prop_04_anesthesia_machine,head_anesthesia_corner,0.0,1.0,0.0,0,1104,0,0.5679347826086957,0.5679347826086957,0.1539855072463768,0.0,93.38528030659799
29,N1_mirrored_head,3Cam,radiation_shield,P1,Prop_05_radiation_shield,operator_lane,0.09337676438653637,0.4727272727272727,0.11122828660684084,1,921,110,0.99457111834962,0.99457111834962,0.8577633007600435,0.28555917480998916,80.04950455053721
29,N1_mirrored_head,3Cam,uhd_tv,P3,Prop_06_uhd_tv,screen_side,0.0,0.0,0.0,0,1584,12,0.9993686868686869,0.9993686868686869,0.6893939393939394,0.20454545454545456,91.96441376583623
29,N1_mirrored_head,3Cam,waste_bin,P3,Prop_07_waste_bin,waste_corner,0.0,1.0,0.0,0,270,0,0.9962962962962963,0.9962962962962963,0.9777777777777777,0.0,49.88808019916233
29,N1_mirrored_head,3Cam,doctor_ultrasound,P2,Prop_08_doctor_ultrasound,peripheral_support,0.0,1.0,0.0,0,905,0,0.7171270718232045,0.7171270718232045,0.10165745856353592,0.0,93.43638454207039
29,N1_mirrored_head,3Cam,ultrasound,P2,Prop_09_ultrasound,peripheral_support,0.0,1.0,0.0,0,1048,0,0.6288167938931297,0.6288167938931297,0.0057251908396946565,0.0,91.1760540500029
29,N1_mirrored_head,3Cam,ceiling_lamp,P3,Prop_10_ceiling_lamp,ceiling_over_table,0.0,1.0,0.0,0,334,0,0.9940119760479041,0.9940119760479041,0.8562874251497006,0.2245508982035928,92.37772490627873
33,N1_mirrored_head,3Cam,patient,P1,Prop_00_patient,table_patient,0.4891891891891892,0.655328798185941,0.515317974311435,1,740,441,0.6283783783783784,0.6283783783783784,0.2905405405405405,0.062162162162162166,112.24787032577375
33,N1_mirrored_head,3Cam,doctor_operator,P1,Prop_01_doctor_operator,operator_lane,0.0,0.0,0.0,0,922,77,0.9967462039045553,0.9967462039045553,0.631236442516269,0.3036876355748373,108.96714388543482
33,N1_mirrored_head,3Cam,medical_trolley,P2,Prop_02_medical_trolley,operator_peripheral_equipment,0.0,1.0,0.0,0,998,0,0.9719438877755511,0.9719438877755511,0.19138276553106212,0.009018036072144289,64.94817455345388
33,N1_mirrored_head,3Cam,doctor_anesthesia,P2,Prop_03_doctor_anesthesia,head_anesthesia_corner,0.0,0.0,0.0,0,1085,24,0.9972350230414746,0.9972350230414746,0.7852534562211981,0.0,104.0580466250841
33,N1_mirrored_head,3Cam,anesthesia_machine,P2,Prop_04_anesthesia_machine,head_anesthesia_corner,0.0,1.0,0.0,0,1143,0,0.5704286964129484,0.5704286964129484,0.09886264216972879,0.0,93.66893173928919
33,N1_mirrored_head,3Cam,radiation_shield,P1,Prop_05_radiation_shield,operator_lane,0.01756440281030445,1.0,0.021859516176041968,0,854,1,1.0,1.0,0.8864168618266979,0.32084309133489464,80.19733211290179
33,N1_mirrored_head,3Cam,uhd_tv,P3,Prop_06_uhd_tv,screen_side,0.0,1.0,0.0,0,1584,0,1.0,1.0,0.8636363636363636,0.26136363636363635,93.07841604684188
33,N1_mirrored_head,3Cam,waste_bin,P3,Prop_07_waste_bin,waste_corner,0.0,1.0,0.0,0,255,0,1.0,1.0,0.984313725490196,0.0,51.21272674944284
33,N1_mirrored_head,3Cam,doctor_ultrasound,P2,Prop_08_doctor_ultrasound,peripheral_support,0.0,1.0,0.0,0,935,0,0.8299465240641711,0.8299465240641711,0.17433155080213902,0.0,96.28016641078815
33,N1_mirrored_head,3Cam,ultrasound,P2,Prop_09_ultrasound,peripheral_support,0.0,1.0,0.0,0,862,0,0.8271461716937355,0.8271461716937355,0.025522041763341066,0.0,91.88454132061842
33,N1_mirrored_head,3Cam,ceiling_lamp,P3,Prop_10_ceiling_lamp,ceiling_over_table,0.0,1.0,0.0,0,296,0,1.0,1.0,0.8581081081081081,0.33783783783783783,94.83226524776899
37,N1_mirrored_head,3Cam,patient,P1,Prop_00_patient,table_patient,0.468,0.6958637469586375,0.5007976964084205,1,750,411,0.6346666666666667,0.6346666666666667,0.3293333333333333,0.08533333333333333,113.14701449723421
37,N1_mirrored_head,3Cam,doctor_operator,P1,Prop_01_doctor_operator,operator_lane,0.0,0.0,0.0,0,1003,303,1.0,1.0,0.5792622133599202,0.24426719840478564,108.6629945195686
37,N1_mirrored_head,3Cam,medical_trolley,P2,Prop_02_medical_trolley,operator_peripheral_equipment,0.0,1.0,0.0,0,916,0,0.9847161572052402,0.9847161572052402,0.34497816593886466,0.012008733624454149,85.28652642426647
37,N1_mirrored_head,3Cam,doctor_anesthesia,P2,Prop_03_doctor_anesthesia,head_anesthesia_corner,0.0,0.0,0.0,0,987,128,1.0,1.0,0.7203647416413373,0.0,107.33487641894159
37,N1_mirrored_head,3Cam,anesthesia_machine,P2,Prop_04_anesthesia_machine,head_anesthesia_corner,0.0,1.0,0.0,0,1071,0,0.5452847805788982,0.5452847805788982,0.11484593837535013,0.0,91.38010960105875
37,N1_mirrored_head,3Cam,radiation_shield,P1,Prop_05_radiation_shield,operator_lane,0.0,0.0,0.0,0,1045,1,0.9952153110047847,0.9952153110047847,0.8708133971291866,0.3521531100478469,79.38017463536892
37,N1_mirrored_head,3Cam,uhd_tv,P3,Prop_06_uhd_tv,screen_side,0.003787878787878788,0.02857142857142857,0.00458295142071494,0,1584,35,1.0,1.0,0.9482323232323232,0.001893939393939394,118.44990115560293
37,N1_mirrored_head,3Cam,waste_bin,P3,Prop_07_waste_bin,waste_corner,0.0,1.0,0.0,0,248,0,1.0,1.0,0.967741935483871,0.0,48.28319467203574
37,N1_mirrored_head,3Cam,doctor_ultrasound,P2,Prop_08_doctor_ultrasound,peripheral_support,0.0,1.0,0.0,0,908,0,0.9933920704845814,0.9933920704845814,0.02643171806167401,0.0,98.40015863117667
37,N1_mirrored_head,3Cam,ultrasound,P2,Prop_09_ultrasound,peripheral_support,0.0,1.0,0.0,0,969,0,0.33436532507739936,0.33436532507739936,0.008255933952528379,0.0,88.36944887532289
37,N1_mirrored_head,3Cam,ceiling_lamp,P3,Prop_10_ceiling_lamp,ceiling_over_table,0.03474903474903475,1.0,0.0430622009569378,0,259,1,1.0,1.0,0.861003861003861,0.3127413127413127,92.18598441512157
2,C2_radial_echo,3Cam,patient,P1,Prop_00_patient,table_patient,0.5487804878048781,0.631578947368421,0.5635566687539136,1,738,551,0.7439024390243902,0.7439024390243902,0.2981029810298103,0.024390243902439025,115.8613630849435
2,C2_radial_echo,3Cam,doctor_operator,P1,Prop_01_doctor_operator,operator_lane,0.03850855745721271,0.8666666666666667,0.04760686840973296,0,1636,60,0.9963325183374083,0.9963325183374083,0.6301955990220048,0.17237163814180928,91.93136432034609
2,C2_radial_echo,3Cam,medical_trolley,P2,Prop_02_medical_trolley,operator_peripheral_equipment,0.0,1.0,0.0,0,1048,0,1.0,1.0,0.9847328244274809,0.5601145038167938,78.45226590696402
2,C2_radial_echo,3Cam,doctor_anesthesia,P2,Prop_03_doctor_anesthesia,head_anesthesia_corner,0.06572769953051644,0.23699421965317918,0.0768324677410719,1,852,173,0.9929577464788732,0.9929577464788732,0.2476525821596244,0.0,136.17733229321905
2,C2_radial_echo,3Cam,anesthesia_machine,P2,Prop_04_anesthesia_machine,head_anesthesia_corner,0.0,1.0,0.0,0,1108,0,0.98014440433213,0.98014440433213,0.5207581227436823,0.0,77.31451565419304
2,C2_radial_echo,3Cam,radiation_shield,P1,Prop_05_radiation_shield,operator_lane,0.0,0.0,0.0,0,914,1,0.9824945295404814,0.9824945295404814,0.7954048140043763,0.12691466083150985,86.24801135710364
2,C2_radial_echo,3Cam,uhd_tv,P3,Prop_06_uhd_tv,screen_side,0.0,1.0,0.0,0,1734,0,0.9953863898500577,0.9953863898500577,0.6476355247981546,0.0,95.07974971707564
2,C2_radial_echo,3Cam,waste_bin,P3,Prop_07_waste_bin,waste_corner,0.0,1.0,0.0,0,270,0,0.337037037037037,0.337037037037037,0.0,0.0,0.0
2,C2_radial_echo,3Cam,doctor_ultrasound,P2,Prop_08_doctor_ultrasound,peripheral_support,0.0,1.0,0.0,0,1038,0,0.9807321772639692,0.9807321772639692,0.4258188824662813,0.0,128.47289302596832
2,C2_radial_echo,3Cam,ultrasound,P2,Prop_09_ultrasound,peripheral_support,0.0,1.0,0.0,0,947,0,0.8722280887011615,0.8722280887011615,0.01689545934530095,0.0,114.12782842886618
2,C2_radial_echo,3Cam,ceiling_lamp,P3,Prop_10_ceiling_lamp,ceiling_over_table,0.0,1.0,0.0,0,332,0,1.0,1.0,0.9849397590361446,0.5843373493975904,96.27377896738126
6,C2_radial_echo,3Cam,patient,P1,Prop_00_patient,table_patient,0.5071895424836601,0.6158088235294118,0.5257359008293344,1,765,544,0.7607843137254902,0.7607843137254902,0.28366013071895424,0.01045751633986928,118.72794346172171
6,C2_radial_echo,3Cam,doctor_operator,P1,Prop_01_doctor_operator,operator_lane,0.0,1.0,0.0,0,1466,0,0.990450204638472,0.990450204638472,0.38335607094133695,0.027285129604365622,96.98834845539047
6,C2_radial_echo,3Cam,medical_trolley,P2,Prop_02_medical_trolley,operator_peripheral_equipment,0.0,1.0,0.0,0,997,0,0.9989969909729187,0.9989969909729187,0.9789368104312939,0.5887662988966901,79.57686637864089
6,C2_radial_echo,3Cam,doctor_anesthesia,P2,Prop_03_doctor_anesthesia,head_anesthesia_corner,0.0,0.0,0.0,0,854,26,0.9988290398126464,0.9988290398126464,0.20140515222482436,0.0,135.51067634227425
6,C2_radial_echo,3Cam,anesthesia_machine,P2,Prop_04_anesthesia_machine,head_anesthesia_corner,0.0,1.0,0.0,0,1099,0,0.9199272065514104,0.9199272065514104,0.32302092811646954,0.0,77.94533966298727
6,C2_radial_echo,3Cam,radiation_shield,P1,Prop_05_radiation_shield,operator_lane,0.0,1.0,0.0,0,928,0,0.9644396551724138,0.9644396551724138,0.7133620689655172,0.018318965517241378,89.98547820541295
6,C2_radial_echo,3Cam,uhd_tv,P3,Prop_06_uhd_tv,screen_side,0.0,1.0,0.0,0,1713,0,0.9959136018680678,0.9959136018680678,0.6403969643899592,0.0,94.27066148093401
6,C2_radial_echo,3Cam,waste_bin,P3,Prop_07_waste_bin,waste_corner,0.0,0.0,0.0,0,243,1,0.0,0.0,0.0,0.0,0.0
6,C2_radial_echo,3Cam,doctor_ultrasound,P2,Prop_08_doctor_ultrasound,peripheral_support,0.0,1.0,0.0,0,1041,0,0.9875120076849183,0.9875120076849183,0.2641690682036503,0.0,125.16835463280054
6,C2_radial_echo,3Cam,ultrasound,P2,Prop_09_ultrasound,peripheral_support,0.0,1.0,0.0,0,928,0,0.9342672413793104,0.9342672413793104,0.021551724137931036,0.0,117.15894786920367
6,C2_radial_echo,3Cam,ceiling_lamp,P3,Prop_10_ceiling_lamp,ceiling_over_table,0.0,1.0,0.0,0,277,0,1.0,1.0,0.9891696750902527,0.6064981949458483,97.30114604115735
10,C2_radial_echo,3Cam,patient,P1,Prop_00_patient,table_patient,0.5800524934383202,0.6601941747572816,0.5944855413584398,1,762,618,0.7454068241469817,0.7454068241469817,0.2572178477690289,0.0,125.63673880527949
10,C2_radial_echo,3Cam,doctor_operator,P1,Prop_01_doctor_operator,operator_lane,0.0,1.0,0.0,0,1455,0,0.9869415807560138,0.9869415807560138,0.3759450171821306,0.048109965635738834,91.64593109286139
10,C2_radial_echo,3Cam,medical_trolley,P2,Prop_02_medical_trolley,operator_peripheral_equipment,0.0,1.0,0.0,0,947,0,1.0,1.0,0.9904963041182682,0.590285110876452,77.86413500420659
10,C2_radial_echo,3Cam,doctor_anesthesia,P2,Prop_03_doctor_anesthesia,head_anesthesia_corner,0.0,0.0,0.0,0,873,83,1.0,1.0,0.08247422680412371,0.0,133.7396377779889
10,C2_radial_echo,3Cam,anesthesia_machine,P2,Prop_04_anesthesia_machine,head_anesthesia_corner,0.0,0.0,0.0,0,1098,1,0.9353369763205829,0.9353369763205829,0.37249544626593806,0.0,79.1730636262655
10,C2_radial_echo,3Cam,radiation_shield,P1,Prop_05_radiation_shield,operator_lane,0.017241379310344827,0.13636363636363635,0.02089136490250696,0,928,22,0.9321120689655172,0.9321120689655172,0.771551724137931,0.11637931034482758,84.1793053081678
10,C2_radial_echo,3Cam,uhd_tv,P3,Prop_06_uhd_tv,screen_side,0.0,1.0,0.0,0,1721,0,0.9947704822777454,0.9947704822777454,0.6066240557815223,0.0,93.81727070564573
10,C2_radial_echo,3Cam,waste_bin,P3,Prop_07_waste_bin,waste_corner,0.0,1.0,0.0,0,272,0,0.11029411764705882,0.11029411764705882,0.0,0.0,0.0
10,C2_radial_echo,3Cam,doctor_ultrasound,P2,Prop_08_doctor_ultrasound,peripheral_support,0.0,1.0,0.0,0,1058,0,0.9848771266540642,0.9848771266540642,0.31190926275992437,0.0,125.22386633910382
10,C2_radial_echo,3Cam,ultrasound,P2,Prop_09_ultrasound,peripheral_support,0.0,1.0,0.0,0,830,0,0.9313253012048193,0.9313253012048193,0.05783132530120482,0.0,118.89550260284277
10,C2_radial_echo,3Cam,ceiling_lamp,P3,Prop_10_ceiling_lamp,ceiling_over_table,0.0,1.0,0.0,0,306,0,1.0,1.0,0.9771241830065359,0.5686274509803921,98.5411238067491
14,C2_radial_echo,3Cam,patient,P1,Prop_00_patient,table_patient,0.5226628895184136,0.6265709156193896,0.5405928424686574,1,706,557,0.7705382436260623,0.7705382436260623,0.24220963172804533,0.00424929178470255,130.62206746203836
14,C2_radial_echo,3Cam,doctor_operator,P1,Prop_01_doctor_operator,operator_lane,0.016331658291457288,1.0,0.020331560838285898,0,1592,10,1.0,1.0,0.992462311557789,0.2770100502512563,95.18721931218148
14,C2_radial_echo,3Cam,medical_trolley,P2,Prop_02_medical_trolley,operator_peripheral_equipment,0.0,1.0,0.0,0,1011,0,0.9920870425321464,0.9920870425321464,0.6656775469831849,0.0,89.13576244555028
14,C2_radial_echo,3Cam,doctor_anesthesia,P2,Prop_03_doctor_anesthesia,head_anesthesia_corner,0.039673278879813305,0.1956521739130435,0.047198914116485684,0,857,46,0.9988331388564761,0.9988331388564761,0.11085180863477247,0.0,132.19262152958063
14,C2_radial_echo,3Cam,anesthesia_machine,P2,Prop_04_anesthesia_machine,head_anesthesia_corner,0.0,0.0,0.0,0,1090,1,0.9899082568807339,0.9899082568807339,0.6798165137614679,0.0,72.17473924621038
14,C2_radial_echo,3Cam,radiation_shield,P1,Prop_05_radiation_shield,operator_lane,0.0065005417118093175,0.5,0.008099352051835854,0,923,2,0.9642470205850487,0.9642470205850487,0.800650054171181,0.24052004333694474,86.16841831577277
14,C2_radial_echo,3Cam,uhd_tv,P3,Prop_06_uhd_tv,screen_side,0.0,0.0,0.0,0,1720,1,0.9994186046511628,0.9994186046511628,0.9412790697674419,0.11511627906976744,95.27098768821233
14,C2_radial_echo,3Cam,waste_bin,P3,Prop_07_waste_bin,waste_corner,0.0,1.0,0.0,0,281,0,0.05693950177935943,0.05693950177935943,0.0,0.0,0.0
14,C2_radial_echo,3Cam,doctor_ultrasound,P2,Prop_08_doctor_ultrasound,peripheral_support,0.0,1.0,0.0,0,1075,0,0.4865116279069767,0.4865116279069767,0.011162790697674419,0.0,132.3346103188776
14,C2_radial_echo,3Cam,ultrasound,P2,Prop_09_ultrasound,peripheral_support,0.0,1.0,0.0,0,949,0,0.78609062170706,0.78609062170706,0.0,0.0,0.0
14,C2_radial_echo,3Cam,ceiling_lamp,P3,Prop_10_ceiling_lamp,ceiling_over_table,0.0,1.0,0.0,0,296,0,1.0,1.0,0.9797297297297297,0.6452702702702703,94.71810054454583
18,C2_radial_echo,3Cam,patient,P1,Prop_00_patient,table_patient,0.5347593582887701,0.6239168110918544,0.5504923848553429,1,748,577,0.7192513368983957,0.7192513368983957,0.20320855614973263,0.0,125.33561176818418
18,C2_radial_echo,3Cam,doctor_operator,P1,Prop_01_doctor_operator,operator_lane,0.025,1.0,0.03105590062111801,0,1480,21,0.9952702702702703,0.9952702702702703,0.47094594594594597,0.05337837837837838,94.86971276809089
18,C2_radial_echo,3Cam,medical_trolley,P2,Prop_02_medical_trolley,operator_peripheral_equipment,0.0,1.0,0.0,0,854,0,1.0,1.0,0.9894613583138173,0.5843091334894613,78.1302996256401
18,C2_radial_echo,3Cam,doctor_anesthesia,P2,Prop_03_doctor_anesthesia,head_anesthesia_corner,0.0,0.0,0.0,0,862,41,1.0,1.0,0.06960556844547564,0.0,134.32034583600966
18,C2_radial_echo,3Cam,anesthesia_machine,P2,Prop_04_anesthesia_machine,head_anesthesia_corner,0.0,1.0,0.0,0,1105,0,0.9800904977375565,0.9800904977375565,0.5420814479638009,0.0,74.91934795201605
18,C2_radial_echo,3Cam,radiation_shield,P1,Prop_05_radiation_shield,operator_lane,0.0,1.0,0.0,0,632,0,0.944620253164557,0.944620253164557,0.7151898734177216,0.03639240506329114,86.98795180103272
18,C2_radial_echo,3Cam,uhd_tv,P3,Prop_06_uhd_tv,screen_side,0.0,1.0,0.0,0,1718,0,0.9970896391152503,0.9970896391152503,0.610593713620489,0.0,94.01410444579498
18,C2_radial_echo,3Cam,waste_bin,P3,Prop_07_waste_bin,waste_corner,0.0,1.0,0.0,0,265,0,0.033962264150943396,0.033962264150943396,0.0,0.0,0.0
18,C2_radial_echo,3Cam,doctor_ultrasound,P2,Prop_08_doctor_ultrasound,peripheral_support,0.0,1.0,0.0,0,1099,0,0.986351228389445,0.986351228389445,0.2802547770700637,0.0,127.25069928103203
18,C2_radial_echo,3Cam,ultrasound,P2,Prop_09_ultrasound,peripheral_support,0.0,1.0,0.0,0,835,0,0.9137724550898204,0.9137724550898204,0.0,0.0,0.0
18,C2_radial_echo,3Cam,ceiling_lamp,P3,Prop_10_ceiling_lamp,ceiling_over_table,0.02727272727272727,1.0,0.03386004514672686,0,330,1,1.0,1.0,0.9939393939393939,0.5393939393939394,102.30614322684032
22,C2_radial_echo,3Cam,patient,P1,Prop_00_patient,table_patient,0.5369595536959554,0.6429872495446266,0.5552722776929306,1,717,549,0.7350069735006973,0.7350069735006973,0.2803347280334728,0.030683403068340307,115.87339611370022
22,C2_radial_echo,3Cam,doctor_operator,P1,Prop_01_doctor_operator,operator_lane,0.0,1.0,0.0,0,1752,0,0.9948630136986302,0.9948630136986302,0.5639269406392694,0.13984018264840184,92.15416153125283
22,C2_radial_echo,3Cam,medical_trolley,P2,Prop_02_medical_trolley,operator_peripheral_equipment,0.0,1.0,0.0,0,882,0,0.9988662131519275,0.9988662131519275,0.8968253968253969,0.22789115646258504,82.37599781872876
22,C2_radial_echo,3Cam,doctor_anesthesia,P2,Prop_03_doctor_anesthesia,head_anesthesia_corner,0.0,0.0,0.0,0,829,19,0.9987937273823885,0.9987937273823885,0.19782870928829915,0.0,133.87415989983387
22,C2_radial_echo,3Cam,anesthesia_machine,P2,Prop_04_anesthesia_machine,head_anesthesia_corner,0.0,1.0,0.0,0,1094,0,0.9890310786106032,0.9890310786106032,0.6681901279707495,0.0,73.64569914409849
22,C2_radial_echo,3Cam,radiation_shield,P1,Prop_05_radiation_shield,operator_lane,0.0,1.0,0.0,0,1045,0,0.9980861244019139,0.9980861244019139,0.8229665071770335,0.1416267942583732,87.29061630824367
22,C2_radial_echo,3Cam,uhd_tv,P3,Prop_06_uhd_tv,screen_side,0.005166475315729047,1.0,0.006449763508671349,0,1742,1,0.9977037887485649,0.9977037887485649,0.6417910447761194,0.0,94.67840841411937
22,C2_radial_echo,3Cam,waste_bin,P3,Prop_07_waste_bin,waste_corner,0.0,1.0,0.0,0,304,0,0.21710526315789475,0.21710526315789475,0.0,0.0,0.0
22,C2_radial_echo,3Cam,doctor_ultrasound,P2,Prop_08_doctor_ultrasound,peripheral_support,0.0,1.0,0.0,0,1045,0,0.35023923444976074,0.35023923444976074,0.003827751196172249,0.0,134.73666908694207
22,C2_radial_echo,3Cam,ultrasound,P2,Prop_09_ultrasound,peripheral_support,0.0,1.0,0.0,0,791,0,0.20859671302149177,0.20859671302149177,0.0,0.0,0.0
22,C2_radial_echo,3Cam,ceiling_lamp,P3,Prop_10_ceiling_lamp,ceiling_over_table,0.0,1.0,0.0,0,253,0,1.0,1.0,0.9920948616600791,0.6363636363636364,97.01951215207495
26,C2_radial_echo,3Cam,patient,P1,Prop_00_patient,table_patient,0.5806010928961749,0.6306027820710973,0.5899568521753213,1,732,647,0.7568306010928961,0.7568306010928961,0.2978142076502732,0.009562841530054645,121.09303900770246
26,C2_radial_echo,3Cam,doctor_operator,P1,Prop_01_doctor_operator,operator_lane,0.0,1.0,0.0,0,1661,0,0.99157134256472,0.99157134256472,0.46116797110174595,0.12101143889223359,91.4388143329005
26,C2_radial_echo,3Cam,medical_trolley,P2,Prop_02_medical_trolley,operator_peripheral_equipment,0.0,1.0,0.0,0,870,0,1.0,1.0,0.9873563218390805,0.6298850574712643,78.45870047677377
26,C2_radial_echo,3Cam,doctor_anesthesia,P2,Prop_03_doctor_anesthesia,head_anesthesia_corner,0.012925969447708578,0.25,0.015951276102088165,0,851,4,0.9988249118683902,0.9988249118683902,0.10223266745005875,0.0,132.2450581211313
26,C2_radial_echo,3Cam,anesthesia_machine,P2,Prop_04_anesthesia_machine,head_anesthesia_corner,0.0,0.0,0.0,0,1093,1,0.9634034766697164,0.9634034766697164,0.44281793229643185,0.0,75.25214735480704
26,C2_radial_echo,3Cam,radiation_shield,P1,Prop_05_radiation_shield,operator_lane,0.0,0.0,0.0,0,1068,1,0.9569288389513109,0.9569288389513109,0.7940074906367042,0.1704119850187266,85.66929186297558
26,C2_radial_echo,3Cam,uhd_tv,P3,Prop_06_uhd_tv,screen_side,0.0,1.0,0.0,0,1711,0,0.9953243717124488,0.9953243717124488,0.6399766218585622,0.0,94.36836969114346
26,C2_radial_echo,3Cam,waste_bin,P3,Prop_07_waste_bin,waste_corner,0.0,1.0,0.0,0,245,0,0.0,0.0,0.0,0.0,0.0
26,C2_radial_echo,3Cam,doctor_ultrasound,P2,Prop_08_doctor_ultrasound,peripheral_support,0.0,1.0,0.0,0,1011,0,0.9802176063303659,0.9802176063303659,0.33728981206726016,0.0,127.10072065529313
26,C2_radial_echo,3Cam,ultrasound,P2,Prop_09_ultrasound,peripheral_support,0.0,1.0,0.0,0,913,0,0.8904709748083242,0.8904709748083242,0.0208105147864184,0.0,118.56908287748298
26,C2_radial_echo,3Cam,ceiling_lamp,P3,Prop_10_ceiling_lamp,ceiling_over_table,0.0,1.0,0.0,0,297,0,1.0,1.0,0.9696969696969697,0.5117845117845118,103.75251021844092
30,C2_radial_echo,3Cam,patient,P1,Prop_00_patient,table_patient,0.5473251028806584,0.6268115942028986,0.5615676741643236,1,729,552,0.7530864197530864,0.7530864197530864,0.31412894375857336,0.04252400548696845,113.23694910500414
30,C2_radial_echo,3Cam,doctor_operator,P1,Prop_01_doctor_operator,operator_lane,0.01767825574543312,1.0,0.022000586682311533,0,1697,8,0.9988214496169712,0.9988214496169712,0.6470241602828521,0.18562168532704773,91.57495588454097
30,C2_radial_echo,3Cam,medical_trolley,P2,Prop_02_medical_trolley,operator_peripheral_equipment,0.0,1.0,0.0,0,842,0,1.0,1.0,0.9928741092636579,0.6448931116389549,79.23619788641064
30,C2_radial_echo,3Cam,doctor_anesthesia,P2,Prop_03_doctor_anesthesia,head_anesthesia_corner,0.0,0.0,0.0,0,851,7,1.0,1.0,0.04935370152761457,0.0,131.54761785275863
30,C2_radial_echo,3Cam,anesthesia_machine,P2,Prop_04_anesthesia_machine,head_anesthesia_corner,0.02629193109700816,0.4444444444444444,0.032385951197721814,0,1103,54,0.9927470534904805,0.9927470534904805,0.6482320942883046,0.0,73.98853099213362
30,C2_radial_echo,3Cam,radiation_shield,P1,Prop_05_radiation_shield,operator_lane,0.0,1.0,0.0,0,1071,0,0.954248366013072,0.954248366013072,0.6106442577030813,0.06629318394024276,90.64579933834415
30,C2_radial_echo,3Cam,uhd_tv,P3,Prop_06_uhd_tv,screen_side,0.005260081823495032,1.0,0.006566467240624544,0,1711,1,0.9994155464640561,0.9994155464640561,0.6499123319696084,0.0,95.16290694423739
30,C2_radial_echo,3Cam,waste_bin,P3,Prop_07_waste_bin,waste_corner,0.0,1.0,0.0,0,296,0,0.09121621621621621,0.09121621621621621,0.0,0.0,0.0
30,C2_radial_echo,3Cam,doctor_ultrasound,P2,Prop_08_doctor_ultrasound,peripheral_support,0.0,1.0,0.0,0,1086,0,0.9898710865561694,0.9898710865561694,0.3139963167587477,0.0,126.55388478640783
30,C2_radial_echo,3Cam,ultrasound,P2,Prop_09_ultrasound,peripheral_support,0.0,1.0,0.0,0,866,0,0.9584295612009238,0.9584295612009238,0.03579676674364896,0.0,117.73927688928747
30,C2_radial_echo,3Cam,ceiling_lamp,P3,Prop_10_ceiling_lamp,ceiling_over_table,0.0,1.0,0.0,0,330,0,1.0,1.0,0.9848484848484849,0.6181818181818182,97.31235741353731
34,C2_radial_echo,3Cam,patient,P1,Prop_00_patient,table_patient,0.5509383378016086,0.6617375231053605,0.5700270334559356,1,746,541,0.7680965147453083,0.7680965147453083,0.28418230563002683,0.0,127.3142031417725
34,C2_radial_echo,3Cam,doctor_operator,P1,Prop_01_doctor_operator,operator_lane,0.0,1.0,0.0,0,1707,0,0.9982425307557118,0.9982425307557118,0.5746924428822495,0.16695957820738136,90.73133423670085
34,C2_radial_echo,3Cam,medical_trolley,P2,Prop_02_medical_trolley,operator_peripheral_equipment,0.0,1.0,0.0,0,921,0,1.0,1.0,0.993485342019544,0.7166123778501629,80.80012651876866
34,C2_radial_echo,3Cam,doctor_anesthesia,P2,Prop_03_doctor_anesthesia,head_anesthesia_corner,0.0,0.0,0.0,0,861,6,0.9872241579558653,0.9872241579558653,0.0627177700348432,0.0,132.34244301548557
34,C2_radial_echo,3Cam,anesthesia_machine,P2,Prop_04_anesthesia_machine,head_anesthesia_corner,0.0,1.0,0.0,0,1087,0,0.9760809567617296,0.9760809567617296,0.5436982520699172,0.0,74.82143253006018
34,C2_radial_echo,3Cam,radiation_shield,P1,Prop_05_radiation_shield,operator_lane,0.0,1.0,0.0,0,932,0,0.9324034334763949,0.9324034334763949,0.796137339055794,0.20386266094420602,85.37108688317728
34,C2_radial_echo,3Cam,uhd_tv,P3,Prop_06_uhd_tv,screen_side,0.0,1.0,0.0,0,1737,0,0.998272884283247,0.998272884283247,0.6528497409326425,0.0034542314335060447,95.20458473201731
34,C2_radial_echo,3Cam,waste_bin,P3,Prop_07_waste_bin,waste_corner,0.0,1.0,0.0,0,237,0,0.08438818565400844,0.08438818565400844,0.0,0.0,0.0
34,C2_radial_echo,3Cam,doctor_ultrasound,P2,Prop_08_doctor_ultrasound,peripheral_support,0.0,0.0,0.0,0,1033,1,0.9767666989351403,0.9767666989351403,0.3436592449177154,0.0,126.19107132650828
34,C2_radial_echo,3Cam,ultrasound,P2,Prop_09_ultrasound,peripheral_support,0.0,1.0,0.0,0,838,0,0.8866348448687351,0.8866348448687351,0.0405727923627685,0.0,117.70538841006707
34,C2_radial_echo,3Cam,ceiling_lamp,P3,Prop_10_ceiling_lamp,ceiling_over_table,0.0,1.0,0.0,0,297,0,1.0,1.0,0.9865319865319865,0.5387205387205387,101.84624178864345
38,C2_radial_echo,3Cam,patient,P1,Prop_00_patient,table_patient,0.49868073878627966,0.6585365853658537,0.5241264559068219,1,758,533,0.762532981530343,0.762532981530343,0.2678100263852243,0.029023746701846966,114.2951902593227
38,C2_radial_echo,3Cam,doctor_operator,P1,Prop_01_doctor_operator,operator_lane,0.0,0.0,0.0,0,1514,1,0.9940554821664465,0.9940554821664465,0.5343461030383091,0.07926023778071334,93.83729480489188
38,C2_radial_echo,3Cam,medical_trolley,P2,Prop_02_medical_trolley,operator_peripheral_equipment,0.0,1.0,0.0,0,876,0,1.0,1.0,0.9965753424657534,0.7203196347031964,82.02151580081288
38,C2_radial_echo,3Cam,doctor_anesthesia,P2,Prop_03_doctor_anesthesia,head_anesthesia_corner,0.0,0.0,0.0,0,886,8,1.0,1.0,0.09480812641083522,0.0,131.37520243154236
38,C2_radial_echo,3Cam,anesthesia_machine,P2,Prop_04_anesthesia_machine,head_anesthesia_corner,0.0017421602787456446,1.0,0.0021767522855898995,0,1148,1,0.9825783972125436,0.9825783972125436,0.5722996515679443,0.0,77.84084069714372
38,C2_radial_echo,3Cam,radiation_shield,P1,Prop_05_radiation_shield,operator_lane,0.0,1.0,0.0,0,941,0,0.9585547290116897,0.9585547290116897,0.6535600425079703,0.015940488841657812,91.45687422892934
38,C2_radial_echo,3Cam,uhd_tv,P3,Prop_06_uhd_tv,screen_side,0.0,0.0,0.0,0,1718,1,0.9965075669383003,0.9965075669383003,0.6431897555296857,0.0,94.57603329956132
38,C2_radial_echo,3Cam,waste_bin,P3,Prop_07_waste_bin,waste_corner,0.0,1.0,0.0,0,315,0,0.3111111111111111,0.3111111111111111,0.0,0.0,0.0
38,C2_radial_echo,3Cam,doctor_ultrasound,P2,Prop_08_doctor_ultrasound,peripheral_support,0.0,1.0,0.0,0,1055,0,0.985781990521327,0.985781990521327,0.45118483412322274,0.0,129.4571042368919
38,C2_radial_echo,3Cam,ultrasound,P2,Prop_09_ultrasound,peripheral_support,0.0,1.0,0.0,0,906,0,0.8951434878587197,0.8951434878587197,0.0,0.0,0.0
38,C2_radial_echo,3Cam,ceiling_lamp,P3,Prop_10_ceiling_lamp,ceiling_over_table,0.0,1.0,0.0,0,330,0,1.0,1.0,0.9787878787878788,0.5606060606060606,100.5323295606599
3,N2_mirrored_support,3Cam,patient,P1,Prop_00_patient,table_patient,0.5312084993359893,0.6854545454545454,0.5562424567916171,1,753,550,0.7171314741035857,0.7171314741035857,0.3705179282868526,0.05046480743691899,114.42567898111577
3,N2_mirrored_support,3Cam,doctor_operator,P1,Prop_01_doctor_operator,operator_lane,0.1324435318275154,0.6125,0.15706376972925695,1,974,160,0.7402464065708418,0.7402464065708418,0.1971252566735113,0.028747433264887063,103.32708416427613
3,N2_mirrored_support,3Cam,medical_trolley,P2,Prop_02_medical_trolley,operator_peripheral_equipment,0.0,1.0,0.0,0,867,0,0.9884659746251442,0.9884659746251442,0.45213379469434833,0.08650519031141868,112.10301895716842
3,N2_mirrored_support,3Cam,doctor_anesthesia,P2,Prop_03_doctor_anesthesia,head_anesthesia_corner,0.11981020166073547,0.1070615034168565,0.11702321728798018,1,843,878,0.6322657176749703,0.6322657176749703,0.3013048635824436,0.0,111.33305437764962
3,N2_mirrored_support,3Cam,anesthesia_machine,P2,Prop_04_anesthesia_machine,head_anesthesia_corner,0.0,1.0,0.0,0,1103,0,0.42792384406165007,0.42792384406165007,0.05983680870353581,0.0,92.56439402580001
3,N2_mirrored_support,3Cam,radiation_shield,P1,Prop_05_radiation_shield,operator_lane,0.30842607313195547,0.6111111111111112,0.342338295687885,1,629,288,0.904610492845787,0.904610492845787,0.7090620031796503,0.16534181240063592,71.98085581248401
3,N2_mirrored_support,3Cam,uhd_tv,P3,Prop_06_uhd_tv,screen_side,0.0,1.0,0.0,0,1584,0,1.0,1.0,0.9659090909090909,0.01452020202020202,117.27109221555297
3,N2_mirrored_support,3Cam,waste_bin,P3,Prop_07_waste_bin,waste_corner,0.0,1.0,0.0,0,243,0,1.0,1.0,0.9835390946502057,0.0,51.1010319579284
3,N2_mirrored_support,3Cam,doctor_ultrasound,P2,Prop_08_doctor_ultrasound,peripheral_support,0.0,1.0,0.0,0,948,0,0.9367088607594937,0.9367088607594937,0.017932489451476793,0.0,94.7792029024564
3,N2_mirrored_support,3Cam,ultrasound,P2,Prop_09_ultrasound,peripheral_support,0.0,1.0,0.0,0,940,0,0.2553191489361702,0.2553191489361702,0.03297872340425532,0.0,88.07447654929052
3,N2_mirrored_support,3Cam,ceiling_lamp,P3,Prop_10_ceiling_lamp,ceiling_over_table,0.0,1.0,0.0,0,264,0,1.0,1.0,0.9659090909090909,0.23484848484848486,83.34735210899014
7,N2_mirrored_support,3Cam,patient,P1,Prop_00_patient,table_patient,0.5973154362416108,0.6550279329608939,0.6080297627371464,1,745,716,0.7798657718120805,0.7798657718120805,0.37986577181208053,0.05503355704697987,117.28225575589741
7,N2_mirrored_support,3Cam,doctor_operator,P1,Prop_01_doctor_operator,operator_lane,0.2678375411635565,0.6579804560260586,0.30387326201362275,1,911,307,0.743139407244786,0.743139407244786,0.29088913282107576,0.031833150384193196,104.69417164515403
7,N2_mirrored_support,3Cam,medical_trolley,P2,Prop_02_medical_trolley,operator_peripheral_equipment,0.0,1.0,0.0,0,888,0,0.9842342342342343,0.9842342342342343,0.46283783783783783,0.02027027027027027,125.05850287324347
7,N2_mirrored_support,3Cam,doctor_anesthesia,P2,Prop_03_doctor_anesthesia,head_anesthesia_corner,0.5096153846153846,0.43938091143594155,0.4938278358222562,1,832,1163,0.6875,0.6875,0.19591346153846154,0.006009615384615385,95.28408626883585
7,N2_mirrored_support,3Cam,anesthesia_machine,P2,Prop_04_anesthesia_machine,head_anesthesia_corner,0.0,1.0,0.0,0,1096,0,0.3156934306569343,0.3156934306569343,0.012773722627737226,0.0,90.32837193135546
7,N2_mirrored_support,3Cam,radiation_shield,P1,Prop_05_radiation_shield,operator_lane,0.22289156626506024,0.38768115942028986,0.24360078759537288,1,664,276,0.8930722891566265,0.8930722891566265,0.6039156626506024,0.12650602409638553,70.66502612069564
7,N2_mirrored_support,3Cam,uhd_tv,P3,Prop_06_uhd_tv,screen_side,0.005681818181818182,1.0,0.007092198581560284,0,1584,1,0.9987373737373737,0.9987373737373737,0.9109848484848485,0.2474747474747475,93.71711927299096
7,N2_mirrored_support,3Cam,waste_bin,P3,Prop_07_waste_bin,waste_corner,0.0,1.0,0.0,0,263,0,1.0,1.0,0.9429657794676806,0.0,52.64099151754233
7,N2_mirrored_support,3Cam,doctor_ultrasound,P2,Prop_08_doctor_ultrasound,peripheral_support,0.0,1.0,0.0,0,949,0,1.0,1.0,0.012644889357218124,0.0,94.14579182884118
7,N2_mirrored_support,3Cam,ultrasound,P2,Prop_09_ultrasound,peripheral_support,0.0,1.0,0.0,0,996,0,0.17771084337349397,0.17771084337349397,0.0030120481927710845,0.0,88.26736091105575
7,N2_mirrored_support,3Cam,ceiling_lamp,P3,Prop_10_ceiling_lamp,ceiling_over_table,0.0,1.0,0.0,0,291,0,1.0,1.0,0.9862542955326461,0.3333333333333333,92.41781781114354
11,N2_mirrored_support,3Cam,patient,P1,Prop_00_patient,table_patient,0.5623145400593472,0.6472602739726028,0.5774718967062876,1,674,584,0.6958456973293768,0.6958456973293768,0.30415430267062316,0.04599406528189911,115.14705959327372
11,N2_mirrored_support,3Cam,doctor_operator,P1,Prop_01_doctor_operator,operator_lane,0.2736943907156673,0.47418738049713194,0.2989766872817335,1,1034,523,0.7059961315280464,0.7059961315280464,0.30754352030947774,0.08704061895551257,108.26948246898691
11,N2_mirrored_support,3Cam,medical_trolley,P2,Prop_02_medical_trolley,operator_peripheral_equipment,0.0,1.0,0.0,0,887,0,0.9785794813979707,0.9785794813979707,0.4295377677564825,0.04171364148816235,120.50673361541278
11,N2_mirrored_support,3Cam,doctor_anesthesia,P2,Prop_03_doctor_anesthesia,head_anesthesia_corner,0.32193396226415094,0.20790513833992094,0.29011080124224103,1,848,1265,0.7181603773584906,0.7181603773584906,0.2535377358490566,0.0,109.19279817589141
11,N2_mirrored_support,3Cam,anesthesia_machine,P2,Prop_04_anesthesia_machine,head_anesthesia_corner,0.0,0.0,0.0,0,971,1,0.38105046343975285,0.38105046343975285,0.026776519052523172,0.0,91.1032377942592
11,N2_mirrored_support,3Cam,radiation_shield,P1,Prop_05_radiation_shield,operator_lane,0.19061302681992337,0.7209302325581395,0.22349343902386007,1,1044,215,0.9348659003831418,0.9348659003831418,0.7318007662835249,0.15804597701149425,78.95176135863397
11,N2_mirrored_support,3Cam,uhd_tv,P3,Prop_06_uhd_tv,screen_side,0.0,0.0,0.0,0,1584,1,1.0,1.0,0.9621212121212122,0.32512626262626265,94.18296847139575
11,N2_mirrored_support,3Cam,waste_bin,P3,Prop_07_waste_bin,waste_corner,0.0,1.0,0.0,0,247,0,0.9959514170040485,0.9959514170040485,0.979757085020243,0.0,53.607824656175204
11,N2_mirrored_support,3Cam,doctor_ultrasound,P2,Prop_08_doctor_ultrasound,peripheral_support,0.0,1.0,0.0,0,986,0,0.9523326572008114,0.9523326572008114,0.0,0.0,0.0
11,N2_mirrored_support,3Cam,ultrasound,P2,Prop_09_ultrasound,peripheral_support,0.0,1.0,0.0,0,1044,0,0.03065134099616858,0.03065134099616858,0.0,0.0,0.0
11,N2_mirrored_support,3Cam,ceiling_lamp,P3,Prop_10_ceiling_lamp,ceiling_over_table,0.02702702702702703,1.0,0.03355704697986577,0,333,1,1.0,1.0,0.972972972972973,0.3843843843843844,97.89614277045915
15,N2_mirrored_support,3Cam,patient,P1,Prop_00_patient,table_patient,0.41836734693877553,0.5696821515892421,0.44183895286989505,1,686,409,0.673469387755102,0.673469387755102,0.21282798833819241,0.0,136.53521419918718
15,N2_mirrored_support,3Cam,doctor_operator,P1,Prop_01_doctor_operator,operator_lane,0.20106382978723406,0.4560327198364008,0.22637745581968438,1,940,489,0.8840425531914894,0.8840425531914894,0.40425531914893614,0.07872340425531915,104.35326259631303
15,N2_mirrored_support,3Cam,medical_trolley,P2,Prop_02_medical_trolley,operator_peripheral_equipment,0.0,1.0,0.0,0,866,0,0.9872979214780601,0.9872979214780601,0.4653579676674365,0.053117782909930716,118.82569793777986
15,N2_mirrored_support,3Cam,doctor_anesthesia,P2,Prop_03_doctor_anesthesia,head_anesthesia_corner,0.17964071856287425,0.17568850902184235,0.1788361152284591,1,1002,1053,0.8912175648702595,0.8912175648702595,0.18363273453093812,0.0,105.37486862401775
15,N2_mirrored_support,3Cam,anesthesia_machine,P2,Prop_04_anesthesia_machine,head_anesthesia_corner,0.012477718360071301,1.0,0.015548645046645935,0,1122,2,0.40819964349376114,0.40819964349376114,0.09803921568627451,0.0,89.74301403811174
15,N2_mirrored_support,3Cam,radiation_shield,P1,Prop_05_radiation_shield,operator_lane,0.12284482758620689,0.7816091954022989,0.14775057750806223,1,928,87,0.9838362068965517,0.9838362068965517,0.7834051724137931,0.13900862068965517,79.31447727812106
15,N2_mirrored_support,3Cam,uhd_tv,P3,Prop_06_uhd_tv,screen_side,0.008838383838383838,1.0,0.011023622047244094,0,1584,1,1.0,1.0,0.9949494949494949,0.3813131313131313,93.56393249010297
15,N2_mirrored_support,3Cam,waste_bin,P3,Prop_07_waste_bin,waste_corner,0.0,1.0,0.0,0,282,0,1.0,1.0,0.9645390070921985,0.0,49.86111049924665
15,N2_mirrored_support,3Cam,doctor_ultrasound,P2,Prop_08_doctor_ultrasound,peripheral_support,0.0,1.0,0.0,0,981,0,0.8837920489296636,0.8837920489296636,0.0,0.0,0.0
15,N2_mirrored_support,3Cam,ultrasound,P2,Prop_09_ultrasound,peripheral_support,0.0,1.0,0.0,0,951,0,0.03995793901156677,0.03995793901156677,0.0,0.0,0.0
15,N2_mirrored_support,3Cam,ceiling_lamp,P3,Prop_10_ceiling_lamp,ceiling_over_table,0.0,1.0,0.0,0,259,0,0.9961389961389961,0.9961389961389961,0.9343629343629344,0.2548262548262548,89.7046468303214
19,N2_mirrored_support,3Cam,patient,P1,Prop_00_patient,table_patient,0.5901426718547341,0.6354609929078014,0.5986817488414933,1,771,705,0.7328145265888456,0.7328145265888456,0.35927367055771725,0.029831387808041506,112.94660613750486
19,N2_mirrored_support,3Cam,doctor_operator,P1,Prop_01_doctor_operator,operator_lane,0.17965367965367965,0.39892183288409705,0.20184227908917934,1,924,371,0.816017316017316,0.816017316017316,0.2987012987012987,0.032467532467532464,108.92179071416355
19,N2_mirrored_support,3Cam,medical_trolley,P2,Prop_02_medical_trolley,operator_peripheral_equipment,0.0,1.0,0.0,0,939,0,0.9850905218317358,0.9850905218317358,0.40894568690095845,0.04153354632587859,120.40303139970531
19,N2_mirrored_support,3Cam,doctor_anesthesia,P2,Prop_03_doctor_anesthesia,head_anesthesia_corner,0.15483234714003946,0.09688581314878893,0.13829030898257846,1,1014,867,0.8185404339250493,0.8185404339250493,0.4428007889546351,0.0,105.49808300462041
19,N2_mirrored_support,3Cam,anesthesia_machine,P2,Prop_04_anesthesia_machine,head_anesthesia_corner,0.0,0.0,0.0,0,1073,1,0.4119291705498602,0.4119291705498602,0.08014911463187326,0.0,92.51189109083758
19,N2_mirrored_support,3Cam,radiation_shield,P1,Prop_05_radiation_shield,operator_lane,0.12746113989637306,0.852112676056338,0.153583089452372,1,965,142,0.9906735751295337,0.9906735751295337,0.5067357512953368,0.1772020725388601,96.24202092978283
19,N2_mirrored_support,3Cam,uhd_tv,P3,Prop_06_uhd_tv,screen_side,0.0,1.0,0.0,0,1584,0,1.0,1.0,0.9577020202020202,0.26515151515151514,97.4192554312902
19,N2_mirrored_support,3Cam,waste_bin,P3,Prop_07_waste_bin,waste_corner,0.0,1.0,0.0,0,234,0,1.0,1.0,0.9871794871794872,0.0,49.04686441426213
19,N2_mirrored_support,3Cam,doctor_ultrasound,P2,Prop_08_doctor_ultrasound,peripheral_support,0.0,1.0,0.0,0,982,0,0.994908350305499,0.994908350305499,0.1629327902240326,0.007128309572301426,100.38470512124049
19,N2_mirrored_support,3Cam,ultrasound,P2,Prop_09_ultrasound,peripheral_support,0.0,1.0,0.0,0,1051,0,0.10751665080875357,0.10751665080875357,0.0,0.0,0.0
19,N2_mirrored_support,3Cam,ceiling_lamp,P3,Prop_10_ceiling_lamp,ceiling_over_table,0.0,1.0,0.0,0,302,0,1.0,1.0,0.9602649006622517,0.27483443708609273,88.35176061842053
23,N2_mirrored_support,3Cam,patient,P1,Prop_00_patient,table_patient,0.2828418230563003,0.5703703703703704,0.31455588124823336,1,746,270,0.6447721179624665,0.6447721179624665,0.3042895442359249,0.0,135.4850429473218
23,N2_mirrored_support,3Cam,doctor_operator,P1,Prop_01_doctor_operator,operator_lane,0.24494142705005326,0.478494623655914,0.2714393312541107,1,939,372,0.739084132055378,0.739084132055378,0.24813631522896698,0.03301384451544196,106.39531504494694
23,N2_mirrored_support,3Cam,medical_trolley,P2,Prop_02_medical_trolley,operator_peripheral_equipment,0.002176278563656148,1.0,0.0027188689505165853,0,919,1,0.9738846572361263,0.9738846572361263,0.4200217627856366,0.03264417845484222,122.10131772312583
23,N2_mirrored_support,3Cam,doctor_anesthesia,P2,Prop_03_doctor_anesthesia,head_anesthesia_corner,0.1366223908918406,0.09519136408243375,0.12568203740228331,1,1054,1019,0.7760910815939279,0.7760910815939279,0.3795066413662239,0.0,105.3235535429224
23,N2_mirrored_support,3Cam,anesthesia_machine,P2,Prop_04_anesthesia_machine,head_anesthesia_corner,0.0,1.0,0.0,0,1231,0,0.5028432168968319,0.5028432168968319,0.11372867587327376,0.0,93.53096694003307
23,N2_mirrored_support,3Cam,radiation_shield,P1,Prop_05_radiation_shield,operator_lane,0.2245119305856833,0.8465909090909091,0.26319068033805276,1,922,176,0.9587852494577006,0.9587852494577006,0.6789587852494577,0.10303687635574837,72.41908811384656
23,N2_mirrored_support,3Cam,uhd_tv,P3,Prop_06_uhd_tv,screen_side,0.0,1.0,0.0,0,1584,0,1.0,1.0,0.9955808080808081,0.38446969696969696,93.42808492304631
23,N2_mirrored_support,3Cam,waste_bin,P3,Prop_07_waste_bin,waste_corner,0.0,1.0,0.0,0,324,0,1.0,1.0,0.9567901234567902,0.0,53.21283096809406
23,N2_mirrored_support,3Cam,doctor_ultrasound,P2,Prop_08_doctor_ultrasound,peripheral_support,0.0,1.0,0.0,0,967,0,0.9989658738366081,0.9989658738366081,0.09513960703205791,0.001034126163391934,99.51994231909364
23,N2_mirrored_support,3Cam,ultrasound,P2,Prop_09_ultrasound,peripheral_support,0.0,1.0,0.0,0,1021,0,0.2732615083251714,0.2732615083251714,0.021547502448579822,0.0,88.75960246636673
23,N2_mirrored_support,3Cam,ceiling_lamp,P3,Prop_10_ceiling_lamp,ceiling_over_table,0.06291390728476821,1.0,0.07742461287693561,1,302,2,1.0,1.0,0.9834437086092715,0.3443708609271523,93.46390534869786
27,N2_mirrored_support,3Cam,patient,P1,Prop_00_patient,table_patient,0.4888268156424581,0.6328871892925431,0.5121419868898726,1,716,523,0.6508379888268156,0.6508379888268156,0.34217877094972066,0.046089385474860335,115.3913651358436
27,N2_mirrored_support,3Cam,doctor_operator,P1,Prop_01_doctor_operator,operator_lane,0.05192107995846314,0.24242424242424243,0.06160290765724143,1,963,231,0.9574247144340602,0.9574247144340602,0.43613707165109034,0.06853582554517133,109.79743475791558
27,N2_mirrored_support,3Cam,medical_trolley,P2,Prop_02_medical_trolley,operator_peripheral_equipment,0.0,1.0,0.0,0,995,0,0.9798994974874372,0.9798994974874372,0.4040201005025126,0.061306532663316586,114.51198799305837
27,N2_mirrored_support,3Cam,doctor_anesthesia,P2,Prop_03_doctor_anesthesia,head_anesthesia_corner,0.07345739471106758,0.06222222222222222,0.07089708444180363,1,1021,900,0.9676787463271302,0.9676787463271302,0.4593535749265426,0.0,106.67471664100101
27,N2_mirrored_support,3Cam,anesthesia_machine,P2,Prop_04_anesthesia_machine,head_anesthesia_corner,0.005235602094240838,0.5,0.006527415143603133,0,1146,2,0.3787085514834206,0.3787085514834206,0.03664921465968586,0.0,94.29095336911523
27,N2_mirrored_support,3Cam,radiation_shield,P1,Prop_05_radiation_shield,operator_lane,0.19028871391076116,0.8193548387096774,0.22480839707889474,1,762,155,0.994750656167979,0.994750656167979,0.8622047244094488,0.2572178477690289,77.09453929944048
27,N2_mirrored_support,3Cam,uhd_tv,P3,Prop_06_uhd_tv,screen_side,0.0,0.0,0.0,0,1584,2,0.9974747474747475,0.9974747474747475,0.7165404040404041,0.008838383838383838,115.35424559744415
27,N2_mirrored_support,3Cam,waste_bin,P3,Prop_07_waste_bin,waste_corner,0.0,1.0,0.0,0,234,0,1.0,1.0,0.9700854700854701,0.0,50.741924950640644
27,N2_mirrored_support,3Cam,doctor_ultrasound,P2,Prop_08_doctor_ultrasound,peripheral_support,0.0,0.0,0.0,0,975,1,1.0,1.0,0.008205128205128205,0.0,96.13851351136539
27,N2_mirrored_support,3Cam,ultrasound,P2,Prop_09_ultrasound,peripheral_support,0.0,1.0,0.0,0,930,0,0.31827956989247314,0.31827956989247314,0.007526881720430108,0.0,87.9609054471284
27,N2_mirrored_support,3Cam,ceiling_lamp,P3,Prop_10_ceiling_lamp,ceiling_over_table,0.041916167664670656,1.0,0.05185185185185186,0,334,2,1.0,1.0,0.9790419161676647,0.281437125748503,96.65085098180309
31,N2_mirrored_support,3Cam,patient,P1,Prop_00_patient,table_patient,0.5163934426229508,0.6469500924214417,0.5381119956267724,1,732,541,0.73224043715847,0.73224043715847,0.2540983606557377,0.02459016393442623,117.53395777889024
31,N2_mirrored_support,3Cam,doctor_operator,P1,Prop_01_doctor_operator,operator_lane,0.21547502448579825,0.4196078431372549,0.2386997858394445,1,1021,510,0.89128305582762,0.89128305582762,0.3907933398628795,0.05680705190989226,104.81408963171741
31,N2_mirrored_support,3Cam,medical_trolley,P2,Prop_02_medical_trolley,operator_peripheral_equipment,0.0,1.0,0.0,0,1042,0,0.9875239923224568,0.9875239923224568,0.42706333973128596,0.061420345489443376,115.08075239562272
31,N2_mirrored_support,3Cam,doctor_anesthesia,P2,Prop_03_doctor_anesthesia,head_anesthesia_corner,0.18345705196182396,0.13032145960034752,0.16962491649486286,1,943,1151,0.9003181336161188,0.9003181336161188,0.256627783669141,0.0,104.20002076198415
31,N2_mirrored_support,3Cam,anesthesia_machine,P2,Prop_04_anesthesia_machine,head_anesthesia_corner,0.0,1.0,0.0,0,1261,0,0.4520222045995242,0.4520222045995242,0.08247422680412371,0.0,92.08126617149937
31,N2_mirrored_support,3Cam,radiation_shield,P1,Prop_05_radiation_shield,operator_lane,0.16830708661417323,0.8653846153846154,0.20062887178524497,1,1016,156,0.9645669291338582,0.9645669291338582,0.7578740157480315,0.12696850393700787,79.18360027174609
31,N2_mirrored_support,3Cam,uhd_tv,P3,Prop_06_uhd_tv,screen_side,0.0,0.0,0.0,0,1584,1,0.9981060606060606,0.9981060606060606,0.6900252525252525,0.2222222222222222,91.23806527173868
31,N2_mirrored_support,3Cam,waste_bin,P3,Prop_07_waste_bin,waste_corner,0.0,1.0,0.0,0,317,0,1.0,1.0,0.9716088328075709,0.0,51.75584713850092
31,N2_mirrored_support,3Cam,doctor_ultrasound,P2,Prop_08_doctor_ultrasound,peripheral_support,0.0,1.0,0.0,0,910,0,0.9989010989010989,0.9989010989010989,0.002197802197802198,0.0,99.94731711780616
31,N2_mirrored_support,3Cam,ultrasound,P2,Prop_09_ultrasound,peripheral_support,0.0,1.0,0.0,0,1031,0,0.07371483996120272,0.07371483996120272,0.0,0.0,0.0
31,N2_mirrored_support,3Cam,ceiling_lamp,P3,Prop_10_ceiling_lamp,ceiling_over_table,0.0,1.0,0.0,0,250,0,1.0,1.0,0.996,0.392,90.52221634472939
35,N2_mirrored_support,3Cam,patient,P1,Prop_00_patient,table_patient,0.5593922651933702,0.6702127659574468,0.5785242021059506,1,724,564,0.6906077348066298,0.6906077348066298,0.35911602209944754,0.03867403314917127,115.05030376001429
35,N2_mirrored_support,3Cam,doctor_operator,P1,Prop_01_doctor_operator,operator_lane,0.2695961995249406,0.5993975903614458,0.30293215092355646,1,842,332,0.6995249406175772,0.6995249406175772,0.25415676959619954,0.057007125890736345,104.10389123591037
35,N2_mirrored_support,3Cam,medical_trolley,P2,Prop_02_medical_trolley,operator_peripheral_equipment,0.0,1.0,0.0,0,912,0,0.9780701754385965,0.9780701754385965,0.4155701754385965,0.04276315789473684,120.02169028307766
35,N2_mirrored_support,3Cam,doctor_anesthesia,P2,Prop_03_doctor_anesthesia,head_anesthesia_corner,0.2069672131147541,0.14711359404096835,0.19139341313056202,1,976,1074,0.6813524590163934,0.6813524590163934,0.2827868852459016,0.0,109.49409741340155
35,N2_mirrored_support,3Cam,anesthesia_machine,P2,Prop_04_anesthesia_machine,head_anesthesia_corner,0.0,1.0,0.0,0,1101,0,0.4223433242506812,0.4223433242506812,0.09355131698455948,0.0,94.12484647047042
35,N2_mirrored_support,3Cam,radiation_shield,P1,Prop_05_radiation_shield,operator_lane,0.1678391959798995,0.8363636363636363,0.19977635034977767,1,995,165,0.9557788944723619,0.9557788944723619,0.4743718592964824,0.17386934673366833,95.66877427166148
35,N2_mirrored_support,3Cam,uhd_tv,P3,Prop_06_uhd_tv,screen_side,0.005681818181818182,1.0,0.007092198581560284,0,1584,1,1.0,1.0,0.9640151515151515,0.29419191919191917,96.02358195138399
35,N2_mirrored_support,3Cam,waste_bin,P3,Prop_07_waste_bin,waste_corner,0.0,1.0,0.0,0,251,0,1.0,1.0,0.9840637450199203,0.0,53.27512910232719
35,N2_mirrored_support,3Cam,doctor_ultrasound,P2,Prop_08_doctor_ultrasound,peripheral_support,0.0,1.0,0.0,0,863,0,1.0,1.0,0.07300115874855156,0.002317497103128621,104.9489782101452
35,N2_mirrored_support,3Cam,ultrasound,P2,Prop_09_ultrasound,peripheral_support,0.0,1.0,0.0,0,1013,0,0.01085883514313919,0.01085883514313919,0.0,0.0,0.0
35,N2_mirrored_support,3Cam,ceiling_lamp,P3,Prop_10_ceiling_lamp,ceiling_over_table,0.0,1.0,0.0,0,294,0,0.9965986394557823,0.9965986394557823,0.9523809523809523,0.43197278911564624,100.2554620303546
39,N2_mirrored_support,3Cam,patient,P1,Prop_00_patient,table_patient,0.46380697050938335,0.6986607142857143,0.49723599632690535,1,746,448,0.6032171581769437,0.6032171581769437,0.24932975871313673,0.03753351206434316,118.92670902161615
39,N2_mirrored_support,3Cam,doctor_operator,P1,Prop_01_doctor_operator,operator_lane,0.12622309197651663,0.2864321608040201,0.1421215600320078,1,1022,398,0.8140900195694716,0.8140900195694716,0.3131115459882583,0.09980430528375733,106.53402096056493
39,N2_mirrored_support,3Cam,medical_trolley,P2,Prop_02_medical_trolley,operator_peripheral_equipment,0.0,1.0,0.0,0,949,0,0.9915700737618546,0.9915700737618546,0.43414120126448896,0.01791359325605901,125.43932640959856
39,N2_mirrored_support,3Cam,doctor_anesthesia,P2,Prop_03_doctor_anesthesia,head_anesthesia_corner,0.3088757396449704,0.26275704493526275,0.2984007746589492,1,845,1313,0.8603550295857988,0.8603550295857988,0.3680473372781065,0.015384615384615385,99.39169464441387
39,N2_mirrored_support,3Cam,anesthesia_machine,P2,Prop_04_anesthesia_machine,head_anesthesia_corner,0.0,1.0,0.0,0,1066,0,0.46622889305816134,0.46622889305816134,0.027204502814258912,0.0,90.56497795731866
39,N2_mirrored_support,3Cam,radiation_shield,P1,Prop_05_radiation_shield,operator_lane,0.1976112920738328,0.5512367491166078,0.22669711438654763,1,921,283,0.9305103148751357,0.9305103148751357,0.7231270358306189,0.20521172638436483,80.10318515915033
39,N2_mirrored_support,3Cam,uhd_tv,P3,Prop_06_uhd_tv,screen_side,0.0,0.0,0.0,0,1584,3,0.9987373737373737,0.9987373737373737,0.6079545454545454,0.0707070707070707,105.25663040698375
39,N2_mirrored_support,3Cam,waste_bin,P3,Prop_07_waste_bin,waste_corner,0.0,1.0,0.0,0,299,0,1.0,1.0,0.9899665551839465,0.0,50.93505903466223
39,N2_mirrored_support,3Cam,doctor_ultrasound,P2,Prop_08_doctor_ultrasound,peripheral_support,0.0,1.0,0.0,0,937,0,0.9402347918890075,0.9402347918890075,0.014941302027748132,0.0,93.93795887076094
39,N2_mirrored_support,3Cam,ultrasound,P2,Prop_09_ultrasound,peripheral_support,0.0,1.0,0.0,0,888,0,0.07432432432432433,0.07432432432432433,0.0,0.0,0.0
39,N2_mirrored_support,3Cam,ceiling_lamp,P3,Prop_10_ceiling_lamp,ceiling_over_table,0.0,1.0,0.0,0,331,0,1.0,1.0,0.9546827794561934,0.28700906344410876,92.53558824255539
0,C1_standard_cath,4CamAsym,patient,P1,Prop_00_patient,table_patient,0.5900537634408602,0.6547945205479452,0.6019570877304506,1,744,730,0.7809139784946236,0.7809139784946236,0.6263440860215054,0.2513440860215054,98.69979798209833
0,C1_standard_cath,4CamAsym,doctor_operator,P1,Prop_01_doctor_operator,operator_lane,0.004560260586319218,1.0,0.00569383439075972,0,1535,1,1.0,1.0,0.9843648208469056,0.6899022801302932,99.34259975200202
0,C1_standard_cath,4CamAsym,medical_trolley,P2,Prop_02_medical_trolley,operator_peripheral_equipment,0.00683371298405467,1.0,0.008527572484366117,0,878,1,0.9954441913439636,0.9954441913439636,0.9134396355353075,0.5421412300683371,81.69842086432523
0,C1_standard_cath,4CamAsym,doctor_anesthesia,P2,Prop_03_doctor_anesthesia,head_anesthesia_corner,0.017921146953405017,0.6666666666666666,0.022251891410769914,0,837,3,1.0,1.0,0.977299880525687,0.2066905615292712,100.46741019641395
0,C1_standard_cath,4CamAsym,anesthesia_machine,P2,Prop_04_anesthesia_machine,head_anesthesia_corner,0.0030643513789581204,0.3333333333333333,0.0038216560509554136,0,979,3,1.0,1.0,0.9816138917262512,0.4157303370786517,79.52316924655177
0,C1_standard_cath,4CamAsym,radiation_shield,P1,Prop_05_radiation_shield,operator_lane,0.009966777408637873,1.0,0.012427506213753103,0,903,1,1.0,1.0,0.9988925802879292,0.9401993355481728,93.2113438571034
0,C1_standard_cath,4CamAsym,uhd_tv,P3,Prop_06_uhd_tv,screen_side,0.0,1.0,0.0,0,1706,0,1.0,1.0,0.9982415005861665,0.854630715123095,95.51565458414798
0,C1_standard_cath,4CamAsym,waste_bin,P3,Prop_07_waste_bin,waste_corner,0.0,1.0,0.0,0,307,0,0.0781758957654723,0.0781758957654723,0.0,0.0,0.0
0,C1_standard_cath,4CamAsym,doctor_ultrasound,P2,Prop_08_doctor_ultrasound,peripheral_support,0.0,1.0,0.0,0,943,0,0.9766702014846236,0.9766702014846236,0.43478260869565216,0.0,133.6126025187226
0,C1_standard_cath,4CamAsym,ultrasound,P2,Prop_09_ultrasound,peripheral_support,0.0,1.0,0.0,0,890,0,0.9831460674157303,0.9831460674157303,0.0022471910112359553,0.0,120.30882722388634
0,C1_standard_cath,4CamAsym,ceiling_lamp,P3,Prop_10_ceiling_lamp,ceiling_over_table,0.0,1.0,0.0,0,298,0,1.0,1.0,1.0,0.9228187919463087,113.75048683618338
4,C1_standard_cath,4CamAsym,patient,P1,Prop_00_patient,table_patient,0.5392156862745098,0.6639209225700164,0.5602626776334747,1,714,607,0.8025210084033614,0.8025210084033614,0.5882352941176471,0.15126050420168066,91.39470101877079
4,C1_standard_cath,4CamAsym,doctor_operator,P1,Prop_01_doctor_operator,operator_lane,0.0,1.0,0.0,0,1406,0,0.9971550497866287,0.9971550497866287,0.8805120910384068,0.49359886201991465,88.87154812134938
4,C1_standard_cath,4CamAsym,medical_trolley,P2,Prop_02_medical_trolley,operator_peripheral_equipment,0.0,1.0,0.0,0,1022,0,0.9951076320939335,0.9951076320939335,0.8835616438356164,0.6438356164383562,82.21202780771202
4,C1_standard_cath,4CamAsym,doctor_anesthesia,P2,Prop_03_doctor_anesthesia,head_anesthesia_corner,0.0,0.0,0.0,0,934,1,0.9967880085653105,0.9967880085653105,0.9271948608137045,0.1745182012847966,103.73905805620905
4,C1_standard_cath,4CamAsym,anesthesia_machine,P2,Prop_04_anesthesia_machine,head_anesthesia_corner,0.010178117048346057,1.0,0.01269035532994924,0,1179,1,1.0,1.0,0.9558948261238338,0.32061068702290074,81.9178886986341
4,C1_standard_cath,4CamAsym,radiation_shield,P1,Prop_05_radiation_shield,operator_lane,0.0,1.0,0.0,0,999,0,1.0,1.0,0.996996996996997,0.8948948948948949,92.11396799401514
4,C1_standard_cath,4CamAsym,uhd_tv,P3,Prop_06_uhd_tv,screen_side,0.0,1.0,0.0,0,1659,0,1.0,1.0,0.97166968053044,0.7516576250753466,92.13113352968132
4,C1_standard_cath,4CamAsym,waste_bin,P3,Prop_07_waste_bin,waste_corner,0.0,1.0,0.0,0,238,0,0.17647058823529413,0.17647058823529413,0.0,0.0,0.0
4,C1_standard_cath,4CamAsym,doctor_ultrasound,P2,Prop_08_doctor_ultrasound,peripheral_support,0.0,0.0,0.0,0,934,2,0.9721627408993576,0.9721627408993576,0.1734475374732334,0.0,131.37992551764737
4,C1_standard_cath,4CamAsym,ultrasound,P2,Prop_09_ultrasound,peripheral_support,0.0,1.0,0.0,0,897,0,0.9743589743589743,0.9743589743589743,0.0,0.0,0.0
4,C1_standard_cath,4CamAsym,ceiling_lamp,P3,Prop_10_ceiling_lamp,ceiling_over_table,0.0,1.0,0.0,0,253,0,1.0,1.0,1.0,0.9486166007905138,113.77184186244796
8,C1_standard_cath,4CamAsym,patient,P1,Prop_00_patient,table_patient,0.5663129973474801,0.64,0.5796609594271266,1,754,675,0.7824933687002652,0.7824933687002652,0.5358090185676393,0.11803713527851459,87.94290879101078
8,C1_standard_cath,4CamAsym,doctor_operator,P1,Prop_01_doctor_operator,operator_lane,0.0,1.0,0.0,0,1419,0,0.9978858350951374,0.9978858350951374,0.7751937984496124,0.2861169837914024,77.25847159118652
8,C1_standard_cath,4CamAsym,medical_trolley,P2,Prop_02_medical_trolley,operator_peripheral_equipment,0.010570824524312896,1.0,0.013178703215603584,0,946,1,0.9989429175475687,0.9989429175475687,0.9101479915433404,0.6067653276955602,82.4951286748873
8,C1_standard_cath,4CamAsym,doctor_anesthesia,P2,Prop_03_doctor_anesthesia,head_anesthesia_corner,0.0011402508551881414,1.0,0.0014249073810202336,0,877,1,0.9988597491448119,0.9988597491448119,0.8905359179019384,0.13568985176738882,101.90472985792572
8,C1_standard_cath,4CamAsym,anesthesia_machine,P2,Prop_04_anesthesia_machine,head_anesthesia_corner,0.0,1.0,0.0,0,965,0,1.0,1.0,0.9854922279792746,0.41865284974093264,79.37257944270625
8,C1_standard_cath,4CamAsym,radiation_shield,P1,Prop_05_radiation_shield,operator_lane,0.0,1.0,0.0,0,1004,0,1.0,1.0,0.9920318725099602,0.8386454183266933,89.41931063312475
8,C1_standard_cath,4CamAsym,uhd_tv,P3,Prop_06_uhd_tv,screen_side,0.0,1.0,0.0,0,1705,0,0.9994134897360704,0.9994134897360704,0.950733137829912,0.5624633431085044,84.47698689612868
8,C1_standard_cath,4CamAsym,waste_bin,P3,Prop_07_waste_bin,waste_corner,0.0,1.0,0.0,0,314,0,0.10191082802547771,0.10191082802547771,0.0,0.0,0.0
8,C1_standard_cath,4CamAsym,doctor_ultrasound,P2,Prop_08_doctor_ultrasound,peripheral_support,0.0,1.0,0.0,0,887,0,0.963923337091319,0.963923337091319,0.09019165727170236,0.0,130.25030756697998
8,C1_standard_cath,4CamAsym,ultrasound,P2,Prop_09_ultrasound,peripheral_support,0.0,1.0,0.0,0,1050,0,0.9447619047619048,0.9447619047619048,0.0,0.0,0.0
8,C1_standard_cath,4CamAsym,ceiling_lamp,P3,Prop_10_ceiling_lamp,ceiling_over_table,0.0,1.0,0.0,0,302,0,1.0,1.0,0.9966887417218543,0.9337748344370861,115.01304805738899
12,C1_standard_cath,4CamAsym,patient,P1,Prop_00_patient,table_patient,0.5303244005641748,0.6226415094339622,0.5465308855139364,1,709,583,0.7870239774330042,0.7870239774330042,0.5684062059238364,0.17912552891396333,93.4157170568349
12,C1_standard_cath,4CamAsym,doctor_operator,P1,Prop_01_doctor_operator,operator_lane,0.0,0.0,0.0,0,1394,1,0.9985652797704447,0.9985652797704447,0.8751793400286944,0.28263988522238165,75.31919818977099
12,C1_standard_cath,4CamAsym,medical_trolley,P2,Prop_02_medical_trolley,operator_peripheral_equipment,0.0,1.0,0.0,0,1006,0,1.0,1.0,0.9990059642147118,0.9781312127236581,83.04482980821626
12,C1_standard_cath,4CamAsym,doctor_anesthesia,P2,Prop_03_doctor_anesthesia,head_anesthesia_corner,0.0,0.0,0.0,0,942,1,1.0,1.0,0.975583864118896,0.05626326963906582,97.3527694747509
12,C1_standard_cath,4CamAsym,anesthesia_machine,P2,Prop_04_anesthesia_machine,head_anesthesia_corner,0.019527235354573486,1.0,0.024290462797238562,0,973,3,0.998972250770812,0.998972250770812,0.9198355601233299,0.27132579650565264,82.32247381494237
12,C1_standard_cath,4CamAsym,radiation_shield,P1,Prop_05_radiation_shield,operator_lane,0.0,1.0,0.0,0,938,0,1.0,1.0,0.9957356076759062,0.8251599147121536,88.65693325007686
12,C1_standard_cath,4CamAsym,uhd_tv,P3,Prop_06_uhd_tv,screen_side,0.0,0.0,0.0,0,1676,1,1.0,1.0,0.9170644391408115,0.5871121718377088,85.47418641747512
12,C1_standard_cath,4CamAsym,waste_bin,P3,Prop_07_waste_bin,waste_corner,0.0,1.0,0.0,0,242,0,0.045454545454545456,0.045454545454545456,0.0,0.0,0.0
12,C1_standard_cath,4CamAsym,doctor_ultrasound,P2,Prop_08_doctor_ultrasound,peripheral_support,0.0,1.0,0.0,0,934,0,0.911134903640257,0.911134903640257,0.08779443254817987,0.0,126.76266982099084
12,C1_standard_cath,4CamAsym,ultrasound,P2,Prop_09_ultrasound,peripheral_support,0.0,1.0,0.0,0,1051,0,0.851569933396765,0.851569933396765,0.02093244529019981,0.0,120.26347338473512
12,C1_standard_cath,4CamAsym,ceiling_lamp,P3,Prop_10_ceiling_lamp,ceiling_over_table,0.0,1.0,0.0,0,295,0,1.0,1.0,1.0,0.9728813559322034,113.43595960150118
16,C1_standard_cath,4CamAsym,patient,P1,Prop_00_patient,table_patient,0.5931307793923382,0.6651234567901234,0.6062549341486949,1,757,648,0.7701453104359313,0.7701453104359313,0.582562747688243,0.15323645970937913,90.58617416307628
16,C1_standard_cath,4CamAsym,doctor_operator,P1,Prop_01_doctor_operator,operator_lane,0.0,1.0,0.0,0,1511,0,0.9947054930509597,0.9947054930509597,0.8193249503639973,0.3487756452680344,77.60676056266165
16,C1_standard_cath,4CamAsym,medical_trolley,P2,Prop_02_medical_trolley,operator_peripheral_equipment,0.0,1.0,0.0,0,1045,0,1.0,1.0,0.9980861244019139,0.937799043062201,83.02346233842225
16,C1_standard_cath,4CamAsym,doctor_anesthesia,P2,Prop_03_doctor_anesthesia,head_anesthesia_corner,0.0,0.0,0.0,0,828,1,1.0,1.0,0.9830917874396136,0.2041062801932367,100.07626736367979
16,C1_standard_cath,4CamAsym,anesthesia_machine,P2,Prop_04_anesthesia_machine,head_anesthesia_corner,0.018357487922705314,0.6206896551724138,0.022778436413528523,0,1035,29,0.9990338164251208,0.9990338164251208,0.9439613526570049,0.28502415458937197,77.82638703619132
16,C1_standard_cath,4CamAsym,radiation_shield,P1,Prop_05_radiation_shield,operator_lane,0.0,1.0,0.0,0,780,0,1.0,1.0,0.9923076923076923,0.8589743589743589,89.5287216930317
16,C1_standard_cath,4CamAsym,uhd_tv,P3,Prop_06_uhd_tv,screen_side,0.0,0.0,0.0,0,1701,1,0.9994121105232217,0.9994121105232217,0.9271017048794826,0.5637860082304527,84.16261282483075
16,C1_standard_cath,4CamAsym,waste_bin,P3,Prop_07_waste_bin,waste_corner,0.0,1.0,0.0,0,289,0,0.020761245674740483,0.020761245674740483,0.0,0.0,0.0
16,C1_standard_cath,4CamAsym,doctor_ultrasound,P2,Prop_08_doctor_ultrasound,peripheral_support,0.0,1.0,0.0,0,1038,0,1.0,1.0,0.9296724470134875,0.0,133.2555646217107
16,C1_standard_cath,4CamAsym,ultrasound,P2,Prop_09_ultrasound,peripheral_support,0.0,1.0,0.0,0,985,0,0.966497461928934,0.966497461928934,0.03147208121827411,0.0,120.81773824286013
16,C1_standard_cath,4CamAsym,ceiling_lamp,P3,Prop_10_ceiling_lamp,ceiling_over_table,0.0,1.0,0.0,0,253,0,1.0,1.0,0.9960474308300395,0.9565217391304348,114.41320617493484
20,C1_standard_cath,4CamAsym,patient,P1,Prop_00_patient,table_patient,0.5110246433203631,0.6494464944649446,0.5337783538960339,1,771,542,0.795071335927367,0.795071335927367,0.5732814526588845,0.11284046692607004,86.26225727958413
20,C1_standard_cath,4CamAsym,doctor_operator,P1,Prop_01_doctor_operator,operator_lane,0.0007380073800738007,1.0,0.0009223390518354548,0,1355,1,0.9918819188191882,0.9918819188191882,0.7542435424354244,0.2878228782287823,76.89998614686424
20,C1_standard_cath,4CamAsym,medical_trolley,P2,Prop_02_medical_trolley,operator_peripheral_equipment,0.0,1.0,0.0,0,879,0,1.0,1.0,1.0,0.9840728100113766,83.33772586583056
20,C1_standard_cath,4CamAsym,doctor_anesthesia,P2,Prop_03_doctor_anesthesia,head_anesthesia_corner,0.0,0.0,0.0,0,828,1,1.0,1.0,0.9734299516908212,0.25966183574879226,101.06750934148191
20,C1_standard_cath,4CamAsym,anesthesia_machine,P2,Prop_04_anesthesia_machine,head_anesthesia_corner,0.010967098703888335,1.0,0.013671389510315683,0,1003,2,0.9990029910269193,0.9990029910269193,0.9182452642073778,0.25523429710867396,79.81593100209236
20,C1_standard_cath,4CamAsym,radiation_shield,P1,Prop_05_radiation_shield,operator_lane,0.0,1.0,0.0,0,1006,0,1.0,1.0,0.9930417495029821,0.8121272365805169,88.38968344471425
20,C1_standard_cath,4CamAsym,uhd_tv,P3,Prop_06_uhd_tv,screen_side,0.00546448087431694,0.5,0.0068119891008174395,0,1647,2,0.9993928354584092,0.9993928354584092,0.9550698239222829,0.5579842137219186,84.19794385636143
20,C1_standard_cath,4CamAsym,waste_bin,P3,Prop_07_waste_bin,waste_corner,0.0,1.0,0.0,0,251,0,0.035856573705179286,0.035856573705179286,0.0,0.0,0.0
20,C1_standard_cath,4CamAsym,doctor_ultrasound,P2,Prop_08_doctor_ultrasound,peripheral_support,0.0,1.0,0.0,0,983,0,0.9989827060020345,0.9989827060020345,0.9420142421159715,0.0,131.98591844890325
20,C1_standard_cath,4CamAsym,ultrasound,P2,Prop_09_ultrasound,peripheral_support,0.0,1.0,0.0,0,1017,0,0.983284169124877,0.983284169124877,0.03736479842674533,0.0,120.15846430998454
20,C1_standard_cath,4CamAsym,ceiling_lamp,P3,Prop_10_ceiling_lamp,ceiling_over_table,0.0,1.0,0.0,0,274,0,1.0,1.0,0.9963503649635036,0.9416058394160584,113.36036885388411
24,C1_standard_cath,4CamAsym,patient,P1,Prop_00_patient,table_patient,0.596100278551532,0.6812080536912751,0.6113769421301509,1,718,596,0.7729805013927576,0.7729805013927576,0.5612813370473537,0.11977715877437325,87.27628791717827
24,C1_standard_cath,4CamAsym,doctor_operator,P1,Prop_01_doctor_operator,operator_lane,0.0,1.0,0.0,0,1582,0,0.9974715549936789,0.9974715549936789,0.7414664981036663,0.24778761061946902,75.01176462993102
24,C1_standard_cath,4CamAsym,medical_trolley,P2,Prop_02_medical_trolley,operator_peripheral_equipment,0.0,1.0,0.0,0,946,0,1.0,1.0,0.9968287526427061,0.8382663847780126,82.12811099200836
24,C1_standard_cath,4CamAsym,doctor_anesthesia,P2,Prop_03_doctor_anesthesia,head_anesthesia_corner,0.0,0.0,0.0,0,864,1,1.0,1.0,0.9745370370370371,0.09953703703703703,97.48116594176904
24,C1_standard_cath,4CamAsym,anesthesia_machine,P2,Prop_04_anesthesia_machine,head_anesthesia_corner,0.0,1.0,0.0,0,965,0,0.9989637305699481,0.9989637305699481,0.8715025906735752,0.21450777202072538,81.94533984613724
24,C1_standard_cath,4CamAsym,radiation_shield,P1,Prop_05_radiation_shield,operator_lane,0.0,1.0,0.0,0,1026,0,0.9990253411306043,0.9990253411306043,0.9912280701754386,0.7602339181286549,87.84468257432967
24,C1_standard_cath,4CamAsym,uhd_tv,P3,Prop_06_uhd_tv,screen_side,0.010532475131655939,0.6666666666666666,0.013113798630336588,0,1709,3,0.9994148624926857,0.9994148624926857,0.9338794616734932,0.5342305441778818,84.01253815474243
24,C1_standard_cath,4CamAsym,waste_bin,P3,Prop_07_waste_bin,waste_corner,0.0,1.0,0.0,0,260,0,0.0,0.0,0.0,0.0,0.0
24,C1_standard_cath,4CamAsym,doctor_ultrasound,P2,Prop_08_doctor_ultrasound,peripheral_support,0.0,0.0,0.0,0,898,2,0.9988864142538976,0.9988864142538976,0.9276169265033407,0.0,134.5270302727604
24,C1_standard_cath,4CamAsym,ultrasound,P2,Prop_09_ultrasound,peripheral_support,0.0,1.0,0.0,0,1013,0,0.9851924975320829,0.9851924975320829,0.0,0.0,0.0
24,C1_standard_cath,4CamAsym,ceiling_lamp,P3,Prop_10_ceiling_lamp,ceiling_over_table,0.0,1.0,0.0,0,267,0,1.0,1.0,1.0,0.9550561797752809,113.97874988380059
28,C1_standard_cath,4CamAsym,patient,P1,Prop_00_patient,table_patient,0.5626666666666666,0.6498257839721254,0.5781764700696724,1,750,574,0.752,0.752,0.5213333333333333,0.08933333333333333,82.57109869697007
28,C1_standard_cath,4CamAsym,doctor_operator,P1,Prop_01_doctor_operator,operator_lane,0.0,1.0,0.0,0,1422,0,0.9943741209563994,0.9943741209563994,0.8312236286919831,0.30450070323488043,75.86170777689804
28,C1_standard_cath,4CamAsym,medical_trolley,P2,Prop_02_medical_trolley,operator_peripheral_equipment,0.0,1.0,0.0,0,828,0,1.0,1.0,1.0,0.9903381642512077,83.96899128983499
28,C1_standard_cath,4CamAsym,doctor_anesthesia,P2,Prop_03_doctor_anesthesia,head_anesthesia_corner,0.0,1.0,0.0,0,855,0,1.0,1.0,0.9824561403508771,0.12631578947368421,96.48988195446825
28,C1_standard_cath,4CamAsym,anesthesia_machine,P2,Prop_04_anesthesia_machine,head_anesthesia_corner,0.018018018018018018,1.0,0.02242152466367713,0,1110,2,0.9990990990990991,0.9990990990990991,0.836036036036036,0.21981981981981982,81.43756307644779
28,C1_standard_cath,4CamAsym,radiation_shield,P1,Prop_05_radiation_shield,operator_lane,0.0,1.0,0.0,0,919,0,1.0,1.0,0.9912948857453754,0.7867247007616975,88.2904919708096
28,C1_standard_cath,4CamAsym,uhd_tv,P3,Prop_06_uhd_tv,screen_side,0.0,1.0,0.0,0,1656,0,0.9993961352657005,0.9993961352657005,0.913647342995169,0.5791062801932367,85.3058947462639
28,C1_standard_cath,4CamAsym,waste_bin,P3,Prop_07_waste_bin,waste_corner,0.0,1.0,0.0,0,248,0,0.0,0.0,0.0,0.0,0.0
28,C1_standard_cath,4CamAsym,doctor_ultrasound,P2,Prop_08_doctor_ultrasound,peripheral_support,0.0,1.0,0.0,0,917,0,0.9967284623773174,0.9967284623773174,0.8407851690294439,0.0,130.96177245830353
28,C1_standard_cath,4CamAsym,ultrasound,P2,Prop_09_ultrasound,peripheral_support,0.0,1.0,0.0,0,955,0,0.974869109947644,0.974869109947644,0.0,0.0,0.0
28,C1_standard_cath,4CamAsym,ceiling_lamp,P3,Prop_10_ceiling_lamp,ceiling_over_table,0.0,1.0,0.0,0,302,0,1.0,1.0,0.9966887417218543,0.9503311258278145,113.05859805659976
32,C1_standard_cath,4CamAsym,patient,P1,Prop_00_patient,table_patient,0.5410497981157469,0.6188976377952756,0.55501220432442,1,743,635,0.7698519515477793,0.7698519515477793,0.5612382234185733,0.18707940780619112,93.34956896795114
32,C1_standard_cath,4CamAsym,doctor_operator,P1,Prop_01_doctor_operator,operator_lane,0.0,1.0,0.0,0,1589,0,0.9974826935179358,0.9974826935179358,0.8099433606041535,0.2844556324732536,75.0762201332412
32,C1_standard_cath,4CamAsym,medical_trolley,P2,Prop_02_medical_trolley,operator_peripheral_equipment,0.01201923076923077,1.0,0.014979029358897543,0,832,1,1.0,1.0,0.9951923076923077,0.8052884615384616,81.84733977894885
32,C1_standard_cath,4CamAsym,doctor_anesthesia,P2,Prop_03_doctor_anesthesia,head_anesthesia_corner,0.0,0.0,0.0,0,871,1,1.0,1.0,0.9758897818599311,0.19747416762342135,97.93385758122743
32,C1_standard_cath,4CamAsym,anesthesia_machine,P2,Prop_04_anesthesia_machine,head_anesthesia_corner,0.0,1.0,0.0,0,959,0,0.9968717413972888,0.9968717413972888,0.9030239833159541,0.23879040667361837,79.73443333615148
32,C1_standard_cath,4CamAsym,radiation_shield,P1,Prop_05_radiation_shield,operator_lane,0.0,1.0,0.0,0,705,0,1.0,1.0,0.9872340425531915,0.6879432624113475,86.32226999165194
32,C1_standard_cath,4CamAsym,uhd_tv,P3,Prop_06_uhd_tv,screen_side,0.0,0.0,0.0,0,1696,2,1.0,1.0,0.9428066037735849,0.5512971698113207,84.37303348089799
32,C1_standard_cath,4CamAsym,waste_bin,P3,Prop_07_waste_bin,waste_corner,0.0,1.0,0.0,0,257,0,0.06614785992217899,0.06614785992217899,0.0,0.0,0.0
32,C1_standard_cath,4CamAsym,doctor_ultrasound,P2,Prop_08_doctor_ultrasound,peripheral_support,0.0,1.0,0.0,0,953,0,0.9989506820566632,0.9989506820566632,0.8363064008394544,0.0,131.01138473739516
32,C1_standard_cath,4CamAsym,ultrasound,P2,Prop_09_ultrasound,peripheral_support,0.0,1.0,0.0,0,1093,0,0.9817017383348582,0.9817017383348582,0.0018298261665141812,0.0,120.57880864965203
32,C1_standard_cath,4CamAsym,ceiling_lamp,P3,Prop_10_ceiling_lamp,ceiling_over_table,0.0,1.0,0.0,0,256,0,1.0,1.0,1.0,0.953125,112.02198532134206
36,C1_standard_cath,4CamAsym,patient,P1,Prop_00_patient,table_patient,0.5518169582772544,0.6632124352331606,0.5709983331374879,1,743,579,0.765814266487214,0.765814266487214,0.6123822341857336,0.15881561238223418,89.36064484985705
36,C1_standard_cath,4CamAsym,doctor_operator,P1,Prop_01_doctor_operator,operator_lane,0.0,1.0,0.0,0,1366,0,0.9970717423133236,0.9970717423133236,0.8499267935578331,0.3330893118594436,78.81711614753591
36,C1_standard_cath,4CamAsym,medical_trolley,P2,Prop_02_medical_trolley,operator_peripheral_equipment,0.0,1.0,0.0,0,947,0,1.0,1.0,1.0,0.9873284054910243,83.8919664701683
36,C1_standard_cath,4CamAsym,doctor_anesthesia,P2,Prop_03_doctor_anesthesia,head_anesthesia_corner,0.0,0.0,0.0,0,836,1,1.0,1.0,0.9796650717703349,0.1303827751196172,96.62574404051546
36,C1_standard_cath,4CamAsym,anesthesia_machine,P2,Prop_04_anesthesia_machine,head_anesthesia_corner,0.0,0.0,0.0,0,1049,2,1.0,1.0,0.9513822688274547,0.3279313632030505,80.67300859869731
36,C1_standard_cath,4CamAsym,radiation_shield,P1,Prop_05_radiation_shield,operator_lane,0.0,1.0,0.0,0,1052,0,1.0,1.0,0.9790874524714829,0.5104562737642585,81.87327811231086
36,C1_standard_cath,4CamAsym,uhd_tv,P3,Prop_06_uhd_tv,screen_side,0.0,1.0,0.0,0,1648,0,0.9993932038834952,0.9993932038834952,0.9205097087378641,0.5849514563106796,85.73401564489886
36,C1_standard_cath,4CamAsym,waste_bin,P3,Prop_07_waste_bin,waste_corner,0.0,1.0,0.0,0,266,0,0.08270676691729323,0.08270676691729323,0.0,0.0,0.0
36,C1_standard_cath,4CamAsym,doctor_ultrasound,P2,Prop_08_doctor_ultrasound,peripheral_support,0.0,0.0,0.0,0,991,1,0.9969727547931383,0.9969727547931383,0.8163471241170535,0.0,131.42585634932337
36,C1_standard_cath,4CamAsym,ultrasound,P2,Prop_09_ultrasound,peripheral_support,0.0,1.0,0.0,0,1021,0,0.9823702252693438,0.9823702252693438,0.007835455435847209,0.0,120.4339111424767
36,C1_standard_cath,4CamAsym,ceiling_lamp,P3,Prop_10_ceiling_lamp,ceiling_over_table,0.0,1.0,0.0,0,331,0,1.0,1.0,1.0,0.9607250755287009,112.71495045768975
1,N1_mirrored_head,4CamAsym,patient,P1,Prop_00_patient,table_patient,0.4128065395095368,0.5328282828282829,0.4322811582130242,1,734,396,0.7302452316076294,0.7302452316076294,0.4318801089918256,0.10626702997275204,103.77746779914986
1,N1_mirrored_head,4CamAsym,doctor_operator,P1,Prop_01_doctor_operator,operator_lane,0.0,0.0,0.0,0,872,181,0.9988532110091743,0.9988532110091743,0.7350917431192661,0.38876146788990823,103.6379409756378
1,N1_mirrored_head,4CamAsym,medical_trolley,P2,Prop_02_medical_trolley,operator_peripheral_equipment,0.0,1.0,0.0,0,863,0,0.984936268829664,0.984936268829664,0.5886442641946698,0.15063731170336037,102.01875730820878
1,N1_mirrored_head,4CamAsym,doctor_anesthesia,P2,Prop_03_doctor_anesthesia,head_anesthesia_corner,0.0,0.0,0.0,0,989,318,1.0,1.0,1.0,0.813953488372093,99.759846858543
1,N1_mirrored_head,4CamAsym,anesthesia_machine,P2,Prop_04_anesthesia_machine,head_anesthesia_corner,0.0,1.0,0.0,0,1116,0,0.8512544802867383,0.8512544802867383,0.45878136200716846,0.07885304659498207,97.69358002003108
1,N1_mirrored_head,4CamAsym,radiation_shield,P1,Prop_05_radiation_shield,operator_lane,0.0,0.0,0.0,0,865,1,1.0,1.0,0.9907514450867052,0.7398843930635838,92.12095782046794
1,N1_mirrored_head,4CamAsym,uhd_tv,P3,Prop_06_uhd_tv,screen_side,0.0,0.0,0.0,0,1584,1,1.0,1.0,1.0,0.8781565656565656,99.74767404183191
1,N1_mirrored_head,4CamAsym,waste_bin,P3,Prop_07_waste_bin,waste_corner,0.0,1.0,0.0,0,263,0,1.0,1.0,0.9695817490494296,0.0,50.82505257777877
1,N1_mirrored_head,4CamAsym,doctor_ultrasound,P2,Prop_08_doctor_ultrasound,peripheral_support,0.0,1.0,0.0,0,932,0,0.9881974248927039,0.9881974248927039,0.30579399141630903,0.0,98.23486926100706
1,N1_mirrored_head,4CamAsym,ultrasound,P2,Prop_09_ultrasound,peripheral_support,0.0,1.0,0.0,0,851,0,0.7755581668625147,0.7755581668625147,0.0,0.0,0.0
1,N1_mirrored_head,4CamAsym,ceiling_lamp,P3,Prop_10_ceiling_lamp,ceiling_over_table,0.0,1.0,0.0,0,302,0,1.0,1.0,0.9966887417218543,0.8410596026490066,112.17139490365379
5,N1_mirrored_head,4CamAsym,patient,P1,Prop_00_patient,table_patient,0.5699208443271768,0.6055312954876274,0.5767038744724331,1,758,687,0.7546174142480211,0.7546174142480211,0.4656992084432718,0.13984168865435356,104.34332428604785
5,N1_mirrored_head,4CamAsym,doctor_operator,P1,Prop_01_doctor_operator,operator_lane,0.0,0.0,0.0,0,1028,159,1.0,1.0,0.7675097276264592,0.42996108949416345,102.48468180890688
5,N1_mirrored_head,4CamAsym,medical_trolley,P2,Prop_02_medical_trolley,operator_peripheral_equipment,0.0,1.0,0.0,0,854,0,0.9824355971896955,0.9824355971896955,0.47892271662763464,0.04332552693208431,100.78442387435992
5,N1_mirrored_head,4CamAsym,doctor_anesthesia,P2,Prop_03_doctor_anesthesia,head_anesthesia_corner,0.0,0.0,0.0,0,1006,87,1.0,1.0,0.9990059642147118,0.6809145129224652,97.41605389778576
5,N1_mirrored_head,4CamAsym,anesthesia_machine,P2,Prop_04_anesthesia_machine,head_anesthesia_corner,0.0,1.0,0.0,0,1104,0,0.8541666666666666,0.8541666666666666,0.4166666666666667,0.06068840579710145,96.44080801921285
5,N1_mirrored_head,4CamAsym,radiation_shield,P1,Prop_05_radiation_shield,operator_lane,0.0,1.0,0.0,0,991,0,1.0,1.0,0.992936427850656,0.8577194752774975,92.36885578868092
5,N1_mirrored_head,4CamAsym,uhd_tv,P3,Prop_06_uhd_tv,screen_side,0.0,1.0,0.0,0,1584,0,1.0,1.0,0.9987373737373737,0.8200757575757576,104.98496340692813
5,N1_mirrored_head,4CamAsym,waste_bin,P3,Prop_07_waste_bin,waste_corner,0.0,1.0,0.0,0,241,0,1.0,1.0,0.966804979253112,0.0,51.04224758107857
5,N1_mirrored_head,4CamAsym,doctor_ultrasound,P2,Prop_08_doctor_ultrasound,peripheral_support,0.0,1.0,0.0,0,956,0,0.9696652719665272,0.9696652719665272,0.20815899581589958,0.0,96.73852439213475
5,N1_mirrored_head,4CamAsym,ultrasound,P2,Prop_09_ultrasound,peripheral_support,0.0,1.0,0.0,0,971,0,0.38722966014418125,0.38722966014418125,0.003089598352214212,0.0,89.14321735680544
5,N1_mirrored_head,4CamAsym,ceiling_lamp,P3,Prop_10_ceiling_lamp,ceiling_over_table,0.030405405405405407,1.0,0.037720033528918694,0,296,1,1.0,1.0,0.9831081081081081,0.8344594594594594,111.10129419028048
9,N1_mirrored_head,4CamAsym,patient,P1,Prop_00_patient,table_patient,0.2946666666666667,0.541795665634675,0.32424633163587835,1,750,323,0.7306666666666667,0.7306666666666667,0.472,0.128,102.38734468321591
9,N1_mirrored_head,4CamAsym,doctor_operator,P1,Prop_01_doctor_operator,operator_lane,0.05075593952483801,0.1559633027522936,0.05867148374968791,1,926,327,0.9989200863930886,0.9989200863930886,0.765658747300216,0.4038876889848812,104.07483972400496
9,N1_mirrored_head,4CamAsym,medical_trolley,P2,Prop_02_medical_trolley,operator_peripheral_equipment,0.00641025641025641,1.0,0.008,0,936,1,0.9967948717948718,0.9967948717948718,0.8814102564102564,0.25961538461538464,99.60029543066769
9,N1_mirrored_head,4CamAsym,doctor_anesthesia,P2,Prop_03_doctor_anesthesia,head_anesthesia_corner,0.048582995951417005,0.06192660550458716,0.050770966528770216,0,988,436,1.0,1.0,0.9979757085020243,0.6538461538461539,94.13127656036696
9,N1_mirrored_head,4CamAsym,anesthesia_machine,P2,Prop_04_anesthesia_machine,head_anesthesia_corner,0.0,1.0,0.0,0,1127,0,0.9077196095829636,0.9077196095829636,0.5048802129547472,0.06654835847382432,101.43803382158065
9,N1_mirrored_head,4CamAsym,radiation_shield,P1,Prop_05_radiation_shield,operator_lane,0.0,1.0,0.0,0,876,0,1.0,1.0,0.9908675799086758,0.8207762557077626,92.11423745435616
9,N1_mirrored_head,4CamAsym,uhd_tv,P3,Prop_06_uhd_tv,screen_side,0.017045454545454544,0.75,0.0211864406779661,0,1584,4,1.0,1.0,0.9993686868686869,0.8737373737373737,99.82513894890465
9,N1_mirrored_head,4CamAsym,waste_bin,P3,Prop_07_waste_bin,waste_corner,0.0,1.0,0.0,0,316,0,1.0,1.0,0.9493670886075949,0.0,51.88772842236017
9,N1_mirrored_head,4CamAsym,doctor_ultrasound,P2,Prop_08_doctor_ultrasound,peripheral_support,0.0,1.0,0.0,0,908,0,0.9019823788546255,0.9019823788546255,0.1288546255506608,0.0,94.30674453085625
9,N1_mirrored_head,4CamAsym,ultrasound,P2,Prop_09_ultrasound,peripheral_support,0.0,1.0,0.0,0,870,0,0.5057471264367817,0.5057471264367817,0.009195402298850575,0.0,89.39852817835524
9,N1_mirrored_head,4CamAsym,ceiling_lamp,P3,Prop_10_ceiling_lamp,ceiling_over_table,0.0,1.0,0.0,0,250,0,1.0,1.0,0.992,0.852,110.73341700624378
13,N1_mirrored_head,4CamAsym,patient,P1,Prop_00_patient,table_patient,0.4568733153638814,0.5982905982905983,0.479543130590123,1,742,468,0.7601078167115903,0.7601078167115903,0.48247978436657685,0.11994609164420485,99.1377313199079
13,N1_mirrored_head,4CamAsym,doctor_operator,P1,Prop_01_doctor_operator,operator_lane,0.14500537056928034,0.27923627684964203,0.1604292740004022,1,931,419,0.9387755102040817,0.9387755102040817,0.6143931256713212,0.27604726100966703,102.34065226494673
13,N1_mirrored_head,4CamAsym,medical_trolley,P2,Prop_02_medical_trolley,operator_peripheral_equipment,0.0,1.0,0.0,0,835,0,0.98562874251497,0.98562874251497,0.6359281437125749,0.059880239520958084,108.92692731118926
13,N1_mirrored_head,4CamAsym,doctor_anesthesia,P2,Prop_03_doctor_anesthesia,head_anesthesia_corner,0.15232558139534882,0.24021592442645073,0.16435224016092678,1,860,741,0.9941860465116279,0.9941860465116279,0.9767441860465116,0.7965116279069767,102.89045288771867
13,N1_mirrored_head,4CamAsym,anesthesia_machine,P2,Prop_04_anesthesia_machine,head_anesthesia_corner,0.0,1.0,0.0,0,1012,0,0.7687747035573123,0.7687747035573123,0.358695652173913,0.03162055335968379,104.42913844546813
13,N1_mirrored_head,4CamAsym,radiation_shield,P1,Prop_05_radiation_shield,operator_lane,0.0,1.0,0.0,0,1067,0,1.0,1.0,0.9887535145267105,0.8481724461105904,92.63628829131018
13,N1_mirrored_head,4CamAsym,uhd_tv,P3,Prop_06_uhd_tv,screen_side,0.010732323232323232,0.5,0.013343799058084773,0,1584,4,1.0,1.0,1.0,0.8667929292929293,99.84983689247528
13,N1_mirrored_head,4CamAsym,waste_bin,P3,Prop_07_waste_bin,waste_corner,0.0,1.0,0.0,0,259,0,1.0,1.0,0.9575289575289575,0.0,52.80202046811691
13,N1_mirrored_head,4CamAsym,doctor_ultrasound,P2,Prop_08_doctor_ultrasound,peripheral_support,0.0,1.0,0.0,0,917,0,0.9661941112322792,0.9661941112322792,0.2420937840785169,0.0,96.7782480284837
13,N1_mirrored_head,4CamAsym,ultrasound,P2,Prop_09_ultrasound,peripheral_support,0.0,1.0,0.0,0,937,0,0.7033084311632871,0.7033084311632871,0.023479188900747065,0.0,91.31677660395387
13,N1_mirrored_head,4CamAsym,ceiling_lamp,P3,Prop_10_ceiling_lamp,ceiling_over_table,0.0,1.0,0.0,0,270,0,1.0,1.0,0.9962962962962963,0.9037037037037037,110.4206888023405
17,N1_mirrored_head,4CamAsym,patient,P1,Prop_00_patient,table_patient,0.5026525198938993,0.618595825426945,0.5222287689494645,1,754,527,0.7625994694960212,0.7625994694960212,0.5092838196286472,0.1843501326259947,99.75748103634109
17,N1_mirrored_head,4CamAsym,doctor_operator,P1,Prop_01_doctor_operator,operator_lane,0.005112474437627812,0.009345794392523364,0.005621767483696875,0,978,321,0.9989775051124744,0.9989775051124744,0.7678936605316974,0.4601226993865031,102.48414103434281
17,N1_mirrored_head,4CamAsym,medical_trolley,P2,Prop_02_medical_trolley,operator_peripheral_equipment,0.0,1.0,0.0,0,868,0,0.9953917050691244,0.9953917050691244,0.7453917050691244,0.13018433179723501,106.70619709003323
17,N1_mirrored_head,4CamAsym,doctor_anesthesia,P2,Prop_03_doctor_anesthesia,head_anesthesia_corner,0.0,0.0,0.0,0,1036,389,1.0,1.0,0.9922779922779923,0.7355212355212355,96.78775245316571
17,N1_mirrored_head,4CamAsym,anesthesia_machine,P2,Prop_04_anesthesia_machine,head_anesthesia_corner,0.0,1.0,0.0,0,1078,0,0.9647495361781077,0.9647495361781077,0.5834879406307978,0.1567717996289425,96.16844039145064
17,N1_mirrored_head,4CamAsym,radiation_shield,P1,Prop_05_radiation_shield,operator_lane,0.0,1.0,0.0,0,731,0,1.0,1.0,0.9931600547195623,0.8207934336525308,92.22033335538285
17,N1_mirrored_head,4CamAsym,uhd_tv,P3,Prop_06_uhd_tv,screen_side,0.005050505050505051,0.5,0.006297229219143577,0,1584,2,0.9993686868686869,0.9993686868686869,0.9116161616161617,0.5902777777777778,93.339395110606
17,N1_mirrored_head,4CamAsym,waste_bin,P3,Prop_07_waste_bin,waste_corner,0.0,1.0,0.0,0,262,0,1.0,1.0,0.9885496183206107,0.0,48.67577837023689
17,N1_mirrored_head,4CamAsym,doctor_ultrasound,P2,Prop_08_doctor_ultrasound,peripheral_support,0.0,1.0,0.0,0,869,0,0.998849252013809,0.998849252013809,0.24856156501726123,0.0,98.64874336822561
17,N1_mirrored_head,4CamAsym,ultrasound,P2,Prop_09_ultrasound,peripheral_support,0.0,1.0,0.0,0,945,0,0.7238095238095238,0.7238095238095238,0.0,0.0,0.0
17,N1_mirrored_head,4CamAsym,ceiling_lamp,P3,Prop_10_ceiling_lamp,ceiling_over_table,0.0,1.0,0.0,0,330,0,0.996969696969697,0.996969696969697,0.9878787878787879,0.7818181818181819,112.00532035950343
21,N1_mirrored_head,4CamAsym,patient,P1,Prop_00_patient,table_patient,0.5361111111111111,0.6463878326996197,0.555049922350529,1,720,526,0.7777777777777778,0.7777777777777778,0.4930555555555556,0.1638888888888889,104.36904715620226
21,N1_mirrored_head,4CamAsym,doctor_operator,P1,Prop_01_doctor_operator,operator_lane,0.006741573033707865,0.005649717514124294,0.0064906966681090444,0,890,177,0.9921348314606742,0.9921348314606742,0.8325842696629213,0.37865168539325844,101.81921287029557
21,N1_mirrored_head,4CamAsym,medical_trolley,P2,Prop_02_medical_trolley,operator_peripheral_equipment,0.0,1.0,0.0,0,937,0,0.9818569903948773,0.9818569903948773,0.4215581643543223,0.06510138740661686,93.09655009558347
21,N1_mirrored_head,4CamAsym,doctor_anesthesia,P2,Prop_03_doctor_anesthesia,head_anesthesia_corner,0.0,0.0,0.0,0,885,374,1.0,1.0,0.9954802259887006,0.7887005649717514,101.9532057202669
21,N1_mirrored_head,4CamAsym,anesthesia_machine,P2,Prop_04_anesthesia_machine,head_anesthesia_corner,0.0,0.0,0.0,0,992,1,0.9193548387096774,0.9193548387096774,0.5161290322580645,0.09274193548387097,98.59227503415639
21,N1_mirrored_head,4CamAsym,radiation_shield,P1,Prop_05_radiation_shield,operator_lane,0.0,0.0,0.0,0,917,1,1.0,1.0,0.9792802617230099,0.5997818974918212,92.32585400993388
21,N1_mirrored_head,4CamAsym,uhd_tv,P3,Prop_06_uhd_tv,screen_side,0.0,0.0,0.0,0,1584,17,1.0,1.0,0.9987373737373737,0.875,99.49631808544736
21,N1_mirrored_head,4CamAsym,waste_bin,P3,Prop_07_waste_bin,waste_corner,0.0,1.0,0.0,0,260,0,1.0,1.0,0.9653846153846154,0.0,52.44409509862092
21,N1_mirrored_head,4CamAsym,doctor_ultrasound,P2,Prop_08_doctor_ultrasound,peripheral_support,0.0,1.0,0.0,0,912,0,0.8103070175438597,0.8103070175438597,0.23355263157894737,0.0,95.97252713028907
21,N1_mirrored_head,4CamAsym,ultrasound,P2,Prop_09_ultrasound,peripheral_support,0.0,1.0,0.0,0,881,0,0.5788876276958003,0.5788876276958003,0.0,0.0,0.0
21,N1_mirrored_head,4CamAsym,ceiling_lamp,P3,Prop_10_ceiling_lamp,ceiling_over_table,0.0,1.0,0.0,0,291,0,1.0,1.0,0.9896907216494846,0.8969072164948454,110.83376391543686
25,N1_mirrored_head,4CamAsym,patient,P1,Prop_00_patient,table_patient,0.5365853658536586,0.6404293381037567,0.5545697789043798,1,738,559,0.8021680216802168,0.8021680216802168,0.6056910569105691,0.24254742547425473,102.65978653816853
25,N1_mirrored_head,4CamAsym,doctor_operator,P1,Prop_01_doctor_operator,operator_lane,0.0944206008583691,0.30451127819548873,0.1095348151062156,1,932,266,0.9924892703862661,0.9924892703862661,0.6866952789699571,0.27467811158798283,101.55513123260899
25,N1_mirrored_head,4CamAsym,medical_trolley,P2,Prop_02_medical_trolley,operator_peripheral_equipment,0.0,1.0,0.0,0,873,0,0.9873997709049256,0.9873997709049256,0.33104238258877433,0.058419243986254296,96.22605052075687
25,N1_mirrored_head,4CamAsym,doctor_anesthesia,P2,Prop_03_doctor_anesthesia,head_anesthesia_corner,0.10570824524312897,0.18600953895071543,0.1156977066143489,1,946,629,1.0,1.0,0.9830866807610994,0.7653276955602537,101.23078077764133
25,N1_mirrored_head,4CamAsym,anesthesia_machine,P2,Prop_04_anesthesia_machine,head_anesthesia_corner,0.0,1.0,0.0,0,1094,0,0.9424131627056673,0.9424131627056673,0.5923217550274223,0.0740402193784278,101.73462015183182
25,N1_mirrored_head,4CamAsym,radiation_shield,P1,Prop_05_radiation_shield,operator_lane,0.0,1.0,0.0,0,937,0,0.9989327641408752,0.9989327641408752,0.9935965848452508,0.8687299893276414,92.27745384684928
25,N1_mirrored_head,4CamAsym,uhd_tv,P3,Prop_06_uhd_tv,screen_side,0.003787878787878788,0.5,0.004725897920604915,0,1584,2,0.9987373737373737,0.9987373737373737,0.928030303030303,0.6300505050505051,100.64501533754844
25,N1_mirrored_head,4CamAsym,waste_bin,P3,Prop_07_waste_bin,waste_corner,0.0,1.0,0.0,0,250,0,1.0,1.0,0.968,0.0,51.23552995669147
25,N1_mirrored_head,4CamAsym,doctor_ultrasound,P2,Prop_08_doctor_ultrasound,peripheral_support,0.0,1.0,0.0,0,943,0,0.809119830328738,0.809119830328738,0.0,0.0,0.0
25,N1_mirrored_head,4CamAsym,ultrasound,P2,Prop_09_ultrasound,peripheral_support,0.006042296072507553,1.0,0.007541478129713423,0,993,2,0.1782477341389728,0.1782477341389728,0.0,0.0,0.0
25,N1_mirrored_head,4CamAsym,ceiling_lamp,P3,Prop_10_ceiling_lamp,ceiling_over_table,0.0,1.0,0.0,0,250,0,0.996,0.996,0.968,0.812,111.37867921997908
29,N1_mirrored_head,4CamAsym,patient,P1,Prop_00_patient,table_patient,0.55249343832021,0.6671597633136095,0.5721611770179673,1,762,676,0.7808398950131233,0.7808398950131233,0.5433070866141733,0.14960629921259844,96.8756462205339
29,N1_mirrored_head,4CamAsym,doctor_operator,P1,Prop_01_doctor_operator,operator_lane,0.13821138211382114,0.27479338842975204,0.1534670938314509,1,984,484,0.959349593495935,0.959349593495935,0.6321138211382114,0.3201219512195122,102.1209323817201
29,N1_mirrored_head,4CamAsym,medical_trolley,P2,Prop_02_medical_trolley,operator_peripheral_equipment,0.0,1.0,0.0,0,1033,0,0.9864472410454985,0.9864472410454985,0.5508228460793805,0.1868344627299129,96.6538346116891
29,N1_mirrored_head,4CamAsym,doctor_anesthesia,P2,Prop_03_doctor_anesthesia,head_anesthesia_corner,0.14243027888446216,0.1389351081530782,0.14171724676520786,1,1004,1202,0.9970119521912351,0.9970119521912351,0.9591633466135459,0.6444223107569721,97.26639662414529
29,N1_mirrored_head,4CamAsym,anesthesia_machine,P2,Prop_04_anesthesia_machine,head_anesthesia_corner,0.0,1.0,0.0,0,1104,0,0.9420289855072463,0.9420289855072463,0.5751811594202898,0.14673913043478262,90.5772720757362
29,N1_mirrored_head,4CamAsym,radiation_shield,P1,Prop_05_radiation_shield,operator_lane,0.10423452768729642,0.4864864864864865,0.12366884232222605,1,921,111,1.0,1.0,0.990228013029316,0.8056460369163952,91.4949969616951
29,N1_mirrored_head,4CamAsym,uhd_tv,P3,Prop_06_uhd_tv,screen_side,0.0,0.0,0.0,0,1584,12,1.0,1.0,0.913510101010101,0.6117424242424242,94.19307325485106
29,N1_mirrored_head,4CamAsym,waste_bin,P3,Prop_07_waste_bin,waste_corner,0.0,1.0,0.0,0,270,0,1.0,1.0,0.9666666666666667,0.0,49.853352475073265
29,N1_mirrored_head,4CamAsym,doctor_ultrasound,P2,Prop_08_doctor_ultrasound,peripheral_support,0.0,1.0,0.0,0,905,0,0.7160220994475138,0.7160220994475138,0.10165745856353592,0.0,93.43638454207039
29,N1_mirrored_head,4CamAsym,ultrasound,P2,Prop_09_ultrasound,peripheral_support,0.0,1.0,0.0,0,1048,0,0.6288167938931297,0.6288167938931297,0.0057251908396946565,0.0,91.1760540500029
29,N1_mirrored_head,4CamAsym,ceiling_lamp,P3,Prop_10_ceiling_lamp,ceiling_over_table,0.04491017964071856,1.0,0.05551443375277571,0,334,1,1.0,1.0,0.9970059880239521,0.8562874251497006,111.62343945276263
33,N1_mirrored_head,4CamAsym,patient,P1,Prop_00_patient,table_patient,0.5445945945945946,0.6395563770794824,0.5612619074645202,1,740,541,0.7716216216216216,0.7716216216216216,0.4797297297297297,0.20135135135135135,103.97743729048257
33,N1_mirrored_head,4CamAsym,doctor_operator,P1,Prop_01_doctor_operator,operator_lane,0.0032537960954446853,0.01639344262295082,0.003874967708602429,0,922,61,0.9978308026030369,0.9978308026030369,0.7830802603036876,0.4793926247288503,103.00492680228689
33,N1_mirrored_head,4CamAsym,medical_trolley,P2,Prop_02_medical_trolley,operator_peripheral_equipment,0.0,1.0,0.0,0,998,0,0.9959919839679359,0.9959919839679359,0.8186372745490982,0.16132264529058116,101.95864742155095
33,N1_mirrored_head,4CamAsym,doctor_anesthesia,P2,Prop_03_doctor_anesthesia,head_anesthesia_corner,0.0,0.0,0.0,0,1085,24,1.0,1.0,0.9917050691244239,0.7695852534562212,96.85749270869066
33,N1_mirrored_head,4CamAsym,anesthesia_machine,P2,Prop_04_anesthesia_machine,head_anesthesia_corner,0.0,0.0,0.0,0,1143,1,0.9133858267716536,0.9133858267716536,0.5459317585301837,0.09973753280839895,93.58349154611628
33,N1_mirrored_head,4CamAsym,radiation_shield,P1,Prop_05_radiation_shield,operator_lane,0.0,1.0,0.0,0,854,0,1.0,1.0,0.9918032786885246,0.8946135831381733,92.2141382392077
33,N1_mirrored_head,4CamAsym,uhd_tv,P3,Prop_06_uhd_tv,screen_side,0.0,1.0,0.0,0,1584,0,1.0,1.0,0.9305555555555556,0.7828282828282829,98.0088398643343
33,N1_mirrored_head,4CamAsym,waste_bin,P3,Prop_07_waste_bin,waste_corner,0.0,1.0,0.0,0,255,0,1.0,1.0,0.9568627450980393,0.0,51.247446033708094
33,N1_mirrored_head,4CamAsym,doctor_ultrasound,P2,Prop_08_doctor_ultrasound,peripheral_support,0.0,1.0,0.0,0,935,0,0.8299465240641711,0.8299465240641711,0.17433155080213902,0.0,96.28016641078815
33,N1_mirrored_head,4CamAsym,ultrasound,P2,Prop_09_ultrasound,peripheral_support,0.0,1.0,0.0,0,862,0,0.8236658932714617,0.8236658932714617,0.025522041763341066,0.0,91.88454132061842
33,N1_mirrored_head,4CamAsym,ceiling_lamp,P3,Prop_10_ceiling_lamp,ceiling_over_table,0.0,1.0,0.0,0,296,0,1.0,1.0,0.9966216216216216,0.8378378378378378,111.39380731357788
37,N1_mirrored_head,4CamAsym,patient,P1,Prop_00_patient,table_patient,0.5453333333333333,0.6685714285714286,0.5662071821570136,1,750,525,0.7586666666666667,0.7586666666666667,0.5306666666666666,0.24133333333333334,104.64254039607442
37,N1_mirrored_head,4CamAsym,doctor_operator,P1,Prop_01_doctor_operator,operator_lane,0.00897308075772682,0.003115264797507788,0.00652079408781336,0,1003,321,1.0,1.0,0.7397806580259222,0.3798604187437687,102.35025424504089
37,N1_mirrored_head,4CamAsym,medical_trolley,P2,Prop_02_medical_trolley,operator_peripheral_equipment,0.0,1.0,0.0,0,916,0,0.9879912663755459,0.9879912663755459,0.5316593886462883,0.185589519650655,92.33724343384914
37,N1_mirrored_head,4CamAsym,doctor_anesthesia,P2,Prop_03_doctor_anesthesia,head_anesthesia_corner,0.0,0.0,0.0,0,987,141,1.0,1.0,0.9949341438703141,0.7274569402228976,98.7219730427198
37,N1_mirrored_head,4CamAsym,anesthesia_machine,P2,Prop_04_anesthesia_machine,head_anesthesia_corner,0.0,0.0,0.0,0,1071,2,0.8860877684407096,0.8860877684407096,0.5107376283846872,0.11951447245564893,90.56346843302897
37,N1_mirrored_head,4CamAsym,radiation_shield,P1,Prop_05_radiation_shield,operator_lane,0.0,1.0,0.0,0,1045,0,1.0,1.0,0.9913875598086125,0.8210526315789474,91.16561600564249
37,N1_mirrored_head,4CamAsym,uhd_tv,P3,Prop_06_uhd_tv,screen_side,0.011363636363636364,0.05263157894736842,0.013477088948787063,0,1584,38,1.0,1.0,0.9987373737373737,0.8017676767676768,106.38488154052689
37,N1_mirrored_head,4CamAsym,waste_bin,P3,Prop_07_waste_bin,waste_corner,0.0,1.0,0.0,0,248,0,1.0,1.0,0.9838709677419355,0.0,48.369948968977084
37,N1_mirrored_head,4CamAsym,doctor_ultrasound,P2,Prop_08_doctor_ultrasound,peripheral_support,0.0,1.0,0.0,0,908,0,0.9955947136563876,0.9955947136563876,0.02643171806167401,0.0,98.40015863117667
37,N1_mirrored_head,4CamAsym,ultrasound,P2,Prop_09_ultrasound,peripheral_support,0.0,1.0,0.0,0,969,0,0.3415892672858617,0.3415892672858617,0.008255933952528379,0.0,88.36944887532289
37,N1_mirrored_head,4CamAsym,ceiling_lamp,P3,Prop_10_ceiling_lamp,ceiling_over_table,0.0,1.0,0.0,0,259,0,1.0,1.0,0.9884169884169884,0.8378378378378378,110.82999945725496
2,C2_radial_echo,4CamAsym,patient,P1,Prop_00_patient,table_patient,0.556910569105691,0.6432246998284734,0.5722690929019696,1,738,583,0.7886178861788617,0.7886178861788617,0.5555555555555556,0.18157181571815717,95.21273012194087
2,C2_radial_echo,4CamAsym,doctor_operator,P1,Prop_01_doctor_operator,operator_lane,0.03484107579462103,0.8225806451612904,0.043095013608951675,0,1636,62,0.9993887530562348,0.9993887530562348,0.8771393643031785,0.5378973105134475,91.8965673945882
2,C2_radial_echo,4CamAsym,medical_trolley,P2,Prop_02_medical_trolley,operator_peripheral_equipment,0.0,1.0,0.0,0,1048,0,1.0,1.0,0.9809160305343512,0.5944656488549618,79.104102178352
2,C2_radial_echo,4CamAsym,doctor_anesthesia,P2,Prop_03_doctor_anesthesia,head_anesthesia_corner,0.06690140845070422,0.19330855018587362,0.07696742127977813,1,852,269,1.0,1.0,0.9835680751173709,0.23708920187793428,98.53985636858074
2,C2_radial_echo,4CamAsym,anesthesia_machine,P2,Prop_04_anesthesia_machine,head_anesthesia_corner,0.0,1.0,0.0,0,1108,0,0.9990974729241877,0.9990974729241877,0.9657039711191335,0.36823104693140796,80.9829306399213
2,C2_radial_echo,4CamAsym,radiation_shield,P1,Prop_05_radiation_shield,operator_lane,0.020787746170678335,0.6666666666666666,0.02578368842448093,0,914,3,0.9989059080962801,0.9989059080962801,0.973741794310722,0.7341356673960613,90.03418675563532
2,C2_radial_echo,4CamAsym,uhd_tv,P3,Prop_06_uhd_tv,screen_side,0.005190311418685121,1.0,0.006479481641468682,0,1734,1,0.9994232987312572,0.9994232987312572,0.9573241061130334,0.5720876585928489,84.96305026322703
2,C2_radial_echo,4CamAsym,waste_bin,P3,Prop_07_waste_bin,waste_corner,0.0,1.0,0.0,0,270,0,0.32222222222222224,0.32222222222222224,0.0,0.0,0.0
2,C2_radial_echo,4CamAsym,doctor_ultrasound,P2,Prop_08_doctor_ultrasound,peripheral_support,0.0,1.0,0.0,0,1038,0,0.98747591522158,0.98747591522158,0.42003853564547206,0.0,128.4946760185921
2,C2_radial_echo,4CamAsym,ultrasound,P2,Prop_09_ultrasound,peripheral_support,0.0,1.0,0.0,0,947,0,0.8711721224920802,0.8711721224920802,0.01795142555438226,0.0,114.13714724997563
2,C2_radial_echo,4CamAsym,ceiling_lamp,P3,Prop_10_ceiling_lamp,ceiling_over_table,0.0,1.0,0.0,0,332,0,1.0,1.0,1.0,0.9698795180722891,108.86037758413069
6,C2_radial_echo,4CamAsym,patient,P1,Prop_00_patient,table_patient,0.5294117647058824,0.6318493150684932,0.547153024911032,1,765,584,0.7934640522875817,0.7934640522875817,0.6418300653594772,0.1738562091503268,89.2596380640006
6,C2_radial_echo,4CamAsym,doctor_operator,P1,Prop_01_doctor_operator,operator_lane,0.006139154160982265,1.0,0.007662182870764516,0,1466,1,1.0,1.0,0.718281036834925,0.32537517053206005,88.1278240635395
6,C2_radial_echo,4CamAsym,medical_trolley,P2,Prop_02_medical_trolley,operator_peripheral_equipment,0.0,1.0,0.0,0,997,0,1.0,1.0,0.9829488465396189,0.7171514543630892,81.14186363580767
6,C2_radial_echo,4CamAsym,doctor_anesthesia,P2,Prop_03_doctor_anesthesia,head_anesthesia_corner,0.0,0.0,0.0,0,854,55,1.0,1.0,0.990632318501171,0.1955503512880562,98.14119394281371
6,C2_radial_echo,4CamAsym,anesthesia_machine,P2,Prop_04_anesthesia_machine,head_anesthesia_corner,0.0,1.0,0.0,0,1099,0,1.0,1.0,0.8735213830755232,0.2083712465878071,84.25815581004382
6,C2_radial_echo,4CamAsym,radiation_shield,P1,Prop_05_radiation_shield,operator_lane,0.009698275862068966,1.0,0.012093523246439128,0,928,1,0.9989224137931034,0.9989224137931034,0.9536637931034483,0.6875,87.67459091405384
6,C2_radial_echo,4CamAsym,uhd_tv,P3,Prop_06_uhd_tv,screen_side,0.0,0.0,0.0,0,1713,1,1.0,1.0,0.9194395796847635,0.5604203152364273,84.90859992845472
6,C2_radial_echo,4CamAsym,waste_bin,P3,Prop_07_waste_bin,waste_corner,0.0,1.0,0.0,0,243,0,0.0,0.0,0.0,0.0,0.0
6,C2_radial_echo,4CamAsym,doctor_ultrasound,P2,Prop_08_doctor_ultrasound,peripheral_support,0.0,1.0,0.0,0,1041,0,0.9846301633045149,0.9846301633045149,0.2670509125840538,0.0,125.21518539132714
6,C2_radial_echo,4CamAsym,ultrasound,P2,Prop_09_ultrasound,peripheral_support,0.0,1.0,0.0,0,928,0,0.9515086206896551,0.9515086206896551,0.021551724137931036,0.0,117.06080547544109
6,C2_radial_echo,4CamAsym,ceiling_lamp,P3,Prop_10_ceiling_lamp,ceiling_over_table,0.0,1.0,0.0,0,277,0,1.0,1.0,1.0,0.9638989169675091,109.06407961389549
10,C2_radial_echo,4CamAsym,patient,P1,Prop_00_patient,table_patient,0.5958005249343832,0.6726726726726727,0.6097365019294093,1,762,666,0.7795275590551181,0.7795275590551181,0.5538057742782152,0.12992125984251968,89.88220427574097
10,C2_radial_echo,4CamAsym,doctor_operator,P1,Prop_01_doctor_operator,operator_lane,0.007560137457044674,0.5,0.009414584046559397,0,1455,2,0.9986254295532646,0.9986254295532646,0.7319587628865979,0.32852233676975945,87.13507783449911
10,C2_radial_echo,4CamAsym,medical_trolley,P2,Prop_02_medical_trolley,operator_peripheral_equipment,0.0,1.0,0.0,0,947,0,1.0,1.0,0.9936642027455121,0.7835269271383316,81.51297462686387
10,C2_radial_echo,4CamAsym,doctor_anesthesia,P2,Prop_03_doctor_anesthesia,head_anesthesia_corner,0.0,0.0,0.0,0,873,129,1.0,1.0,0.9851088201603666,0.07674684994272624,94.26254063822955
10,C2_radial_echo,4CamAsym,anesthesia_machine,P2,Prop_04_anesthesia_machine,head_anesthesia_corner,0.0,1.0,0.0,0,1098,0,1.0,1.0,0.9225865209471766,0.30327868852459017,83.19641300403124
10,C2_radial_echo,4CamAsym,radiation_shield,P1,Prop_05_radiation_shield,operator_lane,0.03017241379310345,0.18181818181818182,0.03621314019658563,0,928,22,0.9956896551724138,0.9956896551724138,0.9245689655172413,0.7176724137931034,89.65449993307335
10,C2_radial_echo,4CamAsym,uhd_tv,P3,Prop_06_uhd_tv,screen_side,0.006391632771644393,0.5,0.007964089197799016,0,1721,2,0.999418942475305,0.999418942475305,0.8959907030796049,0.5246949447995352,84.32040916311112
10,C2_radial_echo,4CamAsym,waste_bin,P3,Prop_07_waste_bin,waste_corner,0.0,1.0,0.0,0,272,0,0.10661764705882353,0.10661764705882353,0.0,0.0,0.0
10,C2_radial_echo,4CamAsym,doctor_ultrasound,P2,Prop_08_doctor_ultrasound,peripheral_support,0.0,1.0,0.0,0,1058,0,0.9886578449905482,0.9886578449905482,0.31096408317580343,0.0,125.28818390459269
10,C2_radial_echo,4CamAsym,ultrasound,P2,Prop_09_ultrasound,peripheral_support,0.0,1.0,0.0,0,830,0,0.927710843373494,0.927710843373494,0.060240963855421686,0.0,119.09222086618196
10,C2_radial_echo,4CamAsym,ceiling_lamp,P3,Prop_10_ceiling_lamp,ceiling_over_table,0.0,1.0,0.0,0,306,0,1.0,1.0,1.0,0.9836601307189542,109.65908963338747
14,C2_radial_echo,4CamAsym,patient,P1,Prop_00_patient,table_patient,0.5311614730878187,0.6410684474123539,0.5500209695494641,1,706,599,0.8002832861189801,0.8002832861189801,0.5651558073654391,0.16855524079320114,90.0441846298666
14,C2_radial_echo,4CamAsym,doctor_operator,P1,Prop_01_doctor_operator,operator_lane,0.029522613065326633,1.0,0.036632891660171474,0,1592,15,1.0,1.0,0.9956030150753769,0.7481155778894473,101.50637979533568
14,C2_radial_echo,4CamAsym,medical_trolley,P2,Prop_02_medical_trolley,operator_peripheral_equipment,0.0,1.0,0.0,0,1011,0,1.0,1.0,0.9416419386745796,0.6132542037586548,83.69815242726528
14,C2_radial_echo,4CamAsym,doctor_anesthesia,P2,Prop_03_doctor_anesthesia,head_anesthesia_corner,0.03267211201866978,0.19696969696969696,0.03921399638024648,0,857,66,1.0,1.0,0.9848308051341891,0.1073512252042007,96.25192949482502
14,C2_radial_echo,4CamAsym,anesthesia_machine,P2,Prop_04_anesthesia_machine,head_anesthesia_corner,0.007339449541284404,1.0,0.009157509157509158,0,1090,2,0.9990825688073395,0.9990825688073395,0.926605504587156,0.2743119266055046,77.6175851631812
14,C2_radial_echo,4CamAsym,radiation_shield,P1,Prop_05_radiation_shield,operator_lane,0.0065005417118093175,0.5,0.008099352051835854,0,923,2,0.9989165763813651,0.9989165763813651,0.9599133261105092,0.7973997833152763,91.57918658188458
14,C2_radial_echo,4CamAsym,uhd_tv,P3,Prop_06_uhd_tv,screen_side,0.005232558139534884,1.0,0.006532152707214399,0,1720,1,1.0,1.0,0.9930232558139535,0.7575581395348837,94.56511587503412
14,C2_radial_echo,4CamAsym,waste_bin,P3,Prop_07_waste_bin,waste_corner,0.0,1.0,0.0,0,281,0,0.060498220640569395,0.060498220640569395,0.0,0.0,0.0
14,C2_radial_echo,4CamAsym,doctor_ultrasound,P2,Prop_08_doctor_ultrasound,peripheral_support,0.0,0.0,0.0,0,1075,1,0.48930232558139536,0.48930232558139536,0.013023255813953489,0.0,132.24826738065445
14,C2_radial_echo,4CamAsym,ultrasound,P2,Prop_09_ultrasound,peripheral_support,0.0,1.0,0.0,0,949,0,0.7776606954689147,0.7776606954689147,0.0,0.0,0.0
14,C2_radial_echo,4CamAsym,ceiling_lamp,P3,Prop_10_ceiling_lamp,ceiling_over_table,0.0,1.0,0.0,0,296,0,1.0,1.0,1.0,0.9864864864864865,108.48120898662884
18,C2_radial_echo,4CamAsym,patient,P1,Prop_00_patient,table_patient,0.5508021390374331,0.6397415185783522,0.5665550817440584,1,748,619,0.7553475935828877,0.7553475935828877,0.5267379679144385,0.08823529411764706,85.96826852607744
18,C2_radial_echo,4CamAsym,doctor_operator,P1,Prop_01_doctor_operator,operator_lane,0.025,0.9565217391304348,0.031047135196161445,0,1480,23,0.9986486486486487,0.9986486486486487,0.7405405405405405,0.43716216216216214,93.29129735896916
18,C2_radial_echo,4CamAsym,medical_trolley,P2,Prop_02_medical_trolley,operator_peripheral_equipment,0.0,1.0,0.0,0,854,0,1.0,1.0,0.9976580796252927,0.905152224824356,82.78301428778424
18,C2_radial_echo,4CamAsym,doctor_anesthesia,P2,Prop_03_doctor_anesthesia,head_anesthesia_corner,0.0,0.0,0.0,0,862,67,1.0,1.0,0.9721577726218097,0.06960556844547564,94.5391974999706
18,C2_radial_echo,4CamAsym,anesthesia_machine,P2,Prop_04_anesthesia_machine,head_anesthesia_corner,0.0,1.0,0.0,0,1105,0,0.9972850678733032,0.9972850678733032,0.9221719457013575,0.2914027149321267,80.36151148178787
18,C2_radial_echo,4CamAsym,radiation_shield,P1,Prop_05_radiation_shield,operator_lane,0.0,1.0,0.0,0,632,0,0.9984177215189873,0.9984177215189873,0.9382911392405063,0.694620253164557,88.46088370900752
18,C2_radial_echo,4CamAsym,uhd_tv,P3,Prop_06_uhd_tv,screen_side,0.0,0.0,0.0,0,1718,1,1.0,1.0,0.8544819557625145,0.5523864959254947,85.71985217141314
18,C2_radial_echo,4CamAsym,waste_bin,P3,Prop_07_waste_bin,waste_corner,0.0,1.0,0.0,0,265,0,0.033962264150943396,0.033962264150943396,0.0,0.0,0.0
18,C2_radial_echo,4CamAsym,doctor_ultrasound,P2,Prop_08_doctor_ultrasound,peripheral_support,0.0,1.0,0.0,0,1099,0,0.9927206551410374,0.9927206551410374,0.2820746132848044,0.0,127.27004285878614
18,C2_radial_echo,4CamAsym,ultrasound,P2,Prop_09_ultrasound,peripheral_support,0.0,1.0,0.0,0,835,0,0.9041916167664671,0.9041916167664671,0.0,0.0,0.0
18,C2_radial_echo,4CamAsym,ceiling_lamp,P3,Prop_10_ceiling_lamp,ceiling_over_table,0.0,1.0,0.0,0,330,0,1.0,1.0,1.0,0.9696969696969697,110.96116008682793
22,C2_radial_echo,4CamAsym,patient,P1,Prop_00_patient,table_patient,0.5536959553695955,0.6672384219554031,0.5732041276724943,1,717,583,0.7754532775453278,0.7754532775453278,0.5690376569037657,0.1799163179916318,93.19419388084287
22,C2_radial_echo,4CamAsym,doctor_operator,P1,Prop_01_doctor_operator,operator_lane,0.0045662100456621,0.5,0.005694760820045558,0,1752,2,1.0,1.0,0.8384703196347032,0.4868721461187215,92.03303114425329
22,C2_radial_echo,4CamAsym,medical_trolley,P2,Prop_02_medical_trolley,operator_peripheral_equipment,0.0,1.0,0.0,0,882,0,0.9965986394557823,0.9965986394557823,0.9070294784580499,0.5204081632653061,80.89388483339259
22,C2_radial_echo,4CamAsym,doctor_anesthesia,P2,Prop_03_doctor_anesthesia,head_anesthesia_corner,0.0,0.0,0.0,0,829,42,1.0,1.0,0.985524728588661,0.19179734620024125,100.07549589125952
22,C2_radial_echo,4CamAsym,anesthesia_machine,P2,Prop_04_anesthesia_machine,head_anesthesia_corner,0.0,1.0,0.0,0,1094,0,1.0,1.0,0.9661791590493601,0.3473491773308958,78.21126301479893
22,C2_radial_echo,4CamAsym,radiation_shield,P1,Prop_05_radiation_shield,operator_lane,0.011483253588516746,1.0,0.014312977099236643,0,1045,1,1.0,1.0,0.9846889952153111,0.8028708133971292,89.44825060714493
22,C2_radial_echo,4CamAsym,uhd_tv,P3,Prop_06_uhd_tv,screen_side,0.004592422502870264,0.5,0.00572737686139748,0,1742,2,1.0,1.0,0.9133180252583237,0.5556831228473019,85.45593482578842
22,C2_radial_echo,4CamAsym,waste_bin,P3,Prop_07_waste_bin,waste_corner,0.0,1.0,0.0,0,304,0,0.1875,0.1875,0.0,0.0,0.0
22,C2_radial_echo,4CamAsym,doctor_ultrasound,P2,Prop_08_doctor_ultrasound,peripheral_support,0.0,1.0,0.0,0,1045,0,0.35406698564593303,0.35406698564593303,0.003827751196172249,0.0,134.73666908694207
22,C2_radial_echo,4CamAsym,ultrasound,P2,Prop_09_ultrasound,peripheral_support,0.0,1.0,0.0,0,791,0,0.20986093552465235,0.20986093552465235,0.0,0.0,0.0
22,C2_radial_echo,4CamAsym,ceiling_lamp,P3,Prop_10_ceiling_lamp,ceiling_over_table,0.0,1.0,0.0,0,253,0,1.0,1.0,1.0,0.9881422924901185,109.3716643890625
26,C2_radial_echo,4CamAsym,patient,P1,Prop_00_patient,table_patient,0.5778688524590164,0.6348973607038123,0.5884399637604334,1,732,682,0.7759562841530054,0.7759562841530054,0.5846994535519126,0.1721311475409836,93.44787874391076
26,C2_radial_echo,4CamAsym,doctor_operator,P1,Prop_01_doctor_operator,operator_lane,0.001806140878988561,1.0,0.002256657138558748,0,1661,1,0.9981938591210114,0.9981938591210114,0.7808549066827213,0.39855508729680916,91.04632903210235
26,C2_radial_echo,4CamAsym,medical_trolley,P2,Prop_02_medical_trolley,operator_peripheral_equipment,0.010344827586206896,1.0,0.012897678417884782,0,870,1,1.0,1.0,0.9954022988505747,0.7919540229885057,81.54748554852868
26,C2_radial_echo,4CamAsym,doctor_anesthesia,P2,Prop_03_doctor_anesthesia,head_anesthesia_corner,0.0,0.0,0.0,0,851,41,1.0,1.0,0.9894242068155111,0.0963572267920094,97.25409084862001
26,C2_radial_echo,4CamAsym,anesthesia_machine,P2,Prop_04_anesthesia_machine,head_anesthesia_corner,0.0,0.0,0.0,0,1093,1,1.0,1.0,0.868252516010979,0.242451967063129,81.76592982408454
26,C2_radial_echo,4CamAsym,radiation_shield,P1,Prop_05_radiation_shield,operator_lane,0.0,0.0,0.0,0,1068,1,0.99812734082397,0.99812734082397,0.9578651685393258,0.7902621722846442,90.07374018895189
26,C2_radial_echo,4CamAsym,uhd_tv,P3,Prop_06_uhd_tv,screen_side,0.0,1.0,0.0,0,1711,0,0.9988310929281122,0.9988310929281122,0.8977206312098188,0.5645821157218002,85.70875017447894
26,C2_radial_echo,4CamAsym,waste_bin,P3,Prop_07_waste_bin,waste_corner,0.0,1.0,0.0,0,245,0,0.0,0.0,0.0,0.0,0.0
26,C2_radial_echo,4CamAsym,doctor_ultrasound,P2,Prop_08_doctor_ultrasound,peripheral_support,0.0,1.0,0.0,0,1011,0,0.9841740850642928,0.9841740850642928,0.34124629080118696,0.0,127.03572101113363
26,C2_radial_echo,4CamAsym,ultrasound,P2,Prop_09_ultrasound,peripheral_support,0.0,1.0,0.0,0,913,0,0.891566265060241,0.891566265060241,0.023001095290251915,0.0,118.47420357179115
26,C2_radial_echo,4CamAsym,ceiling_lamp,P3,Prop_10_ceiling_lamp,ceiling_over_table,0.0,1.0,0.0,0,297,0,1.0,1.0,1.0,0.9393939393939394,111.2320820693087
30,C2_radial_echo,4CamAsym,patient,P1,Prop_00_patient,table_patient,0.5761316872427984,0.6414141414141414,0.5881029874837924,1,729,594,0.7818930041152263,0.7818930041152263,0.5898491083676269,0.19478737997256515,93.3669429767283
30,C2_radial_echo,4CamAsym,doctor_operator,P1,Prop_01_doctor_operator,operator_lane,0.015910430170889805,1.0,0.019809244314013204,0,1697,6,1.0,1.0,0.858573954036535,0.559222156747201,95.11953458273811
30,C2_radial_echo,4CamAsym,medical_trolley,P2,Prop_02_medical_trolley,operator_peripheral_equipment,0.0,0.0,0.0,0,842,1,1.0,1.0,1.0,0.9833729216152018,83.46641931569494
30,C2_radial_echo,4CamAsym,doctor_anesthesia,P2,Prop_03_doctor_anesthesia,head_anesthesia_corner,0.0,0.0,0.0,0,851,8,1.0,1.0,0.9847238542890717,0.0481786133960047,97.2433956572166
30,C2_radial_echo,4CamAsym,anesthesia_machine,P2,Prop_04_anesthesia_machine,head_anesthesia_corner,0.032638259292837715,0.4666666666666667,0.04009674134419552,0,1103,60,1.0,1.0,0.9592021758839528,0.3590208522212149,78.56637415389362
30,C2_radial_echo,4CamAsym,radiation_shield,P1,Prop_05_radiation_shield,operator_lane,0.0,0.0,0.0,0,1071,1,0.9990662931839402,0.9990662931839402,0.9486461251167133,0.6059757236227824,86.58876678222214
30,C2_radial_echo,4CamAsym,uhd_tv,P3,Prop_06_uhd_tv,screen_side,0.0035067212156633548,0.5,0.004375729288214702,0,1711,2,1.0,1.0,0.8953828170660433,0.5628287551139685,86.08080193963352
30,C2_radial_echo,4CamAsym,waste_bin,P3,Prop_07_waste_bin,waste_corner,0.0,1.0,0.0,0,296,0,0.08783783783783784,0.08783783783783784,0.0,0.0,0.0
30,C2_radial_echo,4CamAsym,doctor_ultrasound,P2,Prop_08_doctor_ultrasound,peripheral_support,0.0,1.0,0.0,0,1086,0,0.994475138121547,0.994475138121547,0.32044198895027626,0.0,126.52646259847097
30,C2_radial_echo,4CamAsym,ultrasound,P2,Prop_09_ultrasound,peripheral_support,0.0,1.0,0.0,0,866,0,0.9688221709006929,0.9688221709006929,0.03464203233256351,0.0,117.79546008154688
30,C2_radial_echo,4CamAsym,ceiling_lamp,P3,Prop_10_ceiling_lamp,ceiling_over_table,0.0,1.0,0.0,0,330,0,1.0,1.0,0.996969696969697,0.990909090909091,109.46523963243716
34,C2_radial_echo,4CamAsym,patient,P1,Prop_00_patient,table_patient,0.5630026809651475,0.6786324786324787,0.582865148900827,1,746,585,0.7949061662198391,0.7949061662198391,0.564343163538874,0.1581769436997319,92.22236229281316
34,C2_radial_echo,4CamAsym,doctor_operator,P1,Prop_01_doctor_operator,operator_lane,0.0017574692442882249,1.0,0.002195871761089152,0,1707,1,1.0,1.0,0.8101933216168717,0.5166959578207382,94.43100323632896
34,C2_radial_echo,4CamAsym,medical_trolley,P2,Prop_02_medical_trolley,operator_peripheral_equipment,0.0,1.0,0.0,0,921,0,1.0,1.0,0.998914223669924,0.9761129207383279,83.39439416910302
34,C2_radial_echo,4CamAsym,doctor_anesthesia,P2,Prop_03_doctor_anesthesia,head_anesthesia_corner,0.0,0.0,0.0,0,861,15,1.0,1.0,0.9802555168408827,0.06155632984901278,98.11762957350093
34,C2_radial_echo,4CamAsym,anesthesia_machine,P2,Prop_04_anesthesia_machine,head_anesthesia_corner,0.0,1.0,0.0,0,1087,0,0.9990800367985281,0.9990800367985281,0.9337626494940202,0.30726770929162833,80.37401757103913
34,C2_radial_echo,4CamAsym,radiation_shield,P1,Prop_05_radiation_shield,operator_lane,0.019313304721030045,1.0,0.024025627335824883,0,932,2,0.9989270386266095,0.9989270386266095,0.9259656652360515,0.778969957081545,90.69396085322457
34,C2_radial_echo,4CamAsym,uhd_tv,P3,Prop_06_uhd_tv,screen_side,0.0017271157167530224,1.0,0.0021579628830384117,0,1737,1,1.0,1.0,0.8704663212435233,0.597006332757628,87.49582021656559
34,C2_radial_echo,4CamAsym,waste_bin,P3,Prop_07_waste_bin,waste_corner,0.0,1.0,0.0,0,237,0,0.08860759493670886,0.08860759493670886,0.0,0.0,0.0
34,C2_radial_echo,4CamAsym,doctor_ultrasound,P2,Prop_08_doctor_ultrasound,peripheral_support,0.0,1.0,0.0,0,1033,0,0.9816069699903195,0.9816069699903195,0.34462729912875123,0.0,126.24189676461077
34,C2_radial_echo,4CamAsym,ultrasound,P2,Prop_09_ultrasound,peripheral_support,0.0,1.0,0.0,0,838,0,0.8997613365155132,0.8997613365155132,0.050119331742243436,0.0,117.68433542339565
34,C2_radial_echo,4CamAsym,ceiling_lamp,P3,Prop_10_ceiling_lamp,ceiling_over_table,0.0,1.0,0.0,0,297,0,1.0,1.0,0.9966329966329966,0.9461279461279462,110.2949316737048
38,C2_radial_echo,4CamAsym,patient,P1,Prop_00_patient,table_patient,0.5145118733509235,0.6736474694589878,0.5400259143563526,1,758,573,0.7941952506596306,0.7941952506596306,0.633245382585752,0.17282321899736147,88.85163545584659
38,C2_radial_echo,4CamAsym,doctor_operator,P1,Prop_01_doctor_operator,operator_lane,0.0,0.0,0.0,0,1514,3,0.9980184940554822,0.9980184940554822,0.7952443857331571,0.4610303830911493,92.43788455059685
38,C2_radial_echo,4CamAsym,medical_trolley,P2,Prop_02_medical_trolley,operator_peripheral_equipment,0.0,1.0,0.0,0,876,0,1.0,1.0,1.0,0.980593607305936,83.4176586175242
38,C2_radial_echo,4CamAsym,doctor_anesthesia,P2,Prop_03_doctor_anesthesia,head_anesthesia_corner,0.006772009029345372,0.05555555555555555,0.008214676889375685,0,886,18,1.0,1.0,0.9808126410835214,0.09593679458239278,97.67663158876373
38,C2_radial_echo,4CamAsym,anesthesia_machine,P2,Prop_04_anesthesia_machine,head_anesthesia_corner,0.0,0.0,0.0,0,1148,1,1.0,1.0,0.980836236933798,0.44860627177700346,80.07803073641892
38,C2_radial_echo,4CamAsym,radiation_shield,P1,Prop_05_radiation_shield,operator_lane,0.003188097768331562,1.0,0.003981948500132731,0,941,1,0.9989373007438895,0.9989373007438895,0.9574920297555791,0.6397449521785334,86.12631898874483
38,C2_radial_echo,4CamAsym,uhd_tv,P3,Prop_06_uhd_tv,screen_side,0.006984866123399301,0.5,0.008700696055684454,0,1718,2,0.9982537834691502,0.9982537834691502,0.889988358556461,0.5692665890570431,85.90471935385014
38,C2_radial_echo,4CamAsym,waste_bin,P3,Prop_07_waste_bin,waste_corner,0.0,1.0,0.0,0,315,0,0.30793650793650795,0.30793650793650795,0.0,0.0,0.0
38,C2_radial_echo,4CamAsym,doctor_ultrasound,P2,Prop_08_doctor_ultrasound,peripheral_support,0.0,1.0,0.0,0,1055,0,0.9933649289099526,0.9933649289099526,0.45118483412322274,0.0,129.40591235043814
38,C2_radial_echo,4CamAsym,ultrasound,P2,Prop_09_ultrasound,peripheral_support,0.0,1.0,0.0,0,906,0,0.8951434878587197,0.8951434878587197,0.0,0.0,0.0
38,C2_radial_echo,4CamAsym,ceiling_lamp,P3,Prop_10_ceiling_lamp,ceiling_over_table,0.0,1.0,0.0,0,330,0,1.0,1.0,1.0,0.9636363636363636,110.60293660694134
3,N2_mirrored_support,4CamAsym,patient,P1,Prop_00_patient,table_patient,0.5551128818061088,0.6766666666666666,0.5757997709123875,1,753,600,0.7941567065073041,0.7941567065073041,0.5909694555112882,0.21381142098273573,102.91423380770232
3,N2_mirrored_support,4CamAsym,doctor_operator,P1,Prop_01_doctor_operator,operator_lane,0.18788501026694046,0.5695652173913044,0.21696357784913461,1,974,230,0.9414784394250514,0.9414784394250514,0.5965092402464066,0.10780287474332649,104.98954062976203
3,N2_mirrored_support,4CamAsym,medical_trolley,P2,Prop_02_medical_trolley,operator_peripheral_equipment,0.0,1.0,0.0,0,867,0,0.9838523644752019,0.9838523644752019,0.5559400230680508,0.1914648212226067,101.87049530096984
3,N2_mirrored_support,4CamAsym,doctor_anesthesia,P2,Prop_03_doctor_anesthesia,head_anesthesia_corner,0.2680901542111507,0.17337461300309598,0.24168353511820648,1,843,1292,0.9430604982206405,0.9430604982206405,0.6298932384341637,0.2930011862396204,102.35699426992907
3,N2_mirrored_support,4CamAsym,anesthesia_machine,P2,Prop_04_anesthesia_machine,head_anesthesia_corner,0.0,0.0,0.0,0,1103,1,0.8349954669084315,0.8349954669084315,0.3445149592021759,0.06255666364460562,93.2000756748931
3,N2_mirrored_support,4CamAsym,radiation_shield,P1,Prop_05_radiation_shield,operator_lane,0.3354531001589825,0.6524216524216524,0.371555999846207,1,629,351,0.9650238473767886,0.9650238473767886,0.8537360890302067,0.6343402225755167,90.64505785503395
3,N2_mirrored_support,4CamAsym,uhd_tv,P3,Prop_06_uhd_tv,screen_side,0.0,1.0,0.0,0,1584,0,1.0,1.0,0.9981060606060606,0.7348484848484849,107.1805196173664
3,N2_mirrored_support,4CamAsym,waste_bin,P3,Prop_07_waste_bin,waste_corner,0.0,1.0,0.0,0,243,0,1.0,1.0,0.9588477366255144,0.0,51.0547169006641
3,N2_mirrored_support,4CamAsym,doctor_ultrasound,P2,Prop_08_doctor_ultrasound,peripheral_support,0.0,1.0,0.0,0,948,0,0.9367088607594937,0.9367088607594937,0.017932489451476793,0.0,94.7792029024564
3,N2_mirrored_support,4CamAsym,ultrasound,P2,Prop_09_ultrasound,peripheral_support,0.0,1.0,0.0,0,940,0,0.2553191489361702,0.2553191489361702,0.031914893617021274,0.0,88.11462044206225
3,N2_mirrored_support,4CamAsym,ceiling_lamp,P3,Prop_10_ceiling_lamp,ceiling_over_table,0.0,1.0,0.0,0,264,0,1.0,1.0,1.0,0.928030303030303,109.36187142486641
7,N2_mirrored_support,4CamAsym,patient,P1,Prop_00_patient,table_patient,0.6,0.6511318242343542,0.6095736724008974,1,745,751,0.8147651006711409,0.8147651006711409,0.6040268456375839,0.24966442953020135,98.66074036345223
7,N2_mirrored_support,4CamAsym,doctor_operator,P1,Prop_01_doctor_operator,operator_lane,0.34357848518111966,0.6943820224719102,0.3821957335959364,1,911,445,0.9363336992316136,0.9363336992316136,0.6882546652030735,0.14928649835345773,105.54978746380694
7,N2_mirrored_support,4CamAsym,medical_trolley,P2,Prop_02_medical_trolley,operator_peripheral_equipment,0.0,1.0,0.0,0,888,0,0.9943693693693694,0.9943693693693694,0.6880630630630631,0.19144144144144143,106.2290073018828
7,N2_mirrored_support,4CamAsym,doctor_anesthesia,P2,Prop_03_doctor_anesthesia,head_anesthesia_corner,0.6105769230769231,0.49452672247263363,0.5832048763045515,1,832,1553,0.9002403846153846,0.9002403846153846,0.5805288461538461,0.15384615384615385,95.46858530552994
7,N2_mirrored_support,4CamAsym,anesthesia_machine,P2,Prop_04_anesthesia_machine,head_anesthesia_corner,0.0,1.0,0.0,0,1096,0,0.7782846715328468,0.7782846715328468,0.17974452554744524,0.013686131386861315,94.79835310006843
7,N2_mirrored_support,4CamAsym,radiation_shield,P1,Prop_05_radiation_shield,operator_lane,0.20933734939759036,0.37222222222222223,0.2294158800228603,1,664,360,0.9879518072289156,0.9879518072289156,0.8810240963855421,0.5316265060240963,90.09074065867344
7,N2_mirrored_support,4CamAsym,uhd_tv,P3,Prop_06_uhd_tv,screen_side,0.011363636363636364,0.3333333333333333,0.014084507042253521,0,1584,6,0.9993686868686869,0.9993686868686869,0.9318181818181818,0.6761363636363636,99.3445152059896
7,N2_mirrored_support,4CamAsym,waste_bin,P3,Prop_07_waste_bin,waste_corner,0.0,1.0,0.0,0,263,0,1.0,1.0,0.9657794676806084,0.0,52.656930349883986
7,N2_mirrored_support,4CamAsym,doctor_ultrasound,P2,Prop_08_doctor_ultrasound,peripheral_support,0.0,1.0,0.0,0,949,0,1.0,1.0,0.012644889357218124,0.0,94.14579182884118
7,N2_mirrored_support,4CamAsym,ultrasound,P2,Prop_09_ultrasound,peripheral_support,0.0,1.0,0.0,0,996,0,0.1757028112449799,0.1757028112449799,0.0030120481927710845,0.0,88.26736091105575
7,N2_mirrored_support,4CamAsym,ceiling_lamp,P3,Prop_10_ceiling_lamp,ceiling_over_table,0.0,1.0,0.0,0,291,0,1.0,1.0,1.0,0.9381443298969072,110.19836039952155
11,N2_mirrored_support,4CamAsym,patient,P1,Prop_00_patient,table_patient,0.5890207715133531,0.650381679389313,0.600348874110687,1,674,655,0.7937685459940653,0.7937685459940653,0.5252225519287834,0.14391691394658754,102.1506178123655
11,N2_mirrored_support,4CamAsym,doctor_operator,P1,Prop_01_doctor_operator,operator_lane,0.316247582205029,0.5412293853073463,0.34492360646445047,1,1034,667,0.9129593810444874,0.9129593810444874,0.539651837524178,0.1595744680851064,105.9990116985441
11,N2_mirrored_support,4CamAsym,medical_trolley,P2,Prop_02_medical_trolley,operator_peripheral_equipment,0.0,1.0,0.0,0,887,0,0.9932356257046223,0.9932356257046223,0.7745208568207441,0.24351747463359638,102.80614392689827
11,N2_mirrored_support,4CamAsym,doctor_anesthesia,P2,Prop_03_doctor_anesthesia,head_anesthesia_corner,0.4056603773584906,0.32814445828144456,0.3873595755300746,1,848,1606,0.9257075471698113,0.9257075471698113,0.7016509433962265,0.24882075471698112,93.00511330091287
11,N2_mirrored_support,4CamAsym,anesthesia_machine,P2,Prop_04_anesthesia_machine,head_anesthesia_corner,0.0,1.0,0.0,0,971,0,0.7909371781668383,0.7909371781668383,0.26364572605561276,0.026776519052523172,102.47268939153707
11,N2_mirrored_support,4CamAsym,radiation_shield,P1,Prop_05_radiation_shield,operator_lane,0.2442528735632184,0.7466216216216216,0.28223334695545566,1,1044,296,0.9837164750957854,0.9837164750957854,0.9061302681992337,0.6542145593869731,91.54502895004158
11,N2_mirrored_support,4CamAsym,uhd_tv,P3,Prop_06_uhd_tv,screen_side,0.005681818181818182,1.0,0.007092198581560284,0,1584,1,0.9993686868686869,0.9993686868686869,0.9747474747474747,0.7720959595959596,99.99605872826305
11,N2_mirrored_support,4CamAsym,waste_bin,P3,Prop_07_waste_bin,waste_corner,0.0,1.0,0.0,0,247,0,1.0,1.0,0.979757085020243,0.0,53.58287545536116
11,N2_mirrored_support,4CamAsym,doctor_ultrasound,P2,Prop_08_doctor_ultrasound,peripheral_support,0.0,1.0,0.0,0,986,0,0.9523326572008114,0.9523326572008114,0.0,0.0,0.0
11,N2_mirrored_support,4CamAsym,ultrasound,P2,Prop_09_ultrasound,peripheral_support,0.0,1.0,0.0,0,1044,0,0.03065134099616858,0.03065134099616858,0.0,0.0,0.0
11,N2_mirrored_support,4CamAsym,ceiling_lamp,P3,Prop_10_ceiling_lamp,ceiling_over_table,0.0,1.0,0.0,0,333,0,1.0,1.0,1.0,0.948948948948949,110.59806073450461
15,N2_mirrored_support,4CamAsym,patient,P1,Prop_00_patient,table_patient,0.44169096209912534,0.5895196506550219,0.46501237986753885,1,686,458,0.7755102040816326,0.7755102040816326,0.4650145772594752,0.06997084548104957,96.87329620256631
15,N2_mirrored_support,4CamAsym,doctor_operator,P1,Prop_01_doctor_operator,operator_lane,0.1946808510638298,0.42213883677298314,0.21819447844763176,1,940,533,0.9095744680851063,0.9095744680851063,0.5904255319148937,0.23617021276595745,104.63448158031977
15,N2_mirrored_support,4CamAsym,medical_trolley,P2,Prop_02_medical_trolley,operator_peripheral_equipment,0.0,1.0,0.0,0,866,0,0.9988452655889145,0.9988452655889145,0.9572748267898383,0.45265588914549654,96.98623271620565
15,N2_mirrored_support,4CamAsym,doctor_anesthesia,P2,Prop_03_doctor_anesthesia,head_anesthesia_corner,0.19261477045908185,0.2037735849056604,0.19474768010703458,1,1002,1325,0.9850299401197605,0.9850299401197605,0.8962075848303394,0.18163672654690619,75.7770005526895
15,N2_mirrored_support,4CamAsym,anesthesia_machine,P2,Prop_04_anesthesia_machine,head_anesthesia_corner,0.015151515151515152,1.0,0.018867924528301886,0,1122,2,0.8939393939393939,0.8939393939393939,0.38235294117647056,0.09714795008912656,81.87135803113796
15,N2_mirrored_support,4CamAsym,radiation_shield,P1,Prop_05_radiation_shield,operator_lane,0.11099137931034483,0.7254901960784313,0.13362833720204492,1,928,102,1.0,1.0,0.9827586206896551,0.7704741379310345,92.33027438167593
15,N2_mirrored_support,4CamAsym,uhd_tv,P3,Prop_06_uhd_tv,screen_side,0.005681818181818182,0.5,0.007082152974504249,0,1584,2,1.0,1.0,1.0,0.7922979797979798,99.95179229368648
15,N2_mirrored_support,4CamAsym,waste_bin,P3,Prop_07_waste_bin,waste_corner,0.0,1.0,0.0,0,282,0,1.0,1.0,0.9929078014184397,0.0,49.86522194252396
15,N2_mirrored_support,4CamAsym,doctor_ultrasound,P2,Prop_08_doctor_ultrasound,peripheral_support,0.0,1.0,0.0,0,981,0,0.8837920489296636,0.8837920489296636,0.0,0.0,0.0
15,N2_mirrored_support,4CamAsym,ultrasound,P2,Prop_09_ultrasound,peripheral_support,0.0,1.0,0.0,0,951,0,0.03995793901156677,0.03995793901156677,0.0,0.0,0.0
15,N2_mirrored_support,4CamAsym,ceiling_lamp,P3,Prop_10_ceiling_lamp,ceiling_over_table,0.03474903474903475,1.0,0.0430622009569378,0,259,1,1.0,1.0,1.0,0.9382239382239382,109.54834995045731
19,N2_mirrored_support,4CamAsym,patient,P1,Prop_00_patient,table_patient,0.6134889753566797,0.656498673740053,0.6216340930596606,1,771,754,0.8184176394293126,0.8184176394293126,0.5979247730220493,0.28793774319066145,99.02023421462816
19,N2_mirrored_support,4CamAsym,doctor_operator,P1,Prop_01_doctor_operator,operator_lane,0.17857142857142858,0.32558139534883723,0.19629837352776222,1,924,473,0.9361471861471862,0.9361471861471862,0.6298701298701299,0.07792207792207792,105.03979938770706
19,N2_mirrored_support,4CamAsym,medical_trolley,P2,Prop_02_medical_trolley,operator_peripheral_equipment,0.0,1.0,0.0,0,939,0,0.9989350372736954,0.9989350372736954,0.8445154419595314,0.2822151224707135,100.51315195188243
19,N2_mirrored_support,4CamAsym,doctor_anesthesia,P2,Prop_03_doctor_anesthesia,head_anesthesia_corner,0.20512820512820512,0.19092331768388107,0.20212060967528162,1,1014,1278,0.97534516765286,0.97534516765286,0.8106508875739645,0.41420118343195267,94.03710403375018
19,N2_mirrored_support,4CamAsym,anesthesia_machine,P2,Prop_04_anesthesia_machine,head_anesthesia_corner,0.0,1.0,0.0,0,1073,0,0.9058713886300093,0.9058713886300093,0.3783783783783784,0.08014911463187326,90.71719974713136
19,N2_mirrored_support,4CamAsym,radiation_shield,P1,Prop_05_radiation_shield,operator_lane,0.12538860103626942,0.8066666666666666,0.15087281795511223,1,965,150,1.0,1.0,0.9554404145077721,0.40414507772020725,95.20003846045093
19,N2_mirrored_support,4CamAsym,uhd_tv,P3,Prop_06_uhd_tv,screen_side,0.0,1.0,0.0,0,1584,0,1.0,1.0,0.9842171717171717,0.7563131313131313,101.1415026002889
19,N2_mirrored_support,4CamAsym,waste_bin,P3,Prop_07_waste_bin,waste_corner,0.0,1.0,0.0,0,234,0,1.0,1.0,0.9829059829059829,0.0,49.05244931144221
19,N2_mirrored_support,4CamAsym,doctor_ultrasound,P2,Prop_08_doctor_ultrasound,peripheral_support,0.0,1.0,0.0,0,982,0,0.9969450101832994,0.9969450101832994,0.16395112016293278,0.008146639511201629,100.4371419315828
19,N2_mirrored_support,4CamAsym,ultrasound,P2,Prop_09_ultrasound,peripheral_support,0.0,1.0,0.0,0,1051,0,0.11132254995242626,0.11132254995242626,0.0,0.0,0.0
19,N2_mirrored_support,4CamAsym,ceiling_lamp,P3,Prop_10_ceiling_lamp,ceiling_over_table,0.0,1.0,0.0,0,302,0,1.0,1.0,1.0,0.9370860927152318,109.76976302515644
23,N2_mirrored_support,4CamAsym,patient,P1,Prop_00_patient,table_patient,0.30294906166219837,0.6052631578947368,0.33657083657083653,1,746,304,0.6943699731903485,0.6943699731903485,0.5495978552278821,0.16219839142091153,97.10682357254129
23,N2_mirrored_support,4CamAsym,doctor_operator,P1,Prop_01_doctor_operator,operator_lane,0.25133120340788073,0.46406570841889117,0.2766998551548681,1,939,487,0.8785942492012779,0.8785942492012779,0.4941427050053248,0.0777422790202343,105.5231053580736
23,N2_mirrored_support,4CamAsym,medical_trolley,P2,Prop_02_medical_trolley,operator_peripheral_equipment,0.0,1.0,0.0,0,919,0,0.9945593035908596,0.9945593035908596,0.7616974972796517,0.24918389553862894,102.07886945987852
23,N2_mirrored_support,4CamAsym,doctor_anesthesia,P2,Prop_03_doctor_anesthesia,head_anesthesia_corner,0.20113851992409867,0.19656897784131522,0.2002076940194562,1,1054,1399,0.9686907020872866,0.9686907020872866,0.7694497153700189,0.36907020872865276,93.8723196315708
23,N2_mirrored_support,4CamAsym,anesthesia_machine,P2,Prop_04_anesthesia_machine,head_anesthesia_corner,0.0,1.0,0.0,0,1231,0,0.9374492282696995,0.9374492282696995,0.4890333062550772,0.10966693744922827,80.56194800962422
23,N2_mirrored_support,4CamAsym,radiation_shield,P1,Prop_05_radiation_shield,operator_lane,0.227765726681128,0.8934426229508197,0.26764917729156346,1,922,244,0.982646420824295,0.982646420824295,0.8937093275488069,0.586767895878525,91.01524565236755
23,N2_mirrored_support,4CamAsym,uhd_tv,P3,Prop_06_uhd_tv,screen_side,0.0,0.0,0.0,0,1584,1,1.0,1.0,1.0,0.7935606060606061,99.95199070858084
23,N2_mirrored_support,4CamAsym,waste_bin,P3,Prop_07_waste_bin,waste_corner,0.0,1.0,0.0,0,324,0,1.0,1.0,0.9722222222222222,0.0,53.29420066350368
23,N2_mirrored_support,4CamAsym,doctor_ultrasound,P2,Prop_08_doctor_ultrasound,peripheral_support,0.0,1.0,0.0,0,967,0,0.9968976215098242,0.9968976215098242,0.09307135470527404,0.001034126163391934,99.46345490628607
23,N2_mirrored_support,4CamAsym,ultrasound,P2,Prop_09_ultrasound,peripheral_support,0.0,1.0,0.0,0,1021,0,0.2693437806072478,0.2693437806072478,0.021547502448579822,0.0,88.75960246636673
23,N2_mirrored_support,4CamAsym,ceiling_lamp,P3,Prop_10_ceiling_lamp,ceiling_over_table,0.0,1.0,0.0,0,302,0,1.0,1.0,1.0,0.9602649006622517,109.77654218909565
27,N2_mirrored_support,4CamAsym,patient,P1,Prop_00_patient,table_patient,0.5321229050279329,0.6275510204081632,0.5488139070800191,1,716,588,0.7527932960893855,0.7527932960893855,0.5502793296089385,0.20810055865921787,105.29689711929716
27,N2_mirrored_support,4CamAsym,doctor_operator,P1,Prop_01_doctor_operator,operator_lane,0.07165109034267912,0.22545454545454546,0.08297161742287597,1,963,275,0.9937694704049844,0.9937694704049844,0.77466251298027,0.1474558670820353,103.30385320546205
27,N2_mirrored_support,4CamAsym,medical_trolley,P2,Prop_02_medical_trolley,operator_peripheral_equipment,0.0,1.0,0.0,0,995,0,0.9939698492462311,0.9939698492462311,0.6804020100502512,0.21306532663316582,101.60919257336516
27,N2_mirrored_support,4CamAsym,doctor_anesthesia,P2,Prop_03_doctor_anesthesia,head_anesthesia_corner,0.07835455435847209,0.06875543951261967,0.07622613108964772,1,1021,1149,1.0,1.0,0.9686581782566112,0.4573947110675808,91.03283957784454
27,N2_mirrored_support,4CamAsym,anesthesia_machine,P2,Prop_04_anesthesia_machine,head_anesthesia_corner,0.0034904013961605585,0.5,0.004355400696864111,0,1146,2,0.9214659685863874,0.9214659685863874,0.35165794066317624,0.034904013961605584,88.33403000906
27,N2_mirrored_support,4CamAsym,radiation_shield,P1,Prop_05_radiation_shield,operator_lane,0.2073490813648294,0.8114285714285714,0.24362276476439088,1,762,175,0.9986876640419947,0.9986876640419947,0.952755905511811,0.7073490813648294,89.9097518809086
27,N2_mirrored_support,4CamAsym,uhd_tv,P3,Prop_06_uhd_tv,screen_side,0.005681818181818182,0.5,0.007082152974504249,0,1584,2,1.0,1.0,0.913510101010101,0.5612373737373737,101.56540290639163
27,N2_mirrored_support,4CamAsym,waste_bin,P3,Prop_07_waste_bin,waste_corner,0.0,1.0,0.0,0,234,0,1.0,1.0,0.9700854700854701,0.0,50.72389907790269
27,N2_mirrored_support,4CamAsym,doctor_ultrasound,P2,Prop_08_doctor_ultrasound,peripheral_support,0.0,1.0,0.0,0,975,0,1.0,1.0,0.008205128205128205,0.0,96.13851351136539
27,N2_mirrored_support,4CamAsym,ultrasound,P2,Prop_09_ultrasound,peripheral_support,0.0,1.0,0.0,0,930,0,0.3301075268817204,0.3301075268817204,0.007526881720430108,0.0,87.9609054471284
27,N2_mirrored_support,4CamAsym,ceiling_lamp,P3,Prop_10_ceiling_lamp,ceiling_over_table,0.02694610778443114,1.0,0.033457249070631974,0,334,1,1.0,1.0,1.0,0.9341317365269461,110.65608219117067
31,N2_mirrored_support,4CamAsym,patient,P1,Prop_00_patient,table_patient,0.5327868852459017,0.6501650165016502,0.552744947380235,1,732,606,0.7937158469945356,0.7937158469945356,0.5887978142076503,0.1557377049180328,91.86226796407291
31,N2_mirrored_support,4CamAsym,doctor_operator,P1,Prop_01_doctor_operator,operator_lane,0.22624877571008814,0.3526490066225166,0.24372013124420455,1,1021,604,0.910871694417238,0.910871694417238,0.5739471106758081,0.17531831537708129,104.78803284975152
31,N2_mirrored_support,4CamAsym,medical_trolley,P2,Prop_02_medical_trolley,operator_peripheral_equipment,0.0,1.0,0.0,0,1042,0,0.9980806142034548,0.9980806142034548,0.9107485604606526,0.3896353166986564,96.91186503167557
31,N2_mirrored_support,4CamAsym,doctor_anesthesia,P2,Prop_03_doctor_anesthesia,head_anesthesia_corner,0.19618239660657477,0.16250890947968638,0.18837572605935665,1,943,1403,0.9862142099681867,0.9862142099681867,0.8812301166489925,0.2545068928950159,80.78233760053818
31,N2_mirrored_support,4CamAsym,anesthesia_machine,P2,Prop_04_anesthesia_machine,head_anesthesia_corner,0.00951625693893735,1.0,0.011867088607594936,0,1261,1,0.9579698651863601,0.9579698651863601,0.45598731165741474,0.0816812053925456,76.97971132374846
31,N2_mirrored_support,4CamAsym,radiation_shield,P1,Prop_05_radiation_shield,operator_lane,0.17125984251968504,0.8292682926829268,0.20356479251255938,1,1016,205,0.9872047244094488,0.9872047244094488,0.9340551181102362,0.687007874015748,92.28098372202967
31,N2_mirrored_support,4CamAsym,uhd_tv,P3,Prop_06_uhd_tv,screen_side,0.017045454545454544,0.75,0.0211864406779661,0,1584,4,0.9987373737373737,0.9987373737373737,0.7948232323232324,0.5858585858585859,96.63054343686761
31,N2_mirrored_support,4CamAsym,waste_bin,P3,Prop_07_waste_bin,waste_corner,0.0,1.0,0.0,0,317,0,0.9968454258675079,0.9968454258675079,0.9779179810725552,0.0,51.74788234821306
31,N2_mirrored_support,4CamAsym,doctor_ultrasound,P2,Prop_08_doctor_ultrasound,peripheral_support,0.0,1.0,0.0,0,910,0,0.9989010989010989,0.9989010989010989,0.002197802197802198,0.0,99.94731711780616
31,N2_mirrored_support,4CamAsym,ultrasound,P2,Prop_09_ultrasound,peripheral_support,0.0,1.0,0.0,0,1031,0,0.07371483996120272,0.07371483996120272,0.0,0.0,0.0
31,N2_mirrored_support,4CamAsym,ceiling_lamp,P3,Prop_10_ceiling_lamp,ceiling_over_table,0.0,1.0,0.0,0,250,0,1.0,1.0,1.0,0.924,109.33993372356663
35,N2_mirrored_support,4CamAsym,patient,P1,Prop_00_patient,table_patient,0.56353591160221,0.6737357259380098,0.5825943607587584,1,724,613,0.7886740331491713,0.7886740331491713,0.600828729281768,0.28591160220994477,99.39369385781384
35,N2_mirrored_support,4CamAsym,doctor_operator,P1,Prop_01_doctor_operator,operator_lane,0.33966745843230406,0.5990566037735849,0.3718712118730138,1,842,424,0.9061757719714965,0.9061757719714965,0.5510688836104513,0.14608076009501186,103.19447502919759
35,N2_mirrored_support,4CamAsym,medical_trolley,P2,Prop_02_medical_trolley,operator_peripheral_equipment,0.0,1.0,0.0,0,912,0,0.9879385964912281,0.9879385964912281,0.6403508771929824,0.22807017543859648,101.19532247419795
35,N2_mirrored_support,4CamAsym,doctor_anesthesia,P2,Prop_03_doctor_anesthesia,head_anesthesia_corner,0.3319672131147541,0.26920462270564244,0.31717779399462465,1,976,1471,0.9487704918032787,0.9487704918032787,0.6659836065573771,0.2797131147540984,94.49361401565308
35,N2_mirrored_support,4CamAsym,anesthesia_machine,P2,Prop_04_anesthesia_machine,head_anesthesia_corner,0.0,0.0,0.0,0,1101,1,0.9627611262488647,0.9627611262488647,0.42052679382379654,0.09809264305177112,90.77783424428975
35,N2_mirrored_support,4CamAsym,radiation_shield,P1,Prop_05_radiation_shield,operator_lane,0.16884422110552763,0.8571428571428571,0.2011494252873563,1,995,203,0.9919597989949749,0.9919597989949749,0.942713567839196,0.4592964824120603,95.15636140704133
35,N2_mirrored_support,4CamAsym,uhd_tv,P3,Prop_06_uhd_tv,screen_side,0.0,1.0,0.0,0,1584,0,1.0,1.0,0.9968434343434344,0.7746212121212122,100.87835692316709
35,N2_mirrored_support,4CamAsym,waste_bin,P3,Prop_07_waste_bin,waste_corner,0.0,1.0,0.0,0,251,0,1.0,1.0,0.9721115537848606,0.0,53.23488225473236
35,N2_mirrored_support,4CamAsym,doctor_ultrasound,P2,Prop_08_doctor_ultrasound,peripheral_support,0.0,1.0,0.0,0,863,0,1.0,1.0,0.07300115874855156,0.002317497103128621,104.9489782101452
35,N2_mirrored_support,4CamAsym,ultrasound,P2,Prop_09_ultrasound,peripheral_support,0.0,1.0,0.0,0,1013,0,0.01085883514313919,0.01085883514313919,0.0,0.0,0.0
35,N2_mirrored_support,4CamAsym,ceiling_lamp,P3,Prop_10_ceiling_lamp,ceiling_over_table,0.0,1.0,0.0,0,294,0,1.0,1.0,0.9829931972789115,0.9285714285714286,110.36065019910414
39,N2_mirrored_support,4CamAsym,patient,P1,Prop_00_patient,table_patient,0.5227882037533512,0.6860902255639098,0.5489187438302073,1,746,532,0.7774798927613941,0.7774798927613941,0.4745308310991957,0.1675603217158177,100.256761607074
39,N2_mirrored_support,4CamAsym,doctor_operator,P1,Prop_01_doctor_operator,operator_lane,0.13992172211350293,0.22954091816367264,0.1517730077543132,1,1022,501,0.9334637964774951,0.9334637964774951,0.6252446183953033,0.13894324853228962,102.36330697305424
39,N2_mirrored_support,4CamAsym,medical_trolley,P2,Prop_02_medical_trolley,operator_peripheral_equipment,0.0,1.0,0.0,0,949,0,0.9873551106427819,0.9873551106427819,0.5806111696522656,0.14857744994731295,107.63290002687279
39,N2_mirrored_support,4CamAsym,doctor_anesthesia,P2,Prop_03_doctor_anesthesia,head_anesthesia_corner,0.32189349112426036,0.31333333333333335,0.32014424521686874,1,845,1500,0.9502958579881656,0.9502958579881656,0.863905325443787,0.378698224852071,92.84124315762091
39,N2_mirrored_support,4CamAsym,anesthesia_machine,P2,Prop_04_anesthesia_machine,head_anesthesia_corner,0.0,1.0,0.0,0,1066,0,0.8452157598499062,0.8452157598499062,0.2692307692307692,0.027204502814258912,101.33087180483052
39,N2_mirrored_support,4CamAsym,radiation_shield,P1,Prop_05_radiation_shield,operator_lane,0.22258414766558088,0.5702917771883289,0.2534954477221356,1,921,377,0.9793702497285559,0.9793702497285559,0.9077090119435396,0.6308360477741585,91.19202594199153
39,N2_mirrored_support,4CamAsym,uhd_tv,P3,Prop_06_uhd_tv,screen_side,0.003787878787878788,0.25,0.0047169811320754715,0,1584,4,1.0,1.0,0.8188131313131313,0.5334595959595959,98.34895738230072
39,N2_mirrored_support,4CamAsym,waste_bin,P3,Prop_07_waste_bin,waste_corner,0.0,1.0,0.0,0,299,0,1.0,1.0,0.9832775919732442,0.0,50.87933207748559
39,N2_mirrored_support,4CamAsym,doctor_ultrasound,P2,Prop_08_doctor_ultrasound,peripheral_support,0.0,1.0,0.0,0,937,0,0.9402347918890075,0.9402347918890075,0.014941302027748132,0.0,93.93795887076094
39,N2_mirrored_support,4CamAsym,ultrasound,P2,Prop_09_ultrasound,peripheral_support,0.0,1.0,0.0,0,888,0,0.07432432432432433,0.07432432432432433,0.0,0.0,0.0
39,N2_mirrored_support,4CamAsym,ceiling_lamp,P3,Prop_10_ceiling_lamp,ceiling_over_table,0.03625377643504532,1.0,0.04491017964071856,0,331,1,1.0,1.0,1.0,0.945619335347432,110.37049013919555
0,C1_standard_cath,5Cam,patient,P1,Prop_00_patient,table_patient,0.592741935483871,0.6821192052980133,0.6086932051168662,1,744,755,0.8266129032258065,0.8266129032258065,0.6814516129032258,0.3064516129032258,94.93090856160791
0,C1_standard_cath,5Cam,doctor_operator,P1,Prop_01_doctor_operator,operator_lane,0.003908794788273616,0.5,0.004876462938881665,0,1535,2,1.0,1.0,1.0,0.9804560260586319,97.01082431167328
0,C1_standard_cath,5Cam,medical_trolley,P2,Prop_02_medical_trolley,operator_peripheral_equipment,0.0,1.0,0.0,0,878,0,1.0,1.0,0.969248291571754,0.664009111617312,84.52142490709277
0,C1_standard_cath,5Cam,doctor_anesthesia,P2,Prop_03_doctor_anesthesia,head_anesthesia_corner,0.007168458781362007,1.0,0.008944543828264758,0,837,2,1.0,1.0,0.989247311827957,0.6810035842293907,89.85151184120652
0,C1_standard_cath,5Cam,anesthesia_machine,P2,Prop_04_anesthesia_machine,head_anesthesia_corner,0.0,0.0,0.0,0,979,1,1.0,1.0,0.9959141981613892,0.8580183861082737,72.21451794962712
0,C1_standard_cath,5Cam,radiation_shield,P1,Prop_05_radiation_shield,operator_lane,0.0,1.0,0.0,0,903,0,1.0,1.0,0.9988925802879292,0.9601328903654485,92.27874100540039
0,C1_standard_cath,5Cam,uhd_tv,P3,Prop_06_uhd_tv,screen_side,0.0,1.0,0.0,0,1706,0,1.0,1.0,1.0,0.9929660023446659,97.3052339682768
0,C1_standard_cath,5Cam,waste_bin,P3,Prop_07_waste_bin,waste_corner,0.0,1.0,0.0,0,307,0,0.8925081433224755,0.8925081433224755,0.0781758957654723,0.0,69.2677460051603
0,C1_standard_cath,5Cam,doctor_ultrasound,P2,Prop_08_doctor_ultrasound,peripheral_support,0.007423117709437964,0.3333333333333333,0.009227524387028736,0,943,3,0.9989395546129375,0.9989395546129375,0.6914103923647932,0.03711558854718982,112.77057536493574
0,C1_standard_cath,5Cam,ultrasound,P2,Prop_09_ultrasound,peripheral_support,0.0,1.0,0.0,0,890,0,0.9932584269662922,0.9932584269662922,0.44269662921348313,0.0,37.114962240152515
0,C1_standard_cath,5Cam,ceiling_lamp,P3,Prop_10_ceiling_lamp,ceiling_over_table,0.050335570469798654,1.0,0.062137531068765524,1,298,1,1.0,1.0,1.0,0.9966442953020134,102.302486145976
4,C1_standard_cath,5Cam,patient,P1,Prop_00_patient,table_patient,0.5322128851540616,0.6607717041800643,0.5537606653353907,1,714,622,0.8165266106442577,0.8165266106442577,0.6204481792717087,0.23669467787114845,87.10954242658241
4,C1_standard_cath,5Cam,doctor_operator,P1,Prop_01_doctor_operator,operator_lane,0.0,0.0,0.0,0,1406,1,1.0,1.0,0.9957325746799431,0.8783783783783784,87.58087228358517
4,C1_standard_cath,5Cam,medical_trolley,P2,Prop_02_medical_trolley,operator_peripheral_equipment,0.023483365949119372,1.0,0.029182879377431904,0,1022,2,0.9990215264187867,0.9990215264187867,0.9559686888454012,0.7270058708414873,83.79295848076832
4,C1_standard_cath,5Cam,doctor_anesthesia,P2,Prop_03_doctor_anesthesia,head_anesthesia_corner,0.006423982869379015,0.25,0.007978723404255319,0,934,4,1.0,1.0,0.9946466809421841,0.6948608137044968,89.86847378627394
4,C1_standard_cath,5Cam,anesthesia_machine,P2,Prop_04_anesthesia_machine,head_anesthesia_corner,0.0,0.0,0.0,0,1179,1,1.0,1.0,0.9940627650551315,0.8693808312128923,72.98188910733202
4,C1_standard_cath,5Cam,radiation_shield,P1,Prop_05_radiation_shield,operator_lane,0.0,0.0,0.0,0,999,1,1.0,1.0,0.998998998998999,0.92992992992993,91.92697185249882
4,C1_standard_cath,5Cam,uhd_tv,P3,Prop_06_uhd_tv,screen_side,0.0,0.0,0.0,0,1659,1,1.0,1.0,0.9993972272453285,0.9704641350210971,93.22485090655653
4,C1_standard_cath,5Cam,waste_bin,P3,Prop_07_waste_bin,waste_corner,0.0,1.0,0.0,0,238,0,0.9915966386554622,0.9915966386554622,0.1638655462184874,0.0,73.04204423245758
4,C1_standard_cath,5Cam,doctor_ultrasound,P2,Prop_08_doctor_ultrasound,peripheral_support,0.0,0.0,0.0,0,934,2,1.0,1.0,0.5246252676659529,0.028907922912205567,102.52891848668436
4,C1_standard_cath,5Cam,ultrasound,P2,Prop_09_ultrasound,peripheral_support,0.0,1.0,0.0,0,897,0,0.9910813823857302,0.9910813823857302,0.3455964325529543,0.0,36.4760234482492
4,C1_standard_cath,5Cam,ceiling_lamp,P3,Prop_10_ceiling_lamp,ceiling_over_table,0.03557312252964427,1.0,0.044074436826640556,0,253,1,1.0,1.0,1.0,0.9920948616600791,102.32718588614732
8,C1_standard_cath,5Cam,patient,P1,Prop_00_patient,table_patient,0.5716180371352785,0.6408544726301736,0.5842420696086245,1,754,749,0.830238726790451,0.830238726790451,0.6021220159151194,0.20822281167108753,85.32534702122031
8,C1_standard_cath,5Cam,doctor_operator,P1,Prop_01_doctor_operator,operator_lane,0.006342494714587738,1.0,0.0079155672823219,0,1419,1,1.0,1.0,0.9985905567300916,0.7632135306553911,78.93001293735459
8,C1_standard_cath,5Cam,medical_trolley,P2,Prop_02_medical_trolley,operator_peripheral_equipment,0.0,1.0,0.0,0,946,0,1.0,1.0,0.9651162790697675,0.6839323467230444,83.71168807568601
8,C1_standard_cath,5Cam,doctor_anesthesia,P2,Prop_03_doctor_anesthesia,head_anesthesia_corner,0.0,1.0,0.0,0,877,0,1.0,1.0,0.9897377423033067,0.6225769669327252,89.29186424925726
8,C1_standard_cath,5Cam,anesthesia_machine,P2,Prop_04_anesthesia_machine,head_anesthesia_corner,0.0010362694300518134,1.0,0.001295001295001295,0,965,1,1.0,1.0,0.9937823834196892,0.844559585492228,72.36353869673071
8,C1_standard_cath,5Cam,radiation_shield,P1,Prop_05_radiation_shield,operator_lane,0.008964143426294821,1.0,0.011180124223602485,0,1004,1,1.0,1.0,0.9970119521912351,0.9372509960159362,87.82752126428062
8,C1_standard_cath,5Cam,uhd_tv,P3,Prop_06_uhd_tv,screen_side,0.005865102639296188,1.0,0.007320644216691069,0,1705,1,1.0,1.0,1.0,0.9214076246334311,86.36332228682961
8,C1_standard_cath,5Cam,waste_bin,P3,Prop_07_waste_bin,waste_corner,0.0,1.0,0.0,0,314,0,0.9968152866242038,0.9968152866242038,0.10509554140127389,0.0,74.6404390660838
8,C1_standard_cath,5Cam,doctor_ultrasound,P2,Prop_08_doctor_ultrasound,peripheral_support,0.0,0.0,0.0,0,887,1,0.9966178128523112,0.9966178128523112,0.5219842164599775,0.019165727170236752,99.19606439258823
8,C1_standard_cath,5Cam,ultrasound,P2,Prop_09_ultrasound,peripheral_support,0.0,1.0,0.0,0,1050,0,0.98,0.98,0.4180952380952381,0.0,36.56560615997002
8,C1_standard_cath,5Cam,ceiling_lamp,P3,Prop_10_ceiling_lamp,ceiling_over_table,0.0,1.0,0.0,0,302,0,1.0,1.0,1.0,1.0,101.88004038226069
12,C1_standard_cath,5Cam,patient,P1,Prop_00_patient,table_patient,0.5331452750352609,0.6270627062706271,0.549608646808719,1,709,606,0.7968970380818053,0.7968970380818053,0.6036671368124118,0.2468265162200282,89.57051447761006
12,C1_standard_cath,5Cam,doctor_operator,P1,Prop_01_doctor_operator,operator_lane,0.0,1.0,0.0,0,1394,0,1.0,1.0,0.9978479196556671,0.8787661406025825,77.40723425893954
12,C1_standard_cath,5Cam,medical_trolley,P2,Prop_02_medical_trolley,operator_peripheral_equipment,0.0,1.0,0.0,0,1006,0,1.0,1.0,1.0,0.9840954274353877,82.69554998050158
12,C1_standard_cath,5Cam,doctor_anesthesia,P2,Prop_03_doctor_anesthesia,head_anesthesia_corner,0.0,0.0,0.0,0,942,2,1.0,1.0,0.9978768577494692,0.7866242038216561,85.59924075921029
12,C1_standard_cath,5Cam,anesthesia_machine,P2,Prop_04_anesthesia_machine,head_anesthesia_corner,0.0,0.0,0.0,0,973,2,1.0,1.0,0.9835560123329907,0.7923946557040082,73.68097632631385
12,C1_standard_cath,5Cam,radiation_shield,P1,Prop_05_radiation_shield,operator_lane,0.0,1.0,0.0,0,938,0,1.0,1.0,0.9989339019189766,0.908315565031983,88.10539962227912
12,C1_standard_cath,5Cam,uhd_tv,P3,Prop_06_uhd_tv,screen_side,0.015513126491646777,1.0,0.019316493313521546,0,1676,2,1.0,1.0,0.9952267303102625,0.9039379474940334,86.81384315991158
12,C1_standard_cath,5Cam,waste_bin,P3,Prop_07_waste_bin,waste_corner,0.0,1.0,0.0,0,242,0,0.9545454545454546,0.9545454545454546,0.049586776859504134,0.0,66.44429614499397
12,C1_standard_cath,5Cam,doctor_ultrasound,P2,Prop_08_doctor_ultrasound,peripheral_support,0.0,0.0,0.0,0,934,2,0.9957173447537473,0.9957173447537473,0.563169164882227,0.058886509635974305,94.59308457159119
12,C1_standard_cath,5Cam,ultrasound,P2,Prop_09_ultrasound,peripheral_support,0.0,1.0,0.0,0,1051,0,0.9324452901998097,0.9324452901998097,0.3491912464319695,0.0009514747859181732,42.30532647037653
12,C1_standard_cath,5Cam,ceiling_lamp,P3,Prop_10_ceiling_lamp,ceiling_over_table,0.0,1.0,0.0,0,295,0,1.0,1.0,1.0,0.9966101694915255,102.52266697653863
16,C1_standard_cath,5Cam,patient,P1,Prop_00_patient,table_patient,0.5984147952443857,0.679890560875513,0.6131093826505575,1,757,731,0.8137384412153237,0.8137384412153237,0.619550858652576,0.22324966974900926,87.42975220388114
16,C1_standard_cath,5Cam,doctor_operator,P1,Prop_01_doctor_operator,operator_lane,0.0,1.0,0.0,0,1511,0,1.0,1.0,0.9953673064195897,0.813368630046327,78.6238565946808
16,C1_standard_cath,5Cam,medical_trolley,P2,Prop_02_medical_trolley,operator_peripheral_equipment,0.007655502392344498,1.0,0.009551098376313277,0,1045,1,1.0,1.0,0.999043062200957,0.9808612440191388,84.35415910748225
16,C1_standard_cath,5Cam,doctor_anesthesia,P2,Prop_03_doctor_anesthesia,head_anesthesia_corner,0.0,0.0,0.0,0,828,1,1.0,1.0,0.9963768115942029,0.7958937198067633,88.28587237725631
16,C1_standard_cath,5Cam,anesthesia_machine,P2,Prop_04_anesthesia_machine,head_anesthesia_corner,0.018357487922705314,0.7619047619047619,0.02280946592836027,0,1035,21,0.9990338164251208,0.9990338164251208,0.9874396135265701,0.6106280193236715,73.75460998159451
16,C1_standard_cath,5Cam,radiation_shield,P1,Prop_05_radiation_shield,operator_lane,0.0,1.0,0.0,0,780,0,1.0,1.0,0.9948717948717949,0.9076923076923077,88.34136145299027
16,C1_standard_cath,5Cam,uhd_tv,P3,Prop_06_uhd_tv,screen_side,0.005291005291005291,1.0,0.006605019815059445,0,1701,1,1.0,1.0,0.9894179894179894,0.892416225749559,85.93555981139241
16,C1_standard_cath,5Cam,waste_bin,P3,Prop_07_waste_bin,waste_corner,0.0,1.0,0.0,0,289,0,0.9792387543252595,0.9792387543252595,0.02422145328719723,0.0,75.96896631001552
16,C1_standard_cath,5Cam,doctor_ultrasound,P2,Prop_08_doctor_ultrasound,peripheral_support,0.00674373795761079,1.0,0.008415484491464295,0,1038,1,0.9990366088631984,0.9990366088631984,0.9595375722543352,0.27071290944123316,108.23853999215336
16,C1_standard_cath,5Cam,ultrasound,P2,Prop_09_ultrasound,peripheral_support,0.0,1.0,0.0,0,985,0,0.9878172588832488,0.9878172588832488,0.3634517766497462,0.0020304568527918783,45.22179749429849
16,C1_standard_cath,5Cam,ceiling_lamp,P3,Prop_10_ceiling_lamp,ceiling_over_table,0.0,1.0,0.0,0,253,0,1.0,1.0,1.0,1.0,101.72188252552162
20,C1_standard_cath,5Cam,patient,P1,Prop_00_patient,table_patient,0.5201037613488976,0.6553571428571429,0.542495952485572,1,771,560,0.8210116731517509,0.8210116731517509,0.603112840466926,0.185473411154345,84.33700739378831
20,C1_standard_cath,5Cam,doctor_operator,P1,Prop_01_doctor_operator,operator_lane,0.0,0.0,0.0,0,1355,1,1.0,1.0,0.9918819188191882,0.7512915129151292,79.09211040254512
20,C1_standard_cath,5Cam,medical_trolley,P2,Prop_02_medical_trolley,operator_peripheral_equipment,0.0,0.0,0.0,0,879,1,1.0,1.0,1.0,0.9920364050056882,84.20980379211112
20,C1_standard_cath,5Cam,doctor_anesthesia,P2,Prop_03_doctor_anesthesia,head_anesthesia_corner,0.013285024154589372,0.5,0.016496700659868028,0,828,2,1.0,1.0,0.9963768115942029,0.7753623188405797,89.20899355738801
20,C1_standard_cath,5Cam,anesthesia_machine,P2,Prop_04_anesthesia_machine,head_anesthesia_corner,0.00897308075772682,0.5,0.011166253101736974,0,1003,2,1.0,1.0,0.963110667996012,0.6620139581256231,74.48336826666277
20,C1_standard_cath,5Cam,radiation_shield,P1,Prop_05_radiation_shield,operator_lane,0.008946322067594433,1.0,0.01115794693776345,0,1006,1,1.0,1.0,0.9960238568588469,0.9125248508946322,87.71193708211833
20,C1_standard_cath,5Cam,uhd_tv,P3,Prop_06_uhd_tv,screen_side,0.009107468123861567,1.0,0.011358473421172195,0,1647,2,1.0,1.0,0.9933211900425015,0.896782027929569,86.91786158343432
20,C1_standard_cath,5Cam,waste_bin,P3,Prop_07_waste_bin,waste_corner,0.0,1.0,0.0,0,251,0,1.0,1.0,0.0398406374501992,0.0,67.49627648354401
20,C1_standard_cath,5Cam,doctor_ultrasound,P2,Prop_08_doctor_ultrasound,peripheral_support,0.0,0.0,0.0,0,983,1,1.0,1.0,0.9867751780264497,0.387589013224822,102.55494975006152
20,C1_standard_cath,5Cam,ultrasound,P2,Prop_09_ultrasound,peripheral_support,0.0,1.0,0.0,0,1017,0,0.9823008849557522,0.9823008849557522,0.3746312684365782,0.0019665683382497543,46.50908797627235
20,C1_standard_cath,5Cam,ceiling_lamp,P3,Prop_10_ceiling_lamp,ceiling_over_table,0.0,1.0,0.0,0,274,0,1.0,1.0,1.0,0.9927007299270073,102.52491936159679
24,C1_standard_cath,5Cam,patient,P1,Prop_00_patient,table_patient,0.6211699164345403,0.6908212560386473,0.6339534569339466,1,718,621,0.8105849582172702,0.8105849582172702,0.6016713091922006,0.1894150417827298,84.67865805215486
24,C1_standard_cath,5Cam,doctor_operator,P1,Prop_01_doctor_operator,operator_lane,0.0,1.0,0.0,0,1582,0,1.0,1.0,0.9968394437420987,0.7275600505689002,77.31446543775779
24,C1_standard_cath,5Cam,medical_trolley,P2,Prop_02_medical_trolley,operator_peripheral_equipment,0.0,1.0,0.0,0,946,0,1.0,1.0,0.9947145877378436,0.8847780126849895,83.99681924865008
24,C1_standard_cath,5Cam,doctor_anesthesia,P2,Prop_03_doctor_anesthesia,head_anesthesia_corner,0.0,1.0,0.0,0,864,0,1.0,1.0,0.9976851851851852,0.7615740740740741,87.02374377423556
24,C1_standard_cath,5Cam,anesthesia_machine,P2,Prop_04_anesthesia_machine,head_anesthesia_corner,0.0,0.0,0.0,0,965,1,0.9989637305699481,0.9989637305699481,0.9689119170984456,0.7088082901554404,75.00506437075823
24,C1_standard_cath,5Cam,radiation_shield,P1,Prop_05_radiation_shield,operator_lane,0.0,1.0,0.0,0,1026,0,1.0,1.0,0.9961013645224172,0.8879142300194932,86.66419896312412
24,C1_standard_cath,5Cam,uhd_tv,P3,Prop_06_uhd_tv,screen_side,0.0,1.0,0.0,0,1709,0,1.0,1.0,0.9982445874780573,0.8660035108250439,86.49831942183314
24,C1_standard_cath,5Cam,waste_bin,P3,Prop_07_waste_bin,waste_corner,0.0,1.0,0.0,0,260,0,0.8807692307692307,0.8807692307692307,0.0,0.0,0.0
24,C1_standard_cath,5Cam,doctor_ultrasound,P2,Prop_08_doctor_ultrasound,peripheral_support,0.0,1.0,0.0,0,898,0,1.0,1.0,0.9532293986636972,0.29398663697104677,107.75474456204081
24,C1_standard_cath,5Cam,ultrasound,P2,Prop_09_ultrasound,peripheral_support,0.0,1.0,0.0,0,1013,0,0.9881539980256664,0.9881539980256664,0.4185587364264561,0.0,35.86290594088958
24,C1_standard_cath,5Cam,ceiling_lamp,P3,Prop_10_ceiling_lamp,ceiling_over_table,0.0,1.0,0.0,0,267,0,1.0,1.0,1.0,0.9962546816479401,102.11115612376364
28,C1_standard_cath,5Cam,patient,P1,Prop_00_patient,table_patient,0.5986666666666667,0.6716867469879518,0.6119723543764088,1,750,664,0.8026666666666666,0.8026666666666666,0.58,0.172,81.02403677758083
28,C1_standard_cath,5Cam,doctor_operator,P1,Prop_01_doctor_operator,operator_lane,0.0,1.0,0.0,0,1422,0,1.0,1.0,0.9915611814345991,0.8185654008438819,77.33471016451398
28,C1_standard_cath,5Cam,medical_trolley,P2,Prop_02_medical_trolley,operator_peripheral_equipment,0.00966183574879227,1.0,0.012048192771084336,0,828,1,1.0,1.0,1.0,0.9975845410628019,83.84295916657096
28,C1_standard_cath,5Cam,doctor_anesthesia,P2,Prop_03_doctor_anesthesia,head_anesthesia_corner,0.0,0.0,0.0,0,855,2,1.0,1.0,0.9941520467836257,0.839766081871345,84.3244312514694
28,C1_standard_cath,5Cam,anesthesia_machine,P2,Prop_04_anesthesia_machine,head_anesthesia_corner,0.0,0.0,0.0,0,1110,1,1.0,1.0,0.9621621621621622,0.654054054054054,75.63667287109486
28,C1_standard_cath,5Cam,radiation_shield,P1,Prop_05_radiation_shield,operator_lane,0.0,1.0,0.0,0,919,0,1.0,1.0,0.9945593035908596,0.8803046789989118,86.86331428242265
28,C1_standard_cath,5Cam,uhd_tv,P3,Prop_06_uhd_tv,screen_side,0.0,0.0,0.0,0,1656,3,1.0,1.0,0.9885265700483091,0.8888888888888888,87.14579444434004
28,C1_standard_cath,5Cam,waste_bin,P3,Prop_07_waste_bin,waste_corner,0.0,1.0,0.0,0,248,0,0.9879032258064516,0.9879032258064516,0.0,0.0,0.0
28,C1_standard_cath,5Cam,doctor_ultrasound,P2,Prop_08_doctor_ultrasound,peripheral_support,0.0,1.0,0.0,0,917,0,1.0,1.0,0.9694656488549618,0.5038167938931297,93.19354811085296
28,C1_standard_cath,5Cam,ultrasound,P2,Prop_09_ultrasound,peripheral_support,0.0,1.0,0.0,0,955,0,0.9832460732984293,0.9832460732984293,0.381151832460733,0.0,36.146887538971654
28,C1_standard_cath,5Cam,ceiling_lamp,P3,Prop_10_ceiling_lamp,ceiling_over_table,0.0,1.0,0.0,0,302,0,1.0,1.0,1.0,0.9966887417218543,103.04117154479523
32,C1_standard_cath,5Cam,patient,P1,Prop_00_patient,table_patient,0.550471063257066,0.6205882352941177,0.5631976422433146,1,743,680,0.8048452220726783,0.8048452220726783,0.6123822341857336,0.24629878869448182,89.4244176759635
32,C1_standard_cath,5Cam,doctor_operator,P1,Prop_01_doctor_operator,operator_lane,0.0,0.0,0.0,0,1589,1,1.0,1.0,0.9968533668974198,0.802391441157961,77.46991118393153
32,C1_standard_cath,5Cam,medical_trolley,P2,Prop_02_medical_trolley,operator_peripheral_equipment,0.0,1.0,0.0,0,832,0,1.0,1.0,1.0,0.9326923076923077,83.58161107017278
32,C1_standard_cath,5Cam,doctor_anesthesia,P2,Prop_03_doctor_anesthesia,head_anesthesia_corner,0.0,1.0,0.0,0,871,0,1.0,1.0,0.9977037887485649,0.7818599311136625,85.9087601505362
32,C1_standard_cath,5Cam,anesthesia_machine,P2,Prop_04_anesthesia_machine,head_anesthesia_corner,0.0,1.0,0.0,0,959,0,0.9989572471324296,0.9989572471324296,0.9739311783107404,0.6444212721584984,74.52726022893935
32,C1_standard_cath,5Cam,radiation_shield,P1,Prop_05_radiation_shield,operator_lane,0.0,1.0,0.0,0,705,0,1.0,1.0,0.9943262411347518,0.7914893617021277,86.25879137909605
32,C1_standard_cath,5Cam,uhd_tv,P3,Prop_06_uhd_tv,screen_side,0.005306603773584905,0.3333333333333333,0.006606959330494787,0,1696,3,1.0,1.0,0.9929245283018868,0.8915094339622641,86.57750508561459
32,C1_standard_cath,5Cam,waste_bin,P3,Prop_07_waste_bin,waste_corner,0.0,1.0,0.0,0,257,0,0.914396887159533,0.914396887159533,0.042801556420233464,0.0,64.39781769160403
32,C1_standard_cath,5Cam,doctor_ultrasound,P2,Prop_08_doctor_ultrasound,peripheral_support,0.0,1.0,0.0,0,953,0,1.0,1.0,0.9601259181532005,0.4144805876180483,95.45912911697691
32,C1_standard_cath,5Cam,ultrasound,P2,Prop_09_ultrasound,peripheral_support,0.0,1.0,0.0,0,1093,0,0.9917657822506862,0.9917657822506862,0.48581884720951507,0.0,36.60839228585465
32,C1_standard_cath,5Cam,ceiling_lamp,P3,Prop_10_ceiling_lamp,ceiling_over_table,0.0,1.0,0.0,0,256,0,1.0,1.0,1.0,1.0,103.05527550827894
36,C1_standard_cath,5Cam,patient,P1,Prop_00_patient,table_patient,0.5598923283983849,0.6722129783693843,0.5792497987184152,1,743,601,0.8088829071332436,0.8088829071332436,0.6406460296096904,0.23149394347240915,87.16035990250859
36,C1_standard_cath,5Cam,doctor_operator,P1,Prop_01_doctor_operator,operator_lane,0.0,1.0,0.0,0,1366,0,1.0,1.0,0.9956076134699854,0.8594436310395315,80.89611441515694
36,C1_standard_cath,5Cam,medical_trolley,P2,Prop_02_medical_trolley,operator_peripheral_equipment,0.01583949313621964,1.0,0.01972127267946358,0,947,1,1.0,1.0,1.0,0.9904963041182682,84.0726737311388
36,C1_standard_cath,5Cam,doctor_anesthesia,P2,Prop_03_doctor_anesthesia,head_anesthesia_corner,0.0,1.0,0.0,0,836,0,1.0,1.0,0.9964114832535885,0.8002392344497608,84.58657350274855
36,C1_standard_cath,5Cam,anesthesia_machine,P2,Prop_04_anesthesia_machine,head_anesthesia_corner,0.009532888465204958,1.0,0.011887779362815029,0,1049,1,0.9990467111534795,0.9990467111534795,0.9866539561487131,0.7883698760724499,73.30716595436496
36,C1_standard_cath,5Cam,radiation_shield,P1,Prop_05_radiation_shield,operator_lane,0.0,1.0,0.0,0,1052,0,1.0,1.0,0.9857414448669202,0.7728136882129277,79.90676278425025
36,C1_standard_cath,5Cam,uhd_tv,P3,Prop_06_uhd_tv,screen_side,0.0054611650485436895,1.0,0.006817148916830783,0,1648,1,1.0,1.0,0.9902912621359223,0.8932038834951457,87.4404329102268
36,C1_standard_cath,5Cam,waste_bin,P3,Prop_07_waste_bin,waste_corner,0.0,1.0,0.0,0,266,0,0.9887218045112782,0.9887218045112782,0.07894736842105263,0.0,70.8037964449796
36,C1_standard_cath,5Cam,doctor_ultrasound,P2,Prop_08_doctor_ultrasound,peripheral_support,0.0,1.0,0.0,0,991,0,1.0,1.0,0.9273461150353178,0.35822401614530774,98.31656468667036
36,C1_standard_cath,5Cam,ultrasound,P2,Prop_09_ultrasound,peripheral_support,0.0,1.0,0.0,0,1021,0,0.990205680705191,0.990205680705191,0.3281096963761019,0.0,39.13626097384417
36,C1_standard_cath,5Cam,ceiling_lamp,P3,Prop_10_ceiling_lamp,ceiling_over_table,0.0,1.0,0.0,0,331,0,1.0,1.0,1.0,0.9939577039274925,103.03518159360851
1,N1_mirrored_head,5Cam,patient,P1,Prop_00_patient,table_patient,0.4332425068119891,0.549367088607595,0.45236665521644853,1,734,395,0.7384196185286104,0.7384196185286104,0.4427792915531335,0.11989100817438691,103.67643849990591
1,N1_mirrored_head,5Cam,doctor_operator,P1,Prop_01_doctor_operator,operator_lane,0.0045871559633027525,0.0051813471502590676,0.004694835680751174,0,872,193,0.9977064220183486,0.9977064220183486,0.8291284403669725,0.49655963302752293,99.9476215244478
1,N1_mirrored_head,5Cam,medical_trolley,P2,Prop_02_medical_trolley,operator_peripheral_equipment,0.0,1.0,0.0,0,863,0,1.0,1.0,0.9837775202780996,0.5840092699884125,81.82461431316379
1,N1_mirrored_head,5Cam,doctor_anesthesia,P2,Prop_03_doctor_anesthesia,head_anesthesia_corner,0.0,0.0,0.0,0,989,334,1.0,1.0,1.0,0.9969666329625885,100.02991036122894
1,N1_mirrored_head,5Cam,anesthesia_machine,P2,Prop_04_anesthesia_machine,head_anesthesia_corner,0.0,1.0,0.0,0,1116,0,0.996415770609319,0.996415770609319,0.8494623655913979,0.460573476702509,90.69103083083252
1,N1_mirrored_head,5Cam,radiation_shield,P1,Prop_05_radiation_shield,operator_lane,0.0,1.0,0.0,0,865,0,1.0,1.0,0.9942196531791907,0.8208092485549133,88.4415005130748
1,N1_mirrored_head,5Cam,uhd_tv,P3,Prop_06_uhd_tv,screen_side,0.0,0.0,0.0,0,1584,1,1.0,1.0,0.9987373737373737,0.922979797979798,100.76118939708812
1,N1_mirrored_head,5Cam,waste_bin,P3,Prop_07_waste_bin,waste_corner,0.0,1.0,0.0,0,263,0,1.0,1.0,0.9543726235741445,0.0,50.783363916275576
1,N1_mirrored_head,5Cam,doctor_ultrasound,P2,Prop_08_doctor_ultrasound,peripheral_support,0.0,1.0,0.0,0,932,0,0.9881974248927039,0.9881974248927039,0.30793991416309013,0.0,98.26960582763455
1,N1_mirrored_head,5Cam,ultrasound,P2,Prop_09_ultrasound,peripheral_support,0.0,1.0,0.0,0,851,0,0.7614571092831962,0.7614571092831962,0.0,0.0,0.0
1,N1_mirrored_head,5Cam,ceiling_lamp,P3,Prop_10_ceiling_lamp,ceiling_over_table,0.0,1.0,0.0,0,302,0,1.0,1.0,1.0,0.9900662251655629,99.9619041700276
5,N1_mirrored_head,5Cam,patient,P1,Prop_00_patient,table_patient,0.5620052770448549,0.5991316931982634,0.5690578427918179,1,758,691,0.7467018469656992,0.7467018469656992,0.4630606860158311,0.1424802110817942,103.8498676232397
5,N1_mirrored_head,5Cam,doctor_operator,P1,Prop_01_doctor_operator,operator_lane,0.0048638132295719845,0.0056179775280898875,0.0049980007996801275,0,1028,178,1.0,1.0,0.8317120622568094,0.5330739299610895,99.13290388260573
5,N1_mirrored_head,5Cam,medical_trolley,P2,Prop_02_medical_trolley,operator_peripheral_equipment,0.0,1.0,0.0,0,854,0,0.9988290398126464,0.9988290398126464,0.9660421545667447,0.4672131147540984,83.80104556094001
5,N1_mirrored_head,5Cam,doctor_anesthesia,P2,Prop_03_doctor_anesthesia,head_anesthesia_corner,0.0,0.0,0.0,0,1006,97,1.0,1.0,1.0,0.9960238568588469,98.57844823335172
5,N1_mirrored_head,5Cam,anesthesia_machine,P2,Prop_04_anesthesia_machine,head_anesthesia_corner,0.0,0.0,0.0,0,1104,2,0.9972826086956522,0.9972826086956522,0.8442028985507246,0.4148550724637681,88.79646025725924
5,N1_mirrored_head,5Cam,radiation_shield,P1,Prop_05_radiation_shield,operator_lane,0.009081735620585268,0.5,0.011300853842290307,0,991,2,1.0,1.0,0.9949545913218971,0.8960645812310797,88.27082056142842
5,N1_mirrored_head,5Cam,uhd_tv,P3,Prop_06_uhd_tv,screen_side,0.005681818181818182,0.5,0.007082152974504249,0,1584,2,1.0,1.0,0.9993686868686869,0.8737373737373737,101.12152200919944
5,N1_mirrored_head,5Cam,waste_bin,P3,Prop_07_waste_bin,waste_corner,0.0,1.0,0.0,0,241,0,1.0,1.0,0.9626556016597511,0.0,51.0502082091329
5,N1_mirrored_head,5Cam,doctor_ultrasound,P2,Prop_08_doctor_ultrasound,peripheral_support,0.0,1.0,0.0,0,956,0,0.9686192468619247,0.9686192468619247,0.20815899581589958,0.0,96.76941646583336
5,N1_mirrored_head,5Cam,ultrasound,P2,Prop_09_ultrasound,peripheral_support,0.0,1.0,0.0,0,971,0,0.39340885684860966,0.39340885684860966,0.003089598352214212,0.0,89.14321735680544
5,N1_mirrored_head,5Cam,ceiling_lamp,P3,Prop_10_ceiling_lamp,ceiling_over_table,0.0,1.0,0.0,0,296,0,1.0,1.0,1.0,1.0,98.64020878977571
9,N1_mirrored_head,5Cam,patient,P1,Prop_00_patient,table_patient,0.292,0.5463258785942492,0.32197741541096425,1,750,313,0.732,0.732,0.47733333333333333,0.13066666666666665,102.09512966542587
9,N1_mirrored_head,5Cam,doctor_operator,P1,Prop_01_doctor_operator,operator_lane,0.05075593952483801,0.15339233038348082,0.05859758992236538,1,926,339,0.9989200863930886,0.9989200863930886,0.8336933045356372,0.4719222462203024,101.71292196711856
9,N1_mirrored_head,5Cam,medical_trolley,P2,Prop_02_medical_trolley,operator_peripheral_equipment,0.0,1.0,0.0,0,936,0,1.0,1.0,0.9967948717948718,0.8717948717948718,78.40516368406843
9,N1_mirrored_head,5Cam,doctor_anesthesia,P2,Prop_03_doctor_anesthesia,head_anesthesia_corner,0.044534412955465584,0.06236559139784946,0.047235466579796846,0,988,465,1.0,1.0,1.0,0.9939271255060729,97.2559143921391
9,N1_mirrored_head,5Cam,anesthesia_machine,P2,Prop_04_anesthesia_machine,head_anesthesia_corner,0.0,1.0,0.0,0,1127,0,0.997338065661047,0.997338065661047,0.9006211180124224,0.4968944099378882,90.61008408245145
9,N1_mirrored_head,5Cam,radiation_shield,P1,Prop_05_radiation_shield,operator_lane,0.010273972602739725,1.0,0.012809564474807857,0,876,1,1.0,1.0,0.9965753424657534,0.8276255707762558,90.3899496362396
9,N1_mirrored_head,5Cam,uhd_tv,P3,Prop_06_uhd_tv,screen_side,0.005681818181818182,0.3333333333333333,0.0070721357850070735,0,1584,3,1.0,1.0,0.9987373737373737,0.898989898989899,100.89046529313849
9,N1_mirrored_head,5Cam,waste_bin,P3,Prop_07_waste_bin,waste_corner,0.0,1.0,0.0,0,316,0,1.0,1.0,0.9715189873417721,0.0,51.88013161466558
9,N1_mirrored_head,5Cam,doctor_ultrasound,P2,Prop_08_doctor_ultrasound,peripheral_support,0.0,1.0,0.0,0,908,0,0.9019823788546255,0.9019823788546255,0.1288546255506608,0.0,94.30674453085625
9,N1_mirrored_head,5Cam,ultrasound,P2,Prop_09_ultrasound,peripheral_support,0.0,1.0,0.0,0,870,0,0.506896551724138,0.506896551724138,0.009195402298850575,0.0,89.39852817835524
9,N1_mirrored_head,5Cam,ceiling_lamp,P3,Prop_10_ceiling_lamp,ceiling_over_table,0.0,1.0,0.0,0,250,0,1.0,1.0,1.0,0.992,98.88072959548417
13,N1_mirrored_head,5Cam,patient,P1,Prop_00_patient,table_patient,0.4582210242587601,0.5905172413793104,0.47971558982978235,1,742,464,0.7762803234501348,0.7762803234501348,0.4919137466307278,0.12398921832884097,98.20758631731321
13,N1_mirrored_head,5Cam,doctor_operator,P1,Prop_01_doctor_operator,operator_lane,0.14178302900107412,0.2739420935412027,0.1569241475295755,1,931,449,0.9419978517722879,0.9419978517722879,0.7175080558539205,0.34049409237379163,99.18779998830593
13,N1_mirrored_head,5Cam,medical_trolley,P2,Prop_02_medical_trolley,operator_peripheral_equipment,0.0,1.0,0.0,0,835,0,1.0,1.0,0.9748502994011976,0.6119760479041916,83.45896655946626
13,N1_mirrored_head,5Cam,doctor_anesthesia,P2,Prop_03_doctor_anesthesia,head_anesthesia_corner,0.16046511627906976,0.22727272727272727,0.17048823878236807,1,860,814,0.9953488372093023,0.9953488372093023,0.9883720930232558,0.9686046511627907,99.95428632463238
13,N1_mirrored_head,5Cam,anesthesia_machine,P2,Prop_04_anesthesia_machine,head_anesthesia_corner,0.0,1.0,0.0,0,1012,0,0.9960474308300395,0.9960474308300395,0.758893280632411,0.3547430830039526,91.02308748660342
13,N1_mirrored_head,5Cam,radiation_shield,P1,Prop_05_radiation_shield,operator_lane,0.0,1.0,0.0,0,1067,0,1.0,1.0,0.993439550140581,0.8687910028116214,88.80262679976633
13,N1_mirrored_head,5Cam,uhd_tv,P3,Prop_06_uhd_tv,screen_side,0.00946969696969697,0.25,0.01172607879924953,0,1584,8,1.0,1.0,0.9993686868686869,0.9381313131313131,101.14003723314961
13,N1_mirrored_head,5Cam,waste_bin,P3,Prop_07_waste_bin,waste_corner,0.03088803088803089,1.0,0.038314176245210725,0,259,1,1.0,1.0,0.9768339768339769,0.0,52.788333027214144
13,N1_mirrored_head,5Cam,doctor_ultrasound,P2,Prop_08_doctor_ultrasound,peripheral_support,0.0,1.0,0.0,0,917,0,0.9661941112322792,0.9661941112322792,0.2420937840785169,0.0,96.7782480284837
13,N1_mirrored_head,5Cam,ultrasound,P2,Prop_09_ultrasound,peripheral_support,0.0,1.0,0.0,0,937,0,0.7075773745997865,0.7075773745997865,0.023479188900747065,0.0,91.31677660395387
13,N1_mirrored_head,5Cam,ceiling_lamp,P3,Prop_10_ceiling_lamp,ceiling_over_table,0.0,1.0,0.0,0,270,0,1.0,1.0,1.0,0.9888888888888889,98.61930020719257
17,N1_mirrored_head,5Cam,patient,P1,Prop_00_patient,table_patient,0.4973474801061008,0.6155339805825243,0.5172089728741025,1,754,515,0.7625994694960212,0.7625994694960212,0.5225464190981433,0.1870026525198939,99.13950061875508
17,N1_mirrored_head,5Cam,doctor_operator,P1,Prop_01_doctor_operator,operator_lane,0.010224948875255624,0.006042296072507553,0.008981498113885397,0,978,331,0.9989775051124744,0.9989775051124744,0.8384458077709611,0.5296523517382413,99.56490316454573
17,N1_mirrored_head,5Cam,medical_trolley,P2,Prop_02_medical_trolley,operator_peripheral_equipment,0.0,1.0,0.0,0,868,0,1.0,1.0,0.9907834101382489,0.7361751152073732,80.12301186011726
17,N1_mirrored_head,5Cam,doctor_anesthesia,P2,Prop_03_doctor_anesthesia,head_anesthesia_corner,0.004826254826254826,0.0025252525252525255,0.004082299150881777,0,1036,396,1.0,1.0,1.0,0.9893822393822393,97.66941181503138
17,N1_mirrored_head,5Cam,anesthesia_machine,P2,Prop_04_anesthesia_machine,head_anesthesia_corner,0.0,1.0,0.0,0,1078,0,0.9981447124304267,0.9981447124304267,0.9499072356215214,0.5788497217068646,89.20699002243953
17,N1_mirrored_head,5Cam,radiation_shield,P1,Prop_05_radiation_shield,operator_lane,0.0,1.0,0.0,0,731,0,0.9986320109439124,0.9986320109439124,0.9904240766073872,0.8276333789329685,91.56864705196354
17,N1_mirrored_head,5Cam,uhd_tv,P3,Prop_06_uhd_tv,screen_side,0.005681818181818182,1.0,0.007092198581560284,0,1584,1,0.9993686868686869,0.9993686868686869,0.9242424242424242,0.7424242424242424,95.0262809091085
17,N1_mirrored_head,5Cam,waste_bin,P3,Prop_07_waste_bin,waste_corner,0.0,1.0,0.0,0,262,0,1.0,1.0,0.9694656488549618,0.0,48.709341048406834
17,N1_mirrored_head,5Cam,doctor_ultrasound,P2,Prop_08_doctor_ultrasound,peripheral_support,0.0,1.0,0.0,0,869,0,1.0,1.0,0.24971231300345226,0.0,98.66752429918502
17,N1_mirrored_head,5Cam,ultrasound,P2,Prop_09_ultrasound,peripheral_support,0.0,1.0,0.0,0,945,0,0.7111111111111111,0.7111111111111111,0.0,0.0,0.0
17,N1_mirrored_head,5Cam,ceiling_lamp,P3,Prop_10_ceiling_lamp,ceiling_over_table,0.0,1.0,0.0,0,330,0,1.0,1.0,1.0,0.9848484848484849,98.9109409394468
21,N1_mirrored_head,5Cam,patient,P1,Prop_00_patient,table_patient,0.5416666666666666,0.6597353497164461,0.5617741016814838,1,720,529,0.7777777777777778,0.7777777777777778,0.5,0.1597222222222222,104.14146251868398
21,N1_mirrored_head,5Cam,doctor_operator,P1,Prop_01_doctor_operator,operator_lane,0.010112359550561797,0.011111111111111112,0.010297482837528604,0,890,180,0.9921348314606742,0.9921348314606742,0.8651685393258427,0.5056179775280899,98.11076570137892
21,N1_mirrored_head,5Cam,medical_trolley,P2,Prop_02_medical_trolley,operator_peripheral_equipment,0.012806830309498399,1.0,0.015957446808510637,0,937,1,1.0,1.0,0.967982924226254,0.4066168623265742,84.92089074187354
21,N1_mirrored_head,5Cam,doctor_anesthesia,P2,Prop_03_doctor_anesthesia,head_anesthesia_corner,0.0,0.0,0.0,0,885,390,1.0,1.0,1.0,0.9966101694915255,99.8245914009148
21,N1_mirrored_head,5Cam,anesthesia_machine,P2,Prop_04_anesthesia_machine,head_anesthesia_corner,0.0,0.0,0.0,0,992,1,0.998991935483871,0.998991935483871,0.9112903225806451,0.5100806451612904,90.04618040917761
21,N1_mirrored_head,5Cam,radiation_shield,P1,Prop_05_radiation_shield,operator_lane,0.021810250817884406,1.0,0.027114967462039046,0,917,2,1.0,1.0,0.9836423118865867,0.6412213740458015,89.95998770324836
21,N1_mirrored_head,5Cam,uhd_tv,P3,Prop_06_uhd_tv,screen_side,0.005681818181818182,0.05555555555555555,0.0069252077562326885,0,1584,18,1.0,1.0,1.0,0.9053030303030303,100.35483920429796
21,N1_mirrored_head,5Cam,waste_bin,P3,Prop_07_waste_bin,waste_corner,0.0,1.0,0.0,0,260,0,1.0,1.0,0.95,0.0,52.386001577206564
21,N1_mirrored_head,5Cam,doctor_ultrasound,P2,Prop_08_doctor_ultrasound,peripheral_support,0.0,1.0,0.0,0,912,0,0.8103070175438597,0.8103070175438597,0.23355263157894737,0.0,95.97252713028907
21,N1_mirrored_head,5Cam,ultrasound,P2,Prop_09_ultrasound,peripheral_support,0.0,1.0,0.0,0,881,0,0.5811577752553916,0.5811577752553916,0.0,0.0,0.0
21,N1_mirrored_head,5Cam,ceiling_lamp,P3,Prop_10_ceiling_lamp,ceiling_over_table,0.0,1.0,0.0,0,291,0,1.0,1.0,1.0,0.9862542955326461,98.37449781544285
25,N1_mirrored_head,5Cam,patient,P1,Prop_00_patient,table_patient,0.5257452574525745,0.6344827586206897,0.5444052659191566,1,738,580,0.7994579945799458,0.7994579945799458,0.6178861788617886,0.26287262872628725,100.6386606404928
25,N1_mirrored_head,5Cam,doctor_operator,P1,Prop_01_doctor_operator,operator_lane,0.08690987124463519,0.27017543859649124,0.10055103968839978,1,932,285,0.9892703862660944,0.9892703862660944,0.759656652360515,0.398068669527897,97.21975217803092
25,N1_mirrored_head,5Cam,medical_trolley,P2,Prop_02_medical_trolley,operator_peripheral_equipment,0.0,1.0,0.0,0,873,0,1.0,1.0,0.9702176403207331,0.31958762886597936,87.1716565803671
25,N1_mirrored_head,5Cam,doctor_anesthesia,P2,Prop_03_doctor_anesthesia,head_anesthesia_corner,0.09936575052854123,0.17673716012084592,0.10890057747605732,1,946,662,1.0,1.0,0.9978858350951374,0.9830866807610994,99.41613460418208
25,N1_mirrored_head,5Cam,anesthesia_machine,P2,Prop_04_anesthesia_machine,head_anesthesia_corner,0.0,1.0,0.0,0,1094,0,0.9990859232175503,0.9990859232175503,0.9305301645338209,0.5950639853747715,90.72575579892596
25,N1_mirrored_head,5Cam,radiation_shield,P1,Prop_05_radiation_shield,operator_lane,0.0,1.0,0.0,0,937,0,1.0,1.0,0.9957310565635006,0.8772678762006404,90.12246796985075
25,N1_mirrored_head,5Cam,uhd_tv,P3,Prop_06_uhd_tv,screen_side,0.003787878787878788,0.3333333333333333,0.004721435316336166,0,1584,3,0.9993686868686869,0.9993686868686869,0.9412878787878788,0.7948232323232324,96.48565411013286
25,N1_mirrored_head,5Cam,waste_bin,P3,Prop_07_waste_bin,waste_corner,0.0,1.0,0.0,0,250,0,1.0,1.0,0.984,0.0,51.18302763829746
25,N1_mirrored_head,5Cam,doctor_ultrasound,P2,Prop_08_doctor_ultrasound,peripheral_support,0.0,1.0,0.0,0,943,0,0.809119830328738,0.809119830328738,0.0,0.0,0.0
25,N1_mirrored_head,5Cam,ultrasound,P2,Prop_09_ultrasound,peripheral_support,0.0,1.0,0.0,0,993,0,0.1822759315206445,0.1822759315206445,0.0,0.0,0.0
25,N1_mirrored_head,5Cam,ceiling_lamp,P3,Prop_10_ceiling_lamp,ceiling_over_table,0.0,1.0,0.0,0,250,0,1.0,1.0,1.0,0.984,98.72423361467872
29,N1_mirrored_head,5Cam,patient,P1,Prop_00_patient,table_patient,0.55249343832021,0.6739446870451238,0.5731508876174615,1,762,687,0.7808398950131233,0.7808398950131233,0.526246719160105,0.15748031496062992,96.06690965670883
29,N1_mirrored_head,5Cam,doctor_operator,P1,Prop_01_doctor_operator,operator_lane,0.14532520325203252,0.2823741007194245,0.1609482981102859,1,984,556,0.9654471544715447,0.9654471544715447,0.7245934959349594,0.39634146341463417,96.50347433787987
29,N1_mirrored_head,5Cam,medical_trolley,P2,Prop_02_medical_trolley,operator_peripheral_equipment,0.0,1.0,0.0,0,1033,0,1.0,1.0,0.9738625363020329,0.5401742497579864,81.90304029910176
29,N1_mirrored_head,5Cam,doctor_anesthesia,P2,Prop_03_doctor_anesthesia,head_anesthesia_corner,0.13745019920318724,0.136327185244587,0.13722411868891887,1,1004,1247,0.999003984063745,0.999003984063745,0.9970119521912351,0.9551792828685259,96.24981795495385
29,N1_mirrored_head,5Cam,anesthesia_machine,P2,Prop_04_anesthesia_machine,head_anesthesia_corner,0.008152173913043478,0.5,0.010148849797023005,0,1104,2,1.0,1.0,0.9338768115942029,0.5715579710144928,87.91149109431464
29,N1_mirrored_head,5Cam,radiation_shield,P1,Prop_05_radiation_shield,operator_lane,0.10749185667752444,0.4824561403508772,0.12727553224313487,1,921,114,1.0,1.0,0.992399565689468,0.8251900108577633,87.8237119670636
29,N1_mirrored_head,5Cam,uhd_tv,P3,Prop_06_uhd_tv,screen_side,0.00946969696969697,0.13333333333333333,0.01163061177017911,0,1584,15,0.9993686868686869,0.9993686868686869,0.9330808080808081,0.7525252525252525,95.29682881847691
29,N1_mirrored_head,5Cam,waste_bin,P3,Prop_07_waste_bin,waste_corner,0.0,1.0,0.0,0,270,0,1.0,1.0,0.9814814814814815,0.0,49.87472372331719
29,N1_mirrored_head,5Cam,doctor_ultrasound,P2,Prop_08_doctor_ultrasound,peripheral_support,0.0,1.0,0.0,0,905,0,0.7171270718232045,0.7171270718232045,0.10165745856353592,0.0,93.43638454207039
29,N1_mirrored_head,5Cam,ultrasound,P2,Prop_09_ultrasound,peripheral_support,0.0,1.0,0.0,0,1048,0,0.6288167938931297,0.6288167938931297,0.0057251908396946565,0.0,91.1760540500029
29,N1_mirrored_head,5Cam,ceiling_lamp,P3,Prop_10_ceiling_lamp,ceiling_over_table,0.0,1.0,0.0,0,334,0,1.0,1.0,1.0,0.9940119760479041,98.57513464804002
33,N1_mirrored_head,5Cam,patient,P1,Prop_00_patient,table_patient,0.5445945945945946,0.6309090909090909,0.5599149563170159,1,740,550,0.7743243243243243,0.7743243243243243,0.4783783783783784,0.20270270270270271,103.77537491705546
33,N1_mirrored_head,5Cam,doctor_operator,P1,Prop_01_doctor_operator,operator_lane,0.016268980477223426,0.02531645569620253,0.01752131760308375,0,922,79,0.9989154013015185,0.9989154013015185,0.851409978308026,0.56941431670282,97.69520397134224
33,N1_mirrored_head,5Cam,medical_trolley,P2,Prop_02_medical_trolley,operator_peripheral_equipment,0.0,1.0,0.0,0,998,0,1.0,1.0,0.9879759519038076,0.8226452905811623,79.01478180398901
33,N1_mirrored_head,5Cam,doctor_anesthesia,P2,Prop_03_doctor_anesthesia,head_anesthesia_corner,0.0,0.0,0.0,0,1085,26,1.0,1.0,1.0,0.9944700460829493,99.35828975053705
33,N1_mirrored_head,5Cam,anesthesia_machine,P2,Prop_04_anesthesia_machine,head_anesthesia_corner,0.0,1.0,0.0,0,1143,0,0.9965004374453194,0.9965004374453194,0.910761154855643,0.5406824146981627,88.5616643354634
33,N1_mirrored_head,5Cam,radiation_shield,P1,Prop_05_radiation_shield,operator_lane,0.00351288056206089,1.0,0.004387247733255337,0,854,1,1.0,1.0,0.9953161592505855,0.9028103044496487,89.25787933366308
33,N1_mirrored_head,5Cam,uhd_tv,P3,Prop_06_uhd_tv,screen_side,0.005681818181818182,1.0,0.007092198581560284,0,1584,1,1.0,1.0,0.9457070707070707,0.8712121212121212,98.81219089293059
33,N1_mirrored_head,5Cam,waste_bin,P3,Prop_07_waste_bin,waste_corner,0.0,1.0,0.0,0,255,0,1.0,1.0,0.9803921568627451,0.0,51.2287724843287
33,N1_mirrored_head,5Cam,doctor_ultrasound,P2,Prop_08_doctor_ultrasound,peripheral_support,0.0,1.0,0.0,0,935,0,0.8299465240641711,0.8299465240641711,0.17433155080213902,0.0,96.28016641078815
33,N1_mirrored_head,5Cam,ultrasound,P2,Prop_09_ultrasound,peripheral_support,0.0,1.0,0.0,0,862,0,0.8317865429234339,0.8317865429234339,0.025522041763341066,0.0,91.88454132061842
33,N1_mirrored_head,5Cam,ceiling_lamp,P3,Prop_10_ceiling_lamp,ceiling_over_table,0.0,1.0,0.0,0,296,0,1.0,1.0,1.0,0.9932432432432432,98.9328184658018
37,N1_mirrored_head,5Cam,patient,P1,Prop_00_patient,table_patient,0.54,0.6710526315789473,0.5619490695396671,1,750,532,0.7613333333333333,0.7613333333333333,0.5253333333333333,0.23466666666666666,104.28558734141446
37,N1_mirrored_head,5Cam,doctor_operator,P1,Prop_01_doctor_operator,operator_lane,0.0,0.0,0.0,0,1003,309,0.9980059820538385,0.9980059820538385,0.8325024925224327,0.49750747756729813,98.63238508298721
37,N1_mirrored_head,5Cam,medical_trolley,P2,Prop_02_medical_trolley,operator_peripheral_equipment,0.0,1.0,0.0,0,916,0,0.9989082969432315,0.9989082969432315,0.9770742358078602,0.5185589519650655,81.47013176249797
37,N1_mirrored_head,5Cam,doctor_anesthesia,P2,Prop_03_doctor_anesthesia,head_anesthesia_corner,0.0,0.0,0.0,0,987,142,1.0,1.0,1.0,0.9979736575481256,99.18297181752047
37,N1_mirrored_head,5Cam,anesthesia_machine,P2,Prop_04_anesthesia_machine,head_anesthesia_corner,0.0,1.0,0.0,0,1071,0,0.996265172735761,0.996265172735761,0.873015873015873,0.5126050420168067,88.71465763526707
37,N1_mirrored_head,5Cam,radiation_shield,P1,Prop_05_radiation_shield,operator_lane,0.02200956937799043,0.6666666666666666,0.027286748131450943,0,1045,3,1.0,1.0,0.9885167464114832,0.8660287081339713,87.94669379936408
37,N1_mirrored_head,5Cam,uhd_tv,P3,Prop_06_uhd_tv,screen_side,0.005681818181818182,0.02857142857142857,0.006765899864682003,0,1584,35,1.0,1.0,0.9993686868686869,0.8756313131313131,100.6416797070609
37,N1_mirrored_head,5Cam,waste_bin,P3,Prop_07_waste_bin,waste_corner,0.0,1.0,0.0,0,248,0,1.0,1.0,0.9838709677419355,0.0,48.29619892371921
37,N1_mirrored_head,5Cam,doctor_ultrasound,P2,Prop_08_doctor_ultrasound,peripheral_support,0.0,0.0,0.0,0,908,1,0.9933920704845814,0.9933920704845814,0.02643171806167401,0.0,98.40015863117667
37,N1_mirrored_head,5Cam,ultrasound,P2,Prop_09_ultrasound,peripheral_support,0.0,1.0,0.0,0,969,0,0.3364293085655315,0.3364293085655315,0.008255933952528379,0.0,88.36944887532289
37,N1_mirrored_head,5Cam,ceiling_lamp,P3,Prop_10_ceiling_lamp,ceiling_over_table,0.0,1.0,0.0,0,259,0,1.0,1.0,1.0,0.9922779922779923,98.45999350644753
2,C2_radial_echo,5Cam,patient,P1,Prop_00_patient,table_patient,0.5609756097560976,0.6546052631578947,0.5774957101039669,1,738,608,0.8075880758807588,0.8075880758807588,0.5894308943089431,0.23983739837398374,91.01143966642955
2,C2_radial_echo,5Cam,doctor_operator,P1,Prop_01_doctor_operator,operator_lane,0.0488997555012225,0.8115942028985508,0.060217643769624504,0,1636,69,1.0,1.0,0.9859413202933985,0.780562347188264,94.8654589796228
2,C2_radial_echo,5Cam,medical_trolley,P2,Prop_02_medical_trolley,operator_peripheral_equipment,0.0,1.0,0.0,0,1048,0,1.0,1.0,0.9914122137404581,0.7146946564885496,83.10544086581037
2,C2_radial_echo,5Cam,doctor_anesthesia,P2,Prop_03_doctor_anesthesia,head_anesthesia_corner,0.06807511737089202,0.2109090909090909,0.07874015748031495,1,852,275,0.9988262910798122,0.9988262910798122,0.9929577464788732,0.8098591549295775,86.94144937911126
2,C2_radial_echo,5Cam,anesthesia_machine,P2,Prop_04_anesthesia_machine,head_anesthesia_corner,0.0,0.0,0.0,0,1108,2,1.0,1.0,0.9918772563176895,0.8601083032490975,72.91093657200749
2,C2_radial_echo,5Cam,radiation_shield,P1,Prop_05_radiation_shield,operator_lane,0.038293216630196934,0.75,0.04726323370543752,0,914,4,0.9989059080962801,0.9989059080962801,0.9792122538293216,0.8402625820568927,91.59270331402567
2,C2_radial_echo,5Cam,uhd_tv,P3,Prop_06_uhd_tv,screen_side,0.010380622837370242,0.6666666666666666,0.012925463162429986,0,1734,3,1.0,1.0,0.9913494809688581,0.8500576701268743,87.49467969056435
2,C2_radial_echo,5Cam,waste_bin,P3,Prop_07_waste_bin,waste_corner,0.0,1.0,0.0,0,270,0,0.9666666666666667,0.9666666666666667,0.29259259259259257,0.0,63.28119353247625
2,C2_radial_echo,5Cam,doctor_ultrasound,P2,Prop_08_doctor_ultrasound,peripheral_support,0.0,1.0,0.0,0,1038,0,1.0,1.0,0.9393063583815029,0.24277456647398843,74.67935970646873
2,C2_radial_echo,5Cam,ultrasound,P2,Prop_09_ultrasound,peripheral_support,0.009503695881731784,1.0,0.011851461680273902,0,947,1,0.9577613516367476,0.9577613516367476,0.5723336853220697,0.01689545934530095,40.78862465306403
2,C2_radial_echo,5Cam,ceiling_lamp,P3,Prop_10_ceiling_lamp,ceiling_over_table,0.0,1.0,0.0,0,332,0,1.0,1.0,1.0,0.9969879518072289,104.74227854820055
6,C2_radial_echo,5Cam,patient,P1,Prop_00_patient,table_patient,0.530718954248366,0.6381909547738693,0.5492166829280763,1,765,597,0.8261437908496732,0.8261437908496732,0.6745098039215687,0.2222222222222222,86.62726861594099
6,C2_radial_echo,5Cam,doctor_operator,P1,Prop_01_doctor_operator,operator_lane,0.0,0.0,0.0,0,1466,1,1.0,1.0,0.9781718963165075,0.6828103683492497,87.68653993861365
6,C2_radial_echo,5Cam,medical_trolley,P2,Prop_02_medical_trolley,operator_peripheral_equipment,0.0,1.0,0.0,0,997,0,1.0,1.0,0.995987963891675,0.8254764292878636,83.30869764939543
6,C2_radial_echo,5Cam,doctor_anesthesia,P2,Prop_03_doctor_anesthesia,head_anesthesia_corner,0.0,0.0,0.0,0,854,62,1.0,1.0,0.9953161592505855,0.8430913348946136,86.18509037622694
6,C2_radial_echo,5Cam,anesthesia_machine,P2,Prop_04_anesthesia_machine,head_anesthesia_corner,0.0,0.0,0.0,0,1099,1,1.0,1.0,0.9927206551410374,0.7898089171974523,74.56503308022458
6,C2_radial_echo,5Cam,radiation_shield,P1,Prop_05_radiation_shield,operator_lane,0.009698275862068966,0.2,0.011977641735427202,0,928,5,0.9967672413793104,0.9967672413793104,0.9644396551724138,0.8254310344827587,88.27813068584773
6,C2_radial_echo,5Cam,uhd_tv,P3,Prop_06_uhd_tv,screen_side,0.0,0.0,0.0,0,1713,2,1.0,1.0,0.9889083479276124,0.8499708114419148,87.47813301948838
6,C2_radial_echo,5Cam,waste_bin,P3,Prop_07_waste_bin,waste_corner,0.0,1.0,0.0,0,243,0,0.9876543209876543,0.9876543209876543,0.0,0.0,0.0
6,C2_radial_echo,5Cam,doctor_ultrasound,P2,Prop_08_doctor_ultrasound,peripheral_support,0.0,1.0,0.0,0,1041,0,0.9980787704130644,0.9980787704130644,0.9212295869356388,0.23150816522574447,63.71767512315827
6,C2_radial_echo,5Cam,ultrasound,P2,Prop_09_ultrasound,peripheral_support,0.0,1.0,0.0,0,928,0,0.9816810344827587,0.9816810344827587,0.6379310344827587,0.018318965517241378,40.6101293319471
6,C2_radial_echo,5Cam,ceiling_lamp,P3,Prop_10_ceiling_lamp,ceiling_over_table,0.0,1.0,0.0,0,277,0,1.0,1.0,1.0,0.9927797833935018,104.46439725989568
10,C2_radial_echo,5Cam,patient,P1,Prop_00_patient,table_patient,0.594488188976378,0.6891117478510028,0.6112753200671949,1,762,698,0.8188976377952756,0.8188976377952756,0.615485564304462,0.20866141732283464,86.3285920556285
10,C2_radial_echo,5Cam,doctor_operator,P1,Prop_01_doctor_operator,operator_lane,0.0013745704467353953,0.5,0.0017170329670329672,0,1455,2,1.0,1.0,0.9951890034364261,0.7099656357388316,87.81594196964811
10,C2_radial_echo,5Cam,medical_trolley,P2,Prop_02_medical_trolley,operator_peripheral_equipment,0.0,1.0,0.0,0,947,0,1.0,1.0,0.996832101372756,0.9102428722280888,84.085550955565
10,C2_radial_echo,5Cam,doctor_anesthesia,P2,Prop_03_doctor_anesthesia,head_anesthesia_corner,0.0,0.0,0.0,0,873,143,1.0,1.0,0.995418098510882,0.8602520045819015,83.71646693621338
10,C2_radial_echo,5Cam,anesthesia_machine,P2,Prop_04_anesthesia_machine,head_anesthesia_corner,0.00273224043715847,0.5,0.0034106412005457023,0,1098,2,1.0,1.0,0.9954462659380692,0.8779599271402551,73.20978502505915
10,C2_radial_echo,5Cam,radiation_shield,P1,Prop_05_radiation_shield,operator_lane,0.02693965517241379,0.21052631578947367,0.03263068589701755,0,928,19,0.9978448275862069,0.9978448275862069,0.9321120689655172,0.84375,91.31657668594478
10,C2_radial_echo,5Cam,uhd_tv,P3,Prop_06_uhd_tv,screen_side,0.0,1.0,0.0,0,1721,0,1.0,1.0,0.9965136548518303,0.8221963974433469,87.05826901130744
10,C2_radial_echo,5Cam,waste_bin,P3,Prop_07_waste_bin,waste_corner,0.0,1.0,0.0,0,272,0,0.9852941176470589,0.9852941176470589,0.07720588235294118,0.0,66.53845109011279
10,C2_radial_echo,5Cam,doctor_ultrasound,P2,Prop_08_doctor_ultrasound,peripheral_support,0.0,1.0,0.0,0,1058,0,1.0,1.0,0.9206049149338374,0.1824196597353497,66.7268950823983
10,C2_radial_echo,5Cam,ultrasound,P2,Prop_09_ultrasound,peripheral_support,0.0,0.0,0.0,0,830,1,0.9759036144578314,0.9759036144578314,0.6457831325301204,0.03253012048192771,48.6620809721168
10,C2_radial_echo,5Cam,ceiling_lamp,P3,Prop_10_ceiling_lamp,ceiling_over_table,0.0,1.0,0.0,0,306,0,1.0,1.0,1.0,1.0,104.39588701613127
14,C2_radial_echo,5Cam,patient,P1,Prop_00_patient,table_patient,0.5396600566572238,0.6507177033492823,0.5587317470826603,1,706,627,0.8257790368271954,0.8257790368271954,0.6019830028328612,0.23229461756373937,86.06932290129356
14,C2_radial_echo,5Cam,doctor_operator,P1,Prop_01_doctor_operator,operator_lane,0.016959798994974875,0.9166666666666666,0.02110214289774342,0,1592,12,1.0,1.0,0.9981155778894473,0.9717336683417085,102.52139430772279
14,C2_radial_echo,5Cam,medical_trolley,P2,Prop_02_medical_trolley,operator_peripheral_equipment,0.0,1.0,0.0,0,1011,0,0.9980217606330366,0.9980217606330366,0.9752720079129574,0.7181008902077152,83.42001143914189
14,C2_radial_echo,5Cam,doctor_anesthesia,P2,Prop_03_doctor_anesthesia,head_anesthesia_corner,0.044340723453908985,0.23529411764705882,0.05293216325393509,0,857,85,1.0,1.0,0.9953325554259043,0.780630105017503,84.95661393120002
14,C2_radial_echo,5Cam,anesthesia_machine,P2,Prop_04_anesthesia_machine,head_anesthesia_corner,0.0,1.0,0.0,0,1090,0,0.9990825688073395,0.9990825688073395,0.9706422018348624,0.5825688073394495,73.95101137379284
14,C2_radial_echo,5Cam,radiation_shield,P1,Prop_05_radiation_shield,operator_lane,0.0,1.0,0.0,0,923,0,0.9978331527627302,0.9978331527627302,0.9599133261105092,0.8548212351029253,92.0724801100058
14,C2_radial_echo,5Cam,uhd_tv,P3,Prop_06_uhd_tv,screen_side,0.0,1.0,0.0,0,1720,0,1.0,1.0,1.0,0.977906976744186,96.67276209603502
14,C2_radial_echo,5Cam,waste_bin,P3,Prop_07_waste_bin,waste_corner,0.0,1.0,0.0,0,281,0,0.9928825622775801,0.9928825622775801,0.05693950177935943,0.0,69.66676528472247
14,C2_radial_echo,5Cam,doctor_ultrasound,P2,Prop_08_doctor_ultrasound,peripheral_support,0.0009302325581395349,0.3333333333333333,0.0011619800139437602,0,1075,3,0.9441860465116279,0.9441860465116279,0.28093023255813954,0.008372093023255815,70.46172757032568
14,C2_radial_echo,5Cam,ultrasound,P2,Prop_09_ultrasound,peripheral_support,0.007376185458377239,0.5,0.009186351706036745,0,949,2,0.9715489989462592,0.9715489989462592,0.3951527924130664,0.0,35.92984251110622
14,C2_radial_echo,5Cam,ceiling_lamp,P3,Prop_10_ceiling_lamp,ceiling_over_table,0.0,1.0,0.0,0,296,0,1.0,1.0,1.0,0.9932432432432432,104.6986681832977
18,C2_radial_echo,5Cam,patient,P1,Prop_00_patient,table_patient,0.5735294117647058,0.6523668639053254,0.5877347658492577,1,748,676,0.8114973262032086,0.8114973262032086,0.5721925133689839,0.16711229946524064,83.58326279417436
18,C2_radial_echo,5Cam,doctor_operator,P1,Prop_01_doctor_operator,operator_lane,0.025,1.0,0.03105590062111801,0,1480,23,0.9986486486486487,0.9986486486486487,0.9608108108108108,0.7351351351351352,92.4652417219287
18,C2_radial_echo,5Cam,medical_trolley,P2,Prop_02_medical_trolley,operator_peripheral_equipment,0.0,1.0,0.0,0,854,0,1.0,1.0,0.9976580796252927,0.9519906323185011,83.79748869429334
18,C2_radial_echo,5Cam,doctor_anesthesia,P2,Prop_03_doctor_anesthesia,head_anesthesia_corner,0.009280742459396751,0.02666666666666667,0.010672358591248664,0,862,75,1.0,1.0,0.9988399071925754,0.9013921113689095,82.94159174024864
18,C2_radial_echo,5Cam,anesthesia_machine,P2,Prop_04_anesthesia_machine,head_anesthesia_corner,0.008144796380090498,1.0,0.010160307067058026,0,1105,1,0.9990950226244344,0.9990950226244344,0.9773755656108597,0.7384615384615385,73.53905597729623
18,C2_radial_echo,5Cam,radiation_shield,P1,Prop_05_radiation_shield,operator_lane,0.004746835443037975,1.0,0.005926511260371394,0,632,1,0.9984177215189873,0.9984177215189873,0.9620253164556962,0.8892405063291139,88.9306127836329
18,C2_radial_echo,5Cam,uhd_tv,P3,Prop_06_uhd_tv,screen_side,0.0,1.0,0.0,0,1718,0,1.0,1.0,0.9644935972060535,0.8346915017462165,87.80916297074685
18,C2_radial_echo,5Cam,waste_bin,P3,Prop_07_waste_bin,waste_corner,0.0,1.0,0.0,0,265,0,0.9962264150943396,0.9962264150943396,0.03018867924528302,0.0,70.64517828518979
18,C2_radial_echo,5Cam,doctor_ultrasound,P2,Prop_08_doctor_ultrasound,peripheral_support,0.0,1.0,0.0,0,1099,0,0.997270245677889,0.997270245677889,0.9044585987261147,0.13830755232029118,65.32215475582292
18,C2_radial_echo,5Cam,ultrasound,P2,Prop_09_ultrasound,peripheral_support,0.0,1.0,0.0,0,835,0,0.9796407185628743,0.9796407185628743,0.644311377245509,0.0,35.02908381822089
18,C2_radial_echo,5Cam,ceiling_lamp,P3,Prop_10_ceiling_lamp,ceiling_over_table,0.0,1.0,0.0,0,330,0,1.0,1.0,1.0,0.996969696969697,104.15463026680159
22,C2_radial_echo,5Cam,patient,P1,Prop_00_patient,table_patient,0.5536959553695955,0.6755407653910149,0.574417054821615,1,717,601,0.797768479776848,0.797768479776848,0.595536959553696,0.2398884239888424,89.16756181657749
22,C2_radial_echo,5Cam,doctor_operator,P1,Prop_01_doctor_operator,operator_lane,0.0005707762557077625,0.3333333333333333,0.0007131650263871059,0,1752,3,1.0,1.0,0.9937214611872146,0.7996575342465754,93.53476990403828
22,C2_radial_echo,5Cam,medical_trolley,P2,Prop_02_medical_trolley,operator_peripheral_equipment,0.0,1.0,0.0,0,882,0,1.0,1.0,0.9569160997732427,0.6485260770975056,83.47020697631847
22,C2_radial_echo,5Cam,doctor_anesthesia,P2,Prop_03_doctor_anesthesia,head_anesthesia_corner,0.0,0.0,0.0,0,829,44,1.0,1.0,0.9975874547647768,0.8468033775633294,87.8800551015333
22,C2_radial_echo,5Cam,anesthesia_machine,P2,Prop_04_anesthesia_machine,head_anesthesia_corner,0.0,0.0,0.0,0,1094,1,1.0,1.0,0.9780621572212066,0.7129798903107861,72.98616318580805
22,C2_radial_echo,5Cam,radiation_shield,P1,Prop_05_radiation_shield,operator_lane,0.0,1.0,0.0,0,1045,0,1.0,1.0,0.9904306220095693,0.8679425837320575,90.84308947520965
22,C2_radial_echo,5Cam,uhd_tv,P3,Prop_06_uhd_tv,screen_side,0.005166475315729047,1.0,0.006449763508671349,0,1742,1,1.0,1.0,0.9942594718714122,0.8633754305396096,87.48660235708853
22,C2_radial_echo,5Cam,waste_bin,P3,Prop_07_waste_bin,waste_corner,0.0,1.0,0.0,0,304,0,0.993421052631579,0.993421052631579,0.20394736842105263,0.0,69.41822185813882
22,C2_radial_echo,5Cam,doctor_ultrasound,P2,Prop_08_doctor_ultrasound,peripheral_support,0.0,1.0,0.0,0,1045,0,0.9368421052631579,0.9368421052631579,0.19808612440191387,0.0019138755980861245,88.13636909307941
22,C2_radial_echo,5Cam,ultrasound,P2,Prop_09_ultrasound,peripheral_support,0.0,1.0,0.0,0,791,0,0.7269279393173198,0.7269279393173198,0.11630847029077118,0.0,35.45959222630879
22,C2_radial_echo,5Cam,ceiling_lamp,P3,Prop_10_ceiling_lamp,ceiling_over_table,0.0,1.0,0.0,0,253,0,1.0,1.0,1.0,1.0,104.56243094131266
26,C2_radial_echo,5Cam,patient,P1,Prop_00_patient,table_patient,0.5887978142076503,0.6571834992887624,0.6013121712550786,1,732,703,0.8046448087431693,0.8046448087431693,0.6188524590163934,0.24863387978142076,89.51902378417671
26,C2_radial_echo,5Cam,doctor_operator,P1,Prop_01_doctor_operator,operator_lane,0.005418422636965683,1.0,0.0067638659251465505,0,1661,1,1.0,1.0,0.9969897652016857,0.7766405779650812,90.68126479382173
26,C2_radial_echo,5Cam,medical_trolley,P2,Prop_02_medical_trolley,operator_peripheral_equipment,0.0,1.0,0.0,0,870,0,1.0,1.0,0.996551724137931,0.9022988505747126,83.92618473007306
26,C2_radial_echo,5Cam,doctor_anesthesia,P2,Prop_03_doctor_anesthesia,head_anesthesia_corner,0.010575793184488837,0.023809523809523808,0.01189846641988366,0,851,42,1.0,1.0,0.9952996474735605,0.7755581668625147,86.3382099969705
26,C2_radial_echo,5Cam,anesthesia_machine,P2,Prop_04_anesthesia_machine,head_anesthesia_corner,0.010978956999085087,0.5,0.013648771610555051,0,1093,2,1.0,1.0,0.9634034766697164,0.6999085086916743,75.1538332467326
26,C2_radial_echo,5Cam,radiation_shield,P1,Prop_05_radiation_shield,operator_lane,0.020599250936329586,1.0,0.025617140195621797,0,1068,3,1.0,1.0,0.9634831460674157,0.8689138576779026,90.84059312492462
26,C2_radial_echo,5Cam,uhd_tv,P3,Prop_06_uhd_tv,screen_side,0.0,1.0,0.0,0,1711,0,1.0,1.0,0.9970777323202805,0.8655756867329047,87.89187989970124
26,C2_radial_echo,5Cam,waste_bin,P3,Prop_07_waste_bin,waste_corner,0.0,1.0,0.0,0,245,0,0.9836734693877551,0.9836734693877551,0.0,0.0,0.0
26,C2_radial_echo,5Cam,doctor_ultrasound,P2,Prop_08_doctor_ultrasound,peripheral_support,0.0,0.0,0.0,0,1011,1,1.0,1.0,0.897131552917903,0.19980217606330367,70.20551520978239
26,C2_radial_echo,5Cam,ultrasound,P2,Prop_09_ultrasound,peripheral_support,0.0,1.0,0.0,0,913,0,0.9780941949616648,0.9780941949616648,0.6692223439211391,0.018619934282584884,43.763299812342474
26,C2_radial_echo,5Cam,ceiling_lamp,P3,Prop_10_ceiling_lamp,ceiling_over_table,0.0,1.0,0.0,0,297,0,1.0,1.0,1.0,0.9966329966329966,104.10673939411004
30,C2_radial_echo,5Cam,patient,P1,Prop_00_patient,table_patient,0.5651577503429356,0.6469622331691297,0.5798207187822365,1,729,609,0.8093278463648834,0.8093278463648834,0.6296296296296297,0.262002743484225,90.91592844329077
30,C2_radial_echo,5Cam,doctor_operator,P1,Prop_01_doctor_operator,operator_lane,0.01767825574543312,1.0,0.022000586682311533,0,1697,7,1.0,1.0,0.9923394225103123,0.8420742486741308,95.84515071316311
30,C2_radial_echo,5Cam,medical_trolley,P2,Prop_02_medical_trolley,operator_peripheral_equipment,0.0,1.0,0.0,0,842,0,1.0,1.0,1.0,0.9833729216152018,83.70418753483555
30,C2_radial_echo,5Cam,doctor_anesthesia,P2,Prop_03_doctor_anesthesia,head_anesthesia_corner,0.0,0.0,0.0,0,851,14,1.0,1.0,0.9988249118683902,0.8037602820211516,85.23830351177388
30,C2_radial_echo,5Cam,anesthesia_machine,P2,Prop_04_anesthesia_machine,head_anesthesia_corner,0.0371713508612874,0.4727272727272727,0.04556840818350475,0,1103,55,0.99909338168631,0.99909338168631,0.9809610154125114,0.728921124206709,73.2876335666866
30,C2_radial_echo,5Cam,radiation_shield,P1,Prop_05_radiation_shield,operator_lane,0.0,1.0,0.0,0,1071,0,0.9990662931839402,0.9990662931839402,0.954248366013072,0.711484593837535,87.37513296203767
30,C2_radial_echo,5Cam,uhd_tv,P3,Prop_06_uhd_tv,screen_side,0.005260081823495032,1.0,0.006566467240624544,0,1711,1,1.0,1.0,0.9848042080654588,0.8848626534190532,88.23552419230177
30,C2_radial_echo,5Cam,waste_bin,P3,Prop_07_waste_bin,waste_corner,0.0,1.0,0.0,0,296,0,0.9932432432432432,0.9932432432432432,0.0945945945945946,0.0,76.19964049832512
30,C2_radial_echo,5Cam,doctor_ultrasound,P2,Prop_08_doctor_ultrasound,peripheral_support,0.0,1.0,0.0,0,1086,0,1.0,1.0,0.8480662983425414,0.19889502762430938,69.20903943528049
30,C2_radial_echo,5Cam,ultrasound,P2,Prop_09_ultrasound,peripheral_support,0.0,1.0,0.0,0,866,0,0.9872979214780601,0.9872979214780601,0.6628175519630485,0.02424942263279446,43.08338473308843
30,C2_radial_echo,5Cam,ceiling_lamp,P3,Prop_10_ceiling_lamp,ceiling_over_table,0.0,1.0,0.0,0,330,0,1.0,1.0,1.0,1.0,104.7187735605328
34,C2_radial_echo,5Cam,patient,P1,Prop_00_patient,table_patient,0.561662198391421,0.6836734693877551,0.5824515540063904,1,746,588,0.8109919571045576,0.8109919571045576,0.596514745308311,0.23458445040214476,88.97587969297084
34,C2_radial_echo,5Cam,doctor_operator,P1,Prop_01_doctor_operator,operator_lane,0.0,1.0,0.0,0,1707,0,1.0,1.0,0.9958992384299942,0.7961335676625659,94.7820381930644
34,C2_radial_echo,5Cam,medical_trolley,P2,Prop_02_medical_trolley,operator_peripheral_equipment,0.0,1.0,0.0,0,921,0,1.0,1.0,0.997828447339848,0.9826275787187839,83.3985215615204
34,C2_radial_echo,5Cam,doctor_anesthesia,P2,Prop_03_doctor_anesthesia,head_anesthesia_corner,0.0,0.0,0.0,0,861,20,1.0,1.0,0.9930313588850174,0.7804878048780488,86.15602552021198
34,C2_radial_echo,5Cam,anesthesia_machine,P2,Prop_04_anesthesia_machine,head_anesthesia_corner,0.0,0.0,0.0,0,1087,1,1.0,1.0,0.983440662373505,0.7626494940202392,73.55807728347855
34,C2_radial_echo,5Cam,radiation_shield,P1,Prop_05_radiation_shield,operator_lane,0.0,0.0,0.0,0,932,1,0.9978540772532188,0.9978540772532188,0.9366952789699571,0.8326180257510729,91.38263349262785
34,C2_radial_echo,5Cam,uhd_tv,P3,Prop_06_uhd_tv,screen_side,0.0,1.0,0.0,0,1737,0,1.0,1.0,0.9959700633275763,0.853195164075993,88.93053433411086
34,C2_radial_echo,5Cam,waste_bin,P3,Prop_07_waste_bin,waste_corner,0.0,1.0,0.0,0,237,0,0.9873417721518988,0.9873417721518988,0.09282700421940929,0.0,68.20639461081697
34,C2_radial_echo,5Cam,doctor_ultrasound,P2,Prop_08_doctor_ultrasound,peripheral_support,0.0,1.0,0.0,0,1033,0,1.0,1.0,0.9060987415295256,0.24878993223620524,69.46675293319893
34,C2_radial_echo,5Cam,ultrasound,P2,Prop_09_ultrasound,peripheral_support,0.0,1.0,0.0,0,838,0,0.9701670644391408,0.9701670644391408,0.6121718377088305,0.04295942720763723,47.94914034087963
34,C2_radial_echo,5Cam,ceiling_lamp,P3,Prop_10_ceiling_lamp,ceiling_over_table,0.0,1.0,0.0,0,297,0,1.0,1.0,1.0,0.9966329966329966,104.19593539453312
38,C2_radial_echo,5Cam,patient,P1,Prop_00_patient,table_patient,0.5263852242744064,0.6766666666666666,0.550853105838443,1,758,600,0.8139841688654353,0.8139841688654353,0.6807387862796834,0.22559366754617413,85.84221129236039
38,C2_radial_echo,5Cam,doctor_operator,P1,Prop_01_doctor_operator,operator_lane,0.004623513870541612,0.6666666666666666,0.00576938926893596,0,1514,3,1.0,1.0,0.9986789960369881,0.7899603698811096,92.34038191493461
38,C2_radial_echo,5Cam,medical_trolley,P2,Prop_02_medical_trolley,operator_peripheral_equipment,0.0,1.0,0.0,0,876,0,1.0,1.0,1.0,0.980593607305936,83.38356636930867
38,C2_radial_echo,5Cam,doctor_anesthesia,P2,Prop_03_doctor_anesthesia,head_anesthesia_corner,0.0,0.0,0.0,0,886,24,1.0,1.0,0.9920993227990971,0.7753950338600452,85.97039234195314
38,C2_radial_echo,5Cam,anesthesia_machine,P2,Prop_04_anesthesia_machine,head_anesthesia_corner,0.0078397212543554,1.0,0.00978048250380352,0,1148,1,1.0,1.0,0.9973867595818815,0.9146341463414634,71.99708020977711
38,C2_radial_echo,5Cam,radiation_shield,P1,Prop_05_radiation_shield,operator_lane,0.0,1.0,0.0,0,941,0,0.9968119022316685,0.9968119022316685,0.953241232731137,0.7481402763018066,87.62071300673968
38,C2_radial_echo,5Cam,uhd_tv,P3,Prop_06_uhd_tv,screen_side,0.005238649592549476,1.0,0.006539747129777648,0,1718,1,1.0,1.0,0.9982537834691502,0.8690337601862631,87.75566787464216
38,C2_radial_echo,5Cam,waste_bin,P3,Prop_07_waste_bin,waste_corner,0.0,1.0,0.0,0,315,0,0.9968253968253968,0.9968253968253968,0.2857142857142857,0.0,78.70848047848266
38,C2_radial_echo,5Cam,doctor_ultrasound,P2,Prop_08_doctor_ultrasound,peripheral_support,0.0,1.0,0.0,0,1055,0,0.9990521327014218,0.9990521327014218,0.9469194312796209,0.23601895734597156,76.54340597894515
38,C2_radial_echo,5Cam,ultrasound,P2,Prop_09_ultrasound,peripheral_support,0.0,1.0,0.0,0,906,0,0.9746136865342163,0.9746136865342163,0.5728476821192053,0.0,35.3473653623799
38,C2_radial_echo,5Cam,ceiling_lamp,P3,Prop_10_ceiling_lamp,ceiling_over_table,0.0,1.0,0.0,0,330,0,1.0,1.0,1.0,1.0,104.13493944808667
3,N2_mirrored_support,5Cam,patient,P1,Prop_00_patient,table_patient,0.5511288180610889,0.6856677524429967,0.5736402904531074,1,753,614,0.798140770252324,0.798140770252324,0.598937583001328,0.2337317397078353,101.61870359372612
3,N2_mirrored_support,5Cam,doctor_operator,P1,Prop_01_doctor_operator,operator_lane,0.19609856262833675,0.5656934306569343,0.22557427912235947,1,974,274,0.9548254620123203,0.9548254620123203,0.688911704312115,0.2597535934291581,93.76197412187967
3,N2_mirrored_support,5Cam,medical_trolley,P2,Prop_02_medical_trolley,operator_peripheral_equipment,0.0,1.0,0.0,0,867,0,1.0,1.0,0.9815455594002307,0.5467128027681661,86.13656221268913
3,N2_mirrored_support,5Cam,doctor_anesthesia,P2,Prop_03_doctor_anesthesia,head_anesthesia_corner,0.265717674970344,0.1905829596412556,0.24629777193654204,1,843,1338,0.9644128113879004,0.9644128113879004,0.9157769869513642,0.6180308422301305,94.64334677224184
3,N2_mirrored_support,5Cam,anesthesia_machine,P2,Prop_04_anesthesia_machine,head_anesthesia_corner,0.0,1.0,0.0,0,1103,0,0.9945602901178604,0.9945602901178604,0.8313689936536718,0.34270172257479603,87.17685326043717
3,N2_mirrored_support,5Cam,radiation_shield,P1,Prop_05_radiation_shield,operator_lane,0.3370429252782194,0.6581920903954802,0.3734900404672179,1,629,354,0.9697933227344993,0.9697933227344993,0.8680445151033387,0.6772655007949125,87.43724441637119
3,N2_mirrored_support,5Cam,uhd_tv,P3,Prop_06_uhd_tv,screen_side,0.013257575757575758,1.0,0.01651722510618216,0,1584,2,1.0,1.0,0.9987373737373737,0.9248737373737373,101.74081180573846
3,N2_mirrored_support,5Cam,waste_bin,P3,Prop_07_waste_bin,waste_corner,0.0,1.0,0.0,0,243,0,1.0,1.0,0.9794238683127572,0.0,51.06922916591636
3,N2_mirrored_support,5Cam,doctor_ultrasound,P2,Prop_08_doctor_ultrasound,peripheral_support,0.0,1.0,0.0,0,948,0,0.9356540084388185,0.9356540084388185,0.017932489451476793,0.0,94.7792029024564
3,N2_mirrored_support,5Cam,ultrasound,P2,Prop_09_ultrasound,peripheral_support,0.0,1.0,0.0,0,940,0,0.25638297872340426,0.25638297872340426,0.03297872340425532,0.0,88.07447654929052
3,N2_mirrored_support,5Cam,ceiling_lamp,P3,Prop_10_ceiling_lamp,ceiling_over_table,0.03409090909090909,1.0,0.04225352112676056,0,264,1,1.0,1.0,1.0,0.9886363636363636,97.63074174828395
7,N2_mirrored_support,5Cam,patient,P1,Prop_00_patient,table_patient,0.6013422818791946,0.6513761467889908,0.6107245441838317,1,745,763,0.8201342281879195,0.8201342281879195,0.6013422818791946,0.24161073825503357,98.60140109923631
7,N2_mirrored_support,5Cam,doctor_operator,P1,Prop_01_doctor_operator,operator_lane,0.32821075740944017,0.6763485477178424,0.36587636311222754,1,911,482,0.9495060373216246,0.9495060373216246,0.7914379802414928,0.3918770581778266,94.7765504021138
7,N2_mirrored_support,5Cam,medical_trolley,P2,Prop_02_medical_trolley,operator_peripheral_equipment,0.0,1.0,0.0,0,888,0,1.0,1.0,0.9819819819819819,0.6813063063063063,84.20930681163375
7,N2_mirrored_support,5Cam,doctor_anesthesia,P2,Prop_03_doctor_anesthesia,head_anesthesia_corner,0.6177884615384616,0.5015441630636195,0.5904198102023991,1,832,1619,0.921875,0.921875,0.7884615384615384,0.5036057692307693,92.6643728452557
7,N2_mirrored_support,5Cam,anesthesia_machine,P2,Prop_04_anesthesia_machine,head_anesthesia_corner,0.0,1.0,0.0,0,1096,0,0.9945255474452555,0.9945255474452555,0.7709854014598541,0.18704379562043796,81.74474994989426
7,N2_mirrored_support,5Cam,radiation_shield,P1,Prop_05_radiation_shield,operator_lane,0.2003012048192771,0.37175792507204614,0.2206546202816539,1,664,347,0.9849397590361446,0.9849397590361446,0.8960843373493976,0.572289156626506,89.59354801581567
7,N2_mirrored_support,5Cam,uhd_tv,P3,Prop_06_uhd_tv,screen_side,0.0,0.0,0.0,0,1584,1,1.0,1.0,0.9987373737373737,0.8049242424242424,100.20628318687731
7,N2_mirrored_support,5Cam,waste_bin,P3,Prop_07_waste_bin,waste_corner,0.0,1.0,0.0,0,263,0,1.0,1.0,0.935361216730038,0.0,52.637716646958154
7,N2_mirrored_support,5Cam,doctor_ultrasound,P2,Prop_08_doctor_ultrasound,peripheral_support,0.0,1.0,0.0,0,949,0,1.0,1.0,0.012644889357218124,0.0,94.14579182884118
7,N2_mirrored_support,5Cam,ultrasound,P2,Prop_09_ultrasound,peripheral_support,0.0,1.0,0.0,0,996,0,0.17670682730923695,0.17670682730923695,0.0030120481927710845,0.0,88.26736091105575
7,N2_mirrored_support,5Cam,ceiling_lamp,P3,Prop_10_ceiling_lamp,ceiling_over_table,0.0,1.0,0.0,0,291,0,1.0,1.0,1.0,0.9828178694158075,98.31434691965244
11,N2_mirrored_support,5Cam,patient,P1,Prop_00_patient,table_patient,0.5830860534124629,0.6534954407294833,0.5959274237344081,1,674,658,0.8026706231454006,0.8026706231454006,0.5356083086053413,0.16172106824925817,101.50966646534505
11,N2_mirrored_support,5Cam,doctor_operator,P1,Prop_01_doctor_operator,operator_lane,0.31431334622823986,0.5454545454545454,0.34341868902116873,1,1034,726,0.9284332688588007,0.9284332688588007,0.6943907156673114,0.27079303675048355,94.32965456290253
11,N2_mirrored_support,5Cam,medical_trolley,P2,Prop_02_medical_trolley,operator_peripheral_equipment,0.0,1.0,0.0,0,887,0,1.0,1.0,0.9898534385569335,0.7609921082299888,82.05281608854959
11,N2_mirrored_support,5Cam,doctor_anesthesia,P2,Prop_03_doctor_anesthesia,head_anesthesia_corner,0.41273584905660377,0.3345388788426763,0.39430255642028084,1,848,1659,0.9492924528301887,0.9492924528301887,0.8974056603773585,0.6898584905660378,91.31778349914424
11,N2_mirrored_support,5Cam,anesthesia_machine,P2,Prop_04_anesthesia_machine,head_anesthesia_corner,0.0,1.0,0.0,0,971,0,0.995880535530381,0.995880535530381,0.776519052523172,0.25231719876416064,87.52207082993408
11,N2_mirrored_support,5Cam,radiation_shield,P1,Prop_05_radiation_shield,operator_lane,0.22413793103448276,0.7508896797153025,0.26071666191426673,1,1044,281,0.9846743295019157,0.9846743295019157,0.9185823754789272,0.7164750957854407,88.75181664663211
11,N2_mirrored_support,5Cam,uhd_tv,P3,Prop_06_uhd_tv,screen_side,0.00946969696969697,0.5,0.011781338360037702,0,1584,4,1.0,1.0,0.9981060606060606,0.827020202020202,100.73526055385399
11,N2_mirrored_support,5Cam,waste_bin,P3,Prop_07_waste_bin,waste_corner,0.0,1.0,0.0,0,247,0,1.0,1.0,0.979757085020243,0.0,53.588813812350985
11,N2_mirrored_support,5Cam,doctor_ultrasound,P2,Prop_08_doctor_ultrasound,peripheral_support,0.0,1.0,0.0,0,986,0,0.9523326572008114,0.9523326572008114,0.0,0.0,0.0
11,N2_mirrored_support,5Cam,ultrasound,P2,Prop_09_ultrasound,peripheral_support,0.0,1.0,0.0,0,1044,0,0.03065134099616858,0.03065134099616858,0.0,0.0,0.0
11,N2_mirrored_support,5Cam,ceiling_lamp,P3,Prop_10_ceiling_lamp,ceiling_over_table,0.0,1.0,0.0,0,333,0,1.0,1.0,1.0,1.0,99.32185042633219
15,N2_mirrored_support,5Cam,patient,P1,Prop_00_patient,table_patient,0.4329446064139942,0.5847826086956521,0.456658771131607,1,686,460,0.7798833819241983,0.7798833819241983,0.47230320699708456,0.07725947521865889,97.58989122062329
15,N2_mirrored_support,5Cam,doctor_operator,P1,Prop_01_doctor_operator,operator_lane,0.20851063829787234,0.4071550255536627,0.2310563760984599,1,940,587,0.9340425531914893,0.9340425531914893,0.6861702127659575,0.3202127659574468,101.59678492271178
15,N2_mirrored_support,5Cam,medical_trolley,P2,Prop_02_medical_trolley,operator_peripheral_equipment,0.0,1.0,0.0,0,866,0,1.0,1.0,0.9988452655889145,0.9549653579676675,76.25160359108936
15,N2_mirrored_support,5Cam,doctor_anesthesia,P2,Prop_03_doctor_anesthesia,head_anesthesia_corner,0.20059880239520958,0.21530382595648911,0.20337688765354534,1,1002,1333,0.9910179640718563,0.9910179640718563,0.9750499001996008,0.8782435129740519,86.89208454940332
15,N2_mirrored_support,5Cam,anesthesia_machine,P2,Prop_04_anesthesia_machine,head_anesthesia_corner,0.0,1.0,0.0,0,1122,0,0.9964349376114082,0.9964349376114082,0.8823529411764706,0.3770053475935829,82.65055145242071
15,N2_mirrored_support,5Cam,radiation_shield,P1,Prop_05_radiation_shield,operator_lane,0.11745689655172414,0.71875,0.14105824630896652,1,928,96,1.0,1.0,0.9859913793103449,0.7823275862068966,91.17044780996457
15,N2_mirrored_support,5Cam,uhd_tv,P3,Prop_06_uhd_tv,screen_side,0.017045454545454544,1.0,0.021216407355021217,0,1584,3,1.0,1.0,1.0,0.8768939393939394,101.63536305398382
15,N2_mirrored_support,5Cam,waste_bin,P3,Prop_07_waste_bin,waste_corner,0.0,1.0,0.0,0,282,0,1.0,1.0,0.9893617021276596,0.0,49.85827835581585
15,N2_mirrored_support,5Cam,doctor_ultrasound,P2,Prop_08_doctor_ultrasound,peripheral_support,0.0,1.0,0.0,0,981,0,0.8837920489296636,0.8837920489296636,0.0,0.0,0.0
15,N2_mirrored_support,5Cam,ultrasound,P2,Prop_09_ultrasound,peripheral_support,0.0,1.0,0.0,0,951,0,0.03995793901156677,0.03995793901156677,0.0,0.0,0.0
15,N2_mirrored_support,5Cam,ceiling_lamp,P3,Prop_10_ceiling_lamp,ceiling_over_table,0.0,1.0,0.0,0,259,0,1.0,1.0,1.0,1.0,98.29553689365211
19,N2_mirrored_support,5Cam,patient,P1,Prop_00_patient,table_patient,0.6057068741893644,0.6487549148099607,0.6138533040239502,1,771,763,0.8106355382619974,0.8106355382619974,0.5875486381322957,0.28793774319066145,98.8782480384982
19,N2_mirrored_support,5Cam,doctor_operator,P1,Prop_01_doctor_operator,operator_lane,0.22510822510822512,0.39792387543252594,0.2465206780555373,1,924,578,0.9545454545454546,0.9545454545454546,0.7402597402597403,0.2305194805194805,96.15470524355942
19,N2_mirrored_support,5Cam,medical_trolley,P2,Prop_02_medical_trolley,operator_peripheral_equipment,0.0,1.0,0.0,0,939,0,1.0,1.0,0.9925452609158679,0.8146964856230032,79.12882475099107
19,N2_mirrored_support,5Cam,doctor_anesthesia,P2,Prop_03_doctor_anesthesia,head_anesthesia_corner,0.20512820512820512,0.20076923076923076,0.2042413334376712,1,1014,1300,0.9881656804733728,0.9881656804733728,0.9664694280078896,0.8086785009861933,95.2884295719218
19,N2_mirrored_support,5Cam,anesthesia_machine,P2,Prop_04_anesthesia_machine,head_anesthesia_corner,0.0,0.0,0.0,0,1073,1,1.0,1.0,0.8900279589934762,0.3727865796831314,85.08836842509456
19,N2_mirrored_support,5Cam,radiation_shield,P1,Prop_05_radiation_shield,operator_lane,0.12538860103626942,0.8089171974522293,0.1508885210038157,1,965,157,0.9989637305699481,0.9989637305699481,0.9658031088082901,0.45284974093264246,92.80594256446989
19,N2_mirrored_support,5Cam,uhd_tv,P3,Prop_06_uhd_tv,screen_side,0.005681818181818182,0.5,0.007082152974504249,0,1584,2,1.0,1.0,0.9993686868686869,0.8926767676767676,101.1877350717202
19,N2_mirrored_support,5Cam,waste_bin,P3,Prop_07_waste_bin,waste_corner,0.0,1.0,0.0,0,234,0,0.9957264957264957,0.9957264957264957,0.9615384615384616,0.0,48.965649951908105
19,N2_mirrored_support,5Cam,doctor_ultrasound,P2,Prop_08_doctor_ultrasound,peripheral_support,0.0,1.0,0.0,0,982,0,0.994908350305499,0.994908350305499,0.16191446028513237,0.008146639511201629,100.40815770411454
19,N2_mirrored_support,5Cam,ultrasound,P2,Prop_09_ultrasound,peripheral_support,0.0,1.0,0.0,0,1051,0,0.11132254995242626,0.11132254995242626,0.0,0.0,0.0
19,N2_mirrored_support,5Cam,ceiling_lamp,P3,Prop_10_ceiling_lamp,ceiling_over_table,0.029801324503311258,1.0,0.03697617091207888,0,302,1,1.0,1.0,1.0,0.9933774834437086,98.06224104217597
23,N2_mirrored_support,5Cam,patient,P1,Prop_00_patient,table_patient,0.3042895442359249,0.6125827814569537,0.3383451983100062,1,746,302,0.6943699731903485,0.6943699731903485,0.5509383378016086,0.15683646112600536,97.68550556528469
23,N2_mirrored_support,5Cam,doctor_operator,P1,Prop_01_doctor_operator,operator_lane,0.2854100106496273,0.4850615114235501,0.31101259052699914,1,939,569,0.9158679446219382,0.9158679446219382,0.6208732694355698,0.22257720979765708,98.64832605990249
23,N2_mirrored_support,5Cam,medical_trolley,P2,Prop_02_medical_trolley,operator_peripheral_equipment,0.0,1.0,0.0,0,919,0,1.0,1.0,0.9793253536452666,0.750816104461371,80.93880174075014
23,N2_mirrored_support,5Cam,doctor_anesthesia,P2,Prop_03_doctor_anesthesia,head_anesthesia_corner,0.21347248576850095,0.20388349514563106,0.21148320219136882,1,1054,1442,0.9810246679316889,0.9810246679316889,0.9449715370018975,0.7599620493358634,95.09871312900508
23,N2_mirrored_support,5Cam,anesthesia_machine,P2,Prop_04_anesthesia_machine,head_anesthesia_corner,0.007311129163281885,0.5,0.009105625252934034,0,1231,2,0.9991876523151909,0.9991876523151909,0.9293257514216084,0.487408610885459,82.75217374715027
23,N2_mirrored_support,5Cam,radiation_shield,P1,Prop_05_radiation_shield,operator_lane,0.23644251626898047,0.8821138211382114,0.276991863444522,1,922,246,0.9815618221258134,0.9815618221258134,0.8991323210412148,0.613882863340564,89.77988484392002
23,N2_mirrored_support,5Cam,uhd_tv,P3,Prop_06_uhd_tv,screen_side,0.0,0.0,0.0,0,1584,2,1.0,1.0,0.9993686868686869,0.8977272727272727,101.63813741327093
23,N2_mirrored_support,5Cam,waste_bin,P3,Prop_07_waste_bin,waste_corner,0.0,1.0,0.0,0,324,0,0.9969135802469136,0.9969135802469136,0.9598765432098766,0.0,53.254416574822656
23,N2_mirrored_support,5Cam,doctor_ultrasound,P2,Prop_08_doctor_ultrasound,peripheral_support,0.0,1.0,0.0,0,967,0,0.9989658738366081,0.9989658738366081,0.09410548086866598,0.001034126163391934,99.53782788358711
23,N2_mirrored_support,5Cam,ultrasound,P2,Prop_09_ultrasound,peripheral_support,0.0,1.0,0.0,0,1021,0,0.267384916748286,0.267384916748286,0.021547502448579822,0.0,88.75960246636673
23,N2_mirrored_support,5Cam,ceiling_lamp,P3,Prop_10_ceiling_lamp,ceiling_over_table,0.0,1.0,0.0,0,302,0,1.0,1.0,1.0,1.0,99.04975413990361
27,N2_mirrored_support,5Cam,patient,P1,Prop_00_patient,table_patient,0.5349162011173184,0.6331658291457286,0.5520487049311226,1,716,597,0.755586592178771,0.755586592178771,0.5488826815642458,0.21787709497206703,103.33929088147833
27,N2_mirrored_support,5Cam,doctor_operator,P1,Prop_01_doctor_operator,operator_lane,0.06645898234683281,0.18892508143322476,0.07635848994503505,1,963,307,0.995846313603323,0.995846313603323,0.8234683281412254,0.34371754932502596,97.99794012497865
27,N2_mirrored_support,5Cam,medical_trolley,P2,Prop_02_medical_trolley,operator_peripheral_equipment,0.0,1.0,0.0,0,995,0,1.0,1.0,0.9869346733668342,0.6693467336683417,82.6495815157872
27,N2_mirrored_support,5Cam,doctor_anesthesia,P2,Prop_03_doctor_anesthesia,head_anesthesia_corner,0.07835455435847209,0.06751054852320675,0.07591573353577528,1,1021,1185,1.0,1.0,1.0,0.9657198824681684,94.4598533765886
27,N2_mirrored_support,5Cam,anesthesia_machine,P2,Prop_04_anesthesia_machine,head_anesthesia_corner,0.0,1.0,0.0,0,1146,0,0.9991273996509599,0.9991273996509599,0.9092495636998255,0.3542757417102967,81.49006231871593
27,N2_mirrored_support,5Cam,radiation_shield,P1,Prop_05_radiation_shield,operator_lane,0.19816272965879264,0.7595628415300546,0.2325367545229944,1,762,183,1.0,1.0,0.963254593175853,0.7401574803149606,89.44840441232925
27,N2_mirrored_support,5Cam,uhd_tv,P3,Prop_06_uhd_tv,screen_side,0.005681818181818182,0.2,0.007052186177715091,0,1584,5,1.0,1.0,0.9873737373737373,0.7664141414141414,94.20988235078644
27,N2_mirrored_support,5Cam,waste_bin,P3,Prop_07_waste_bin,waste_corner,0.0,1.0,0.0,0,234,0,1.0,1.0,0.9529914529914529,0.0,50.67775877027115
27,N2_mirrored_support,5Cam,doctor_ultrasound,P2,Prop_08_doctor_ultrasound,peripheral_support,0.0,1.0,0.0,0,975,0,1.0,1.0,0.0071794871794871795,0.0,96.14714457025379
27,N2_mirrored_support,5Cam,ultrasound,P2,Prop_09_ultrasound,peripheral_support,0.0,1.0,0.0,0,930,0,0.3311827956989247,0.3311827956989247,0.007526881720430108,0.0,87.9609054471284
27,N2_mirrored_support,5Cam,ceiling_lamp,P3,Prop_10_ceiling_lamp,ceiling_over_table,0.0,1.0,0.0,0,334,0,1.0,1.0,1.0,0.9910179640718563,99.06945006418773
31,N2_mirrored_support,5Cam,patient,P1,Prop_00_patient,table_patient,0.5314207650273224,0.6486042692939245,0.5513430228761337,1,732,609,0.7991803278688525,0.7991803278688525,0.5860655737704918,0.16256830601092895,92.80992486602746
31,N2_mirrored_support,5Cam,doctor_operator,P1,Prop_01_doctor_operator,operator_lane,0.20568070519098922,0.3596358118361153,0.22493939246025935,1,1021,659,0.9363369245837414,0.9363369245837414,0.683643486777669,0.2987267384916748,99.87920439420657
31,N2_mirrored_support,5Cam,medical_trolley,P2,Prop_02_medical_trolley,operator_peripheral_equipment,0.008637236084452975,1.0,0.010773282259995213,0,1042,1,1.0,1.0,0.9942418426103646,0.9040307101727447,76.83712231714902
31,N2_mirrored_support,5Cam,doctor_anesthesia,P2,Prop_03_doctor_anesthesia,head_anesthesia_corner,0.18981972428419935,0.16820440028388928,0.18506336292450978,1,943,1409,0.9872746553552492,0.9872746553552492,0.9639448568398727,0.8769883351007424,88.93563670501639
31,N2_mirrored_support,5Cam,anesthesia_machine,P2,Prop_04_anesthesia_machine,head_anesthesia_corner,0.0,1.0,0.0,0,1261,0,0.9992069785884219,0.9992069785884219,0.9524187153053132,0.4464710547184774,79.5990241157865
31,N2_mirrored_support,5Cam,radiation_shield,P1,Prop_05_radiation_shield,operator_lane,0.1702755905511811,0.8413461538461539,0.202594006295638,1,1016,208,0.9891732283464567,0.9891732283464567,0.9389763779527559,0.702755905511811,91.371788693172
31,N2_mirrored_support,5Cam,uhd_tv,P3,Prop_06_uhd_tv,screen_side,0.005681818181818182,1.0,0.007092198581560284,0,1584,1,1.0,1.0,0.8825757575757576,0.7449494949494949,98.10589641199172
31,N2_mirrored_support,5Cam,waste_bin,P3,Prop_07_waste_bin,waste_corner,0.0,1.0,0.0,0,317,0,1.0,1.0,0.9873817034700315,0.0,51.781859033336715
31,N2_mirrored_support,5Cam,doctor_ultrasound,P2,Prop_08_doctor_ultrasound,peripheral_support,0.0,1.0,0.0,0,910,0,0.9989010989010989,0.9989010989010989,0.002197802197802198,0.0,99.94731711780616
31,N2_mirrored_support,5Cam,ultrasound,P2,Prop_09_ultrasound,peripheral_support,0.0,1.0,0.0,0,1031,0,0.07371483996120272,0.07371483996120272,0.0,0.0,0.0
31,N2_mirrored_support,5Cam,ceiling_lamp,P3,Prop_10_ceiling_lamp,ceiling_over_table,0.036,1.0,0.0445986124876115,0,250,1,1.0,1.0,1.0,1.0,98.38459886468254
35,N2_mirrored_support,5Cam,patient,P1,Prop_00_patient,table_patient,0.5607734806629834,0.6688524590163935,0.5795016610365875,1,724,610,0.7886740331491713,0.7886740331491713,0.5953038674033149,0.2914364640883978,98.6869257730114
35,N2_mirrored_support,5Cam,doctor_operator,P1,Prop_01_doctor_operator,operator_lane,0.36223277909738716,0.6155419222903885,0.39471998335215097,1,842,489,0.9513064133016627,0.9513064133016627,0.6532066508313539,0.26247030878859856,93.46394990872874
35,N2_mirrored_support,5Cam,medical_trolley,P2,Prop_02_medical_trolley,operator_peripheral_equipment,0.0,1.0,0.0,0,912,0,1.0,1.0,0.9824561403508771,0.6381578947368421,82.6903515005278
35,N2_mirrored_support,5Cam,doctor_anesthesia,P2,Prop_03_doctor_anesthesia,head_anesthesia_corner,0.3401639344262295,0.28945645055664704,0.3286492646018064,1,976,1527,0.9733606557377049,0.9733606557377049,0.9211065573770492,0.6670081967213115,91.36900125486501
35,N2_mirrored_support,5Cam,anesthesia_machine,P2,Prop_04_anesthesia_machine,head_anesthesia_corner,0.0,1.0,0.0,0,1101,0,0.9981834695731153,0.9981834695731153,0.9582198001816531,0.4223433242506812,83.93802032902443
35,N2_mirrored_support,5Cam,radiation_shield,P1,Prop_05_radiation_shield,operator_lane,0.1708542713567839,0.8557213930348259,0.20341435587772874,1,995,201,0.9939698492462311,0.9939698492462311,0.9407035175879397,0.4733668341708543,92.78022372751593
35,N2_mirrored_support,5Cam,uhd_tv,P3,Prop_06_uhd_tv,screen_side,0.00946969696969697,0.5,0.011781338360037702,0,1584,4,1.0,1.0,1.0,0.9356060606060606,100.85794894106634
35,N2_mirrored_support,5Cam,waste_bin,P3,Prop_07_waste_bin,waste_corner,0.0,1.0,0.0,0,251,0,1.0,1.0,0.9641434262948207,0.0,53.281730066341765
35,N2_mirrored_support,5Cam,doctor_ultrasound,P2,Prop_08_doctor_ultrasound,peripheral_support,0.0,1.0,0.0,0,863,0,1.0,1.0,0.07300115874855156,0.002317497103128621,104.9489782101452
35,N2_mirrored_support,5Cam,ultrasound,P2,Prop_09_ultrasound,peripheral_support,0.0,1.0,0.0,0,1013,0,0.01085883514313919,0.01085883514313919,0.0,0.0,0.0
35,N2_mirrored_support,5Cam,ceiling_lamp,P3,Prop_10_ceiling_lamp,ceiling_over_table,0.0782312925170068,1.0,0.09591326105087573,1,294,2,1.0,1.0,1.0,1.0,99.55457340571623
39,N2_mirrored_support,5Cam,patient,P1,Prop_00_patient,table_patient,0.5348525469168901,0.6964618249534451,0.5608823412231569,1,746,537,0.7788203753351206,0.7788203753351206,0.4785522788203753,0.1581769436997319,100.02738650533973
39,N2_mirrored_support,5Cam,doctor_operator,P1,Prop_01_doctor_operator,operator_lane,0.1487279843444227,0.2517482517482518,0.16198550655993935,1,1022,572,0.9422700587084148,0.9422700587084148,0.6927592954990215,0.26320939334637966,95.05218545048058
39,N2_mirrored_support,5Cam,medical_trolley,P2,Prop_02_medical_trolley,operator_peripheral_equipment,0.0,1.0,0.0,0,949,0,1.0,1.0,0.9578503688092729,0.5553213909378293,85.729105674577
39,N2_mirrored_support,5Cam,doctor_anesthesia,P2,Prop_03_doctor_anesthesia,head_anesthesia_corner,0.3301775147928994,0.3116548615582743,0.32629891547824846,1,845,1553,0.9526627218934911,0.9526627218934911,0.9313609467455621,0.8414201183431953,93.15231790380824
39,N2_mirrored_support,5Cam,anesthesia_machine,P2,Prop_04_anesthesia_machine,head_anesthesia_corner,0.00375234521575985,1.0,0.004686035613870666,0,1066,1,0.99906191369606,0.99906191369606,0.8395872420262664,0.2626641651031895,87.37354822772114
39,N2_mirrored_support,5Cam,radiation_shield,P1,Prop_05_radiation_shield,operator_lane,0.21064060803474485,0.5710382513661202,0.2410697298325723,1,921,366,0.9771986970684039,0.9771986970684039,0.9142236699239956,0.6840390879478827,90.05232556343505
39,N2_mirrored_support,5Cam,uhd_tv,P3,Prop_06_uhd_tv,screen_side,0.0,0.0,0.0,0,1584,5,1.0,1.0,0.9154040404040404,0.7544191919191919,94.12236020741692
39,N2_mirrored_support,5Cam,waste_bin,P3,Prop_07_waste_bin,waste_corner,0.0,1.0,0.0,0,299,0,1.0,1.0,0.979933110367893,0.0,50.875865704032854
39,N2_mirrored_support,5Cam,doctor_ultrasound,P2,Prop_08_doctor_ultrasound,peripheral_support,0.0,1.0,0.0,0,937,0,0.9402347918890075,0.9402347918890075,0.014941302027748132,0.0,93.93795887076094
39,N2_mirrored_support,5Cam,ultrasound,P2,Prop_09_ultrasound,peripheral_support,0.0,1.0,0.0,0,888,0,0.07432432432432433,0.07432432432432433,0.0,0.0,0.0
39,N2_mirrored_support,5Cam,ceiling_lamp,P3,Prop_10_ceiling_lamp,ceiling_over_table,0.0,1.0,0.0,0,331,0,1.0,1.0,1.0,0.9969788519637462,98.89046508609047
